face,kblocks,buildings,kblock_area_m2,face_area_m2
0,84,451.0,752972.8244813482,519537.8482105659
1,14,153.0,223778.3171266808,154423.45090297362
2,2,0.0,401.7924991365824,277.9316593890693
3,105,634.0,1094034.646129617,754888.3340077276
4,4,80.0,52093.622983245485,35942.88867541156
5,3076,35902.0,613973666.1197569,714700245.1123775
6,3,51.0,39175.85164633636,27068.345783774923
7,1,0.0,34434.35303868931,23821.36098949453
8,66,511.0,6770394.695970138,4797685.512084578
9,11,10.0,79149.76032266376,74611.05034708457
10,419,4966.0,46796593.69182435,33018729.625911243
11,9,0.0,117165.76523348026,79982.22278859334
12,327,4313.0,35593234.65935382,25310081.9718126
13,1,0.0,11442.283949939278,7689.413055558025
14,125,922.0,1226397.467370539,846658.7522179589
15,11,0.0,61352.64716474417,42418.01896828895
16,35,650.0,784463.6255490838,541987.1117009391
17,144,2511.0,2889661.8038932136,1994416.1577208925
18,220,3081.0,3506456.882253219,2435856.802867783
19,54,593.0,879156.026419272,605514.141403288
20,55,1339.0,1215529.7134278906,838908.7661867753
21,22,522.0,519192.2250672814,358197.13825524587
22,6,6.0,38976.82082349705,26877.189002777024
23,1,0.0,656.731496833652,453.22394956207125
24,5,0.0,4741.491612079322,3259.6451409373053
25,1,0.0,3656.618848787233,2553.494110549418
26,1,0.0,265.89537966622896,183.51093243013065
27,5,0.0,6827.910325936591,4705.039871927976
28,1,0.0,783.7302266343125,635.9786999994183
29,4,0.0,4643.901727027471,3241.714588830005
30,11,91.0,92082.315988802,63562.179130862896
31,1,0.0,2154.375388929918,1704.7573468071853
32,1,0.0,4201.669705758516,2901.127662365034
33,1,0.0,4180.722942310987,2779.7147981037515
34,1,0.0,338.6289425078883,233.6075126517956
35,1,0.0,4406.696303090424,3040.0345343818426
36,22,293.0,451449.67906617903,311373.5799004121
37,1,0.0,3300.1921649917126,2706.034919565291
38,1,0.0,3439.318959537562,2324.4118739180026
39,1,0.0,845.0009991186733,582.7830489310146
40,12,505.0,579879.4877217661,399537.07291768177
41,1,0.0,2811.1933553191043,1974.8340224451763
42,125,944.0,3568138.640257917,2460204.255574352
43,2,0.0,14463.555876268318,9983.71895119345
44,82,1900.0,1913790.5827424212,1318828.8096986115
45,1,0.0,4441.455412812339,3065.8064381565973
46,4,191.0,126668.42241641688,87561.2873711317
47,2,0.0,1383.8391080617982,941.4957908188454
48,7,0.0,4092.701981614378,2823.422581020301
49,56,1187.0,1537755.9750910546,1098931.9961742875
50,1,0.0,562.8811958714305,388.5428245910252
51,1,0.0,7830.242517793989,5404.422861997141
52,1,0.0,8221.804715672239,5674.738042866746
53,5,0.0,3980.085801704418,2747.1463695577345
54,1,0.0,6770.1738952995165,4672.650865001021
55,1,0.0,140.31887996733647,96.84992577422244
56,5,0.0,6052.907559320417,4177.713231431212
57,260,6020.0,6315729.608372318,4357727.923312926
58,5,0.0,8005.462672726812,5520.02415966006
59,5,0.0,8646.742416999004,5965.891672730855
60,8,1.0,39383.4369061295,27209.43903797229
61,1,0.0,789.2476747412029,545.2239432893148
62,3,0.0,2858.861844313809,1977.906431147692
63,6,0.0,5253.508988069046,3623.805672940313
64,26,0.0,4736.476912644877,3269.8948312668717
65,28,0.0,12945.061697345544,8937.024345947257
66,14,2.0,23312.20589731616,16095.064360702068
67,6,5.0,68812.67205165573,47037.38751781375
68,1,0.0,10.903779017203668,7.528325126228137
69,1,0.0,479.3762215230911,321.5422787030982
70,2,0.0,3375.309445210599,2330.414541770446
71,1,0.0,249.4148163536775,167.57759808323976
72,1,0.0,1.728640185393926,1.2024447147939783
73,1,0.0,327.31283315271213,215.2288582043748
74,1,0.0,2902.7776607839232,1978.0465745388249
75,1,0.0,51.68659022822776,35.385512064607546
76,23,7.0,57054.06116255505,41302.55690702575
77,17,0.0,22814.08778302114,15747.8699757217
78,51,92.0,340563.34147465136,235061.28423872092
79,1,0.0,4.992786097199622,3.446543902088388
80,1,0.0,4823.996804669617,3330.200934774868
81,55,24.0,86089.14039230953,59433.12244914055
82,26,0.0,3874.471667195725,2674.7952135928285
83,89,379.0,1100572.3433120148,759802.6072721631
84,1,0.0,6.725554231718588,4.64285830517016
85,1,0.0,4065.234899708992,2806.391367850787
86,1,0.0,873.5127899698831,603.0201691770089
87,1,0.0,5749.033297733015,3968.8027053345736
88,1,0.0,5280.454162101051,3645.317465670676
89,1,0.0,17.988787741361893,12.41702277775189
90,4,0.0,3939.021496623095,2729.530555869328
91,3,0.0,1461.124098831293,1008.6582630193068
92,6,9.0,41110.563814041,28380.0190710729
93,6,12.0,67304.2624506026,47053.61533333964
94,3,0.0,4065.719990493216,2823.655324969563
95,2,0.0,3862.849814717567,2666.2901113296666
96,35,254.0,266127.941189045,183668.0630886032
97,2,0.0,7916.901460449527,5509.553848949599
98,6,0.0,20338.90838187597,14038.818727310543
99,1,0.0,198.26866088006156,136.85227503080117
100,1,0.0,157.21477882692812,108.51610397300313
101,87,1129.0,800015.3031852257,552185.5978714402
102,116,1352.0,1799466.7615781436,1242020.4850899049
103,1,0.0,127.7135160854814,88.91527184756247
104,1,0.0,179.9471211409181,123.42520925952267
105,1,0.0,22199.023293530525,14608.270237897486
106,1,2.0,3699.167059123095,2549.184241653042
107,1,0.0,111.42097053346272,76.9002698759295
108,1,0.0,2273.543495699717,1569.1255743210208
109,109,1232.0,1537996.1582010444,1062176.4569685082
110,1,0.0,3613.597914215156,2493.9769007469936
111,3,1.0,12799.090589513047,8833.49437177393
112,1,0.0,25272.03471696252,17217.440070232118
113,1,0.0,45153.43614362726,31160.308460070803
114,1,0.0,3605.720781625802,2378.4872817243445
115,1,0.0,6604.258377386347,4557.562797548652
116,15,304.0,225078.2409456324,155332.01121008975
117,5,0.0,8184.1694704844,5652.2409560125625
118,35,211.0,290104.5334530696,200232.10993441485
119,6,0.0,53476.414164825816,36825.01961719389
120,3,0.0,2203.9855901361184,1521.2745803396222
121,1,0.0,2901.0107761518457,2002.3610500125544
122,1,0.0,6740.738954244458,4739.031693487324
123,1,0.0,71.56495716739863,53.25294512627955
124,1,0.0,5854.498098386645,4097.04216941391
125,1,0.0,303.8048493845779,82.78668963149413
126,1,0.0,6365.706391030537,4012.992960033737
127,1,0.0,12130.061189211923,8712.77150360924
128,1,0.0,4521.782997650969,3478.551701786899
129,1,0.0,152.4693237298318,105.75556516130466
130,1,0.0,5966.193628924051,3551.102881736216
131,1,0.0,14139.630252387611,9901.45648938667
132,1,0.0,6558.172380645039,5423.478066058487
133,900,9534.0,88907165.5263407,61766710.62109914
134,1,0.0,7732.570225739935,5675.389908683032
135,1,0.0,6190.690487945746,4143.378353255189
136,1,0.0,3476.124211403158,2371.280162775969
137,14,230.0,269384.85233727074,184755.0938950275
138,2,0.0,23511.12877267217,15876.64428683604
139,47,516.0,1406750.2710087216,970460.0102103072
140,2,0.0,80.13841562743433,53.85655372718945
141,6,0.0,1405.6112902851685,856.9541605698805
142,1,0.0,136.2467781699628,95.42094126340407
143,3,1.0,13880.831790413924,9908.663290014416
144,6,0.0,21252.899870142723,14544.27123029298
145,1,0.0,19.4616089323654,47.48754250061539
146,1,0.0,112.6548571805764,76.83485343379043
147,1,0.0,17.289292281251274,23.30535415499364
148,1,0.0,3925.933679060255,2622.9682228523566
149,1,0.0,204.3556769932811,137.46772015974884
150,1,0.0,1731.4909411493195,1158.6821368531216
151,1,0.0,1340.5936168110154,924.5882545035228
152,1,0.0,867.3652468778496,591.1751975151983
153,1,0.0,1323.4706536295946,912.7466941825752
154,1,0.0,3204.2399538007094,2230.27579775046
155,1,0.0,234.8923002460391,162.07626780504583
156,2,0.0,371.9990233793668,256.6809448114152
157,4,3.0,14700.790688420308,10143.689071651805
158,1,0.0,6841.810265328144,4721.041802427608
159,1,0.0,2477.995110356264,1709.842908107726
160,1,0.0,1817.2069361855383,1253.964462930751
161,1,0.0,235.63947493080548,162.57551251074648
162,1,0.0,2618.228623786047,1806.6661219941493
163,1,0.0,120.14840119632076,82.8932384952881
164,1,0.0,292.5020710812047,201.8450257493936
165,1,0.0,66.91713832569641,46.17186070282369
166,1,0.0,8.188601167448603,5.653005536446542
167,1,0.0,133.81501698814105,92.33548400480292
169,1,0.0,277.37954234314714,191.3942100394958
170,1,0.0,10.041268289387649,6.932481709603767
171,2,7.0,16146.325801870067,11141.204625344037
172,2,0.0,2389.781299204636,1649.114696423777
173,2,0.0,2029.6300074886412,1400.4802910543672
174,44,986.0,823808.2993936726,568542.1624926764
175,38,470.0,447879.5944106861,309040.13750459475
176,3,0.0,16045.570558029336,11817.474221938524
177,3,0.0,24385.271660970146,19633.89982524552
178,2,1.0,80878.55924419986,72213.13144971058
179,4,0.0,336.80344975297726,232.4018512003032
180,1,0.0,7110.907444759448,4906.47911473302
181,2,0.0,142.10577617880213,98.0561581799042
182,2,0.0,15797.542731322135,10900.411724297766
183,1,0.0,8387.419935199468,5787.44848279424
184,1,0.0,12537.280023551197,8651.187229193947
185,38,291.0,1364379.4217200696,995136.8739051973
186,1,0.0,10.745739303998182,7.414920354068277
187,1,0.0,12.60547644950466,8.698234527472158
188,1,0.0,368.1110690642258,254.0072031548893
189,2,0.0,45.95619898856164,31.71145740565418
190,6,0.0,33918.0689017158,24056.23131386988
191,1,0.0,16535.492681098833,11410.125210494833
192,2,0.0,9440.859369127304,7653.260894626302
193,1,0.0,13429.981434502191,9264.290877507492
194,1,0.0,13268.778887548311,9157.480956830726
195,1,0.0,10257.251240491269,7079.180581534061
196,1,0.0,19433.069566386035,13411.374438588491
197,105,2806.0,2332127.1365162767,1720480.5533412867
198,10,0.0,58009.908500339785,40286.01579795178
199,2,0.0,6693.344396618989,4617.853276427524
200,2,0.0,7541.444033440619,5202.926781742493
201,3,0.0,20824.60404851709,14482.168008512095
202,1,0.0,6970.744328427931,4809.081927974619
203,2,0.0,5828.697212468921,4134.958616921584
204,2,0.0,5504.987148554852,3927.451921979136
205,1,0.0,6467.449939645779,4461.8683102334335
206,1,0.0,220.43253918380225,152.04125896679784
207,1,0.0,5589.863477873257,3855.902988799284
208,2,0.0,255.1639943804736,176.07576341218024
209,1,0.0,179.58809973218678,123.89739777088538
210,1,0.0,4553.742858304558,3141.5984591261795
211,1,0.0,11280.536269115226,7782.587794361047
212,1,0.0,8886.106670667215,6130.73419424544
213,1,0.0,5504.690597712834,3797.1739558527656
214,255,6030.0,5088895.374060647,3633409.061044443
215,6,0.0,53623.158238824544,37002.48544920355
216,331,5578.0,2241507.9274090696,1546362.9503929657
217,1,0.0,3.8913713661880864,2.628130166126444
218,2,2.0,27232.61393299089,18788.969437302232
219,1,0.0,10084.440740888256,6957.123152111954
220,1,0.0,15142.520098427143,10447.320615806842
221,3,0.0,10588.581830080837,7254.1666397269455
222,2,0.0,6600.644882922821,4581.577970032769
223,13,295.0,165632.5048684995,114418.25094077078
224,30,746.0,528241.3254952093,364248.9183329061
225,2,0.0,2313.8659097781774,1596.3079520410483
226,3,51.0,50826.38425877309,35031.37176444492
227,9,2.0,607155.6435823257,419400.5754868342
228,1,0.0,417.05744575066296,287.7516520734376
229,72,767.0,847569.3495904783,584693.0467726615
230,1,0.0,760.0178980847859,524.3754229114513
231,36,462.0,358888.9560321998,247660.7264761663
232,153,1380.0,1644280.4303248902,1133769.264759062
233,2,0.0,94.43575185765516,65.18346672174408
234,2,1.0,267.29359129828345,184.49765110434325
235,8,0.0,6545.743533601173,4577.77014047652
236,24,196.0,208209.28708320804,143674.56466228527
237,76,1247.0,784170.3029565022,541302.055024565
238,6,0.0,3998.4444258515055,2772.3058541282417
239,80,1582.0,837285.2235459478,577887.1800503723
240,8,0.0,6398.347711603095,4383.677705601221
241,130,2345.0,1711853.603239962,1182508.178308427
242,236,5342.0,11575597.70570656,7991244.534655903
243,1,0.0,4129.284786346776,2771.232649460452
244,17,85.0,149350.252365439,103117.75269475245
245,1,0.0,9949.490748495173,6868.738645031486
246,220,132.0,422379.82808562304,291676.0320673791
247,1,0.0,264.91103492360423,182.88109493994
248,21,0.0,2585.048421044678,1784.6250572284036
249,1,0.0,268.1644962803774,185.140631330713
250,2,1.0,3280.2430579696183,2249.337773726727
251,2,0.0,7033.979816850963,4855.856329795658
252,184,729.0,2569712.7042647307,1808407.6511365853
253,1,0.0,925.6453899999664,639.7077026693862
254,2,0.0,1572.1181582692443,1085.2138243268826
255,1,0.0,597.2337231937847,412.2601534302386
256,1,0.0,8301.556883668474,5731.561493141051
257,1,0.0,11321.535061153229,7816.829454968859
258,1,0.0,306.80135191359017,228.87882654046965
259,33,58.0,193991.08755467823,133945.01070930262
260,1,0.0,6827.117595437663,4713.497580309962
261,1,0.0,39626.696743682005,27359.1026107606
262,2,0.0,16661.03385978695,11502.835014209506
263,1,0.0,5224.140123800228,3606.736470936596
264,1,0.0,5068.828206529929,3499.5156583985954
265,1,0.0,6818.368174935201,4707.454495514237
266,1,0.0,12220.717511343131,8437.523571543576
267,1,0.0,13763.228104708318,9082.146090596016
268,1,0.0,118.52153254478428,81.82788919892045
269,1,0.0,16.898950026527476,11.666389224039657
270,6,0.0,54758.684436871445,38166.337166556834
271,1,0.0,74.86150287769644,51.68149500780383
272,58,113.0,607078.1084980873,429554.1381311932
273,2,0.0,2270.805803127604,1567.8165485023048
274,2,0.0,5359.94988375065,3697.088323228405
275,2,0.0,3982.36082149546,2749.4294996807685
276,1,0.0,4652.057021024208,3211.782554291604
277,2,0.0,2201.588259690408,1788.9200664676089
278,3,0.0,5852.651099302325,4346.675827936149
279,1,0.0,876.2260423995699,604.9843662917193
280,1,0.0,171.44973115514236,112.24861844917211
281,1,0.0,15.177608574580413,10.479234275718738
282,1,0.0,9.316751913011604,6.43264015553915
283,1,0.0,10721.137822601688,7453.934319936322
284,1,0.0,15.69355928336124,10.835570075172775
285,1,0.0,368.9243686921095,252.70079027007895
286,1,0.0,4358.588429591328,3040.47823504641
287,1,0.0,16.916699067293933,11.976402746429743
288,6,0.0,113159.9893945233,78115.58537139627
289,1,0.0,19.451829208834862,34.97442978896457
290,1,0.0,12780.776682296477,8818.815554851093
291,2,0.0,4752.728255752039,3278.031161151699
292,1,0.0,9572.878920875915,6616.37363135945
293,21,2.0,42841.33428655661,29626.699045077105
294,234,6166.0,7635841.266017732,5308857.111314052
295,10,22.0,79086.84040121571,54492.47801170489
296,1,0.0,720.9401063813946,552.8843302503179
297,2,0.0,6491.581907895708,4501.979967978151
298,1,0.0,6094.213376096725,4265.588166642666
299,8,0.0,4581.945948139998,3233.511532311648
300,9,0.0,5001.5813466129175,3481.5289388244723
301,1,0.0,3318.5873281945383,2275.3256634584686
302,1,0.0,1652.3288399057185,1171.9407483934017
303,1,0.0,4816.71583797079,3325.6385712041747
304,408,11790.0,13767676.2183284,9508360.880281156
305,2,0.0,5739.698413502629,4066.151330772329
306,8,147.0,156608.46498274044,107965.27400123166
307,1,0.0,1784.624557744142,1282.7888033189113
308,14,0.0,9761.706150311687,6871.02224683653
309,1,0.0,3485.458405150076,2411.242431230148
310,9,0.0,3146.2917503121776,2144.5876560947054
311,1,0.0,924.8272521926352,647.0413858190724
312,1,0.0,565.5257900996904,386.7148459373815
313,1,0.0,3206.9128618606933,2205.892822676656
314,1,0.0,5631.42053194485,3877.601618411598
315,1,0.0,834.8069055247231,368.95214419159686
316,1,0.0,2982.472386094023,2046.940456864292
317,1,0.0,40.326958443096295,129.96763786178377
318,1,0.0,157.05878452657302,94.13525086361771
319,1,0.0,7682.327791474258,5298.991113007444
320,2,0.0,5887.42561829572,4064.443153916068
321,20,0.0,9666.051055480588,6667.838853135587
322,113,329.0,960029.153422612,705720.7974473726
323,2,0.0,240.82760671207484,166.22399567871565
324,2,0.0,681.5518587333916,893.9952721951838
325,3,0.0,2336.2787053471056,1612.565672311491
326,24,171.0,231918.85622509127,160119.3071387971
327,9,0.0,9278.766984542048,6390.310646785804
328,9,1.0,4003.00820243754,2763.355552785972
329,2,0.0,3247.328519222303,2136.996804555808
330,1,0.0,574.7893815219323,566.7886648809671
331,1,0.0,6920.869792740389,5090.415966721025
332,2,0.0,330.43858838021043,257.67826122775386
333,2,0.0,793.4756891877597,575.5314575152447
334,1,0.0,508.32748073931725,366.7526652149821
335,1,0.0,10125.976593499288,6868.728228789865
336,1,0.0,10085.988772178567,6943.348976157014
337,1,0.0,736.4738243342664,479.9732245674465
338,1,0.0,7796.4677303793,5379.034605920739
339,3,0.0,11456.810178698091,7904.473582660814
340,1,0.0,130.3272146945218,89.9210999058404
341,2,0.0,77.82593145762522,53.69687918226352
342,2,0.0,3110.8606489630665,2505.4168084051694
343,1,0.0,5840.177059391468,4029.442366798943
344,5,0.0,8164.139803255507,5632.448035363139
345,13,25.0,86344.41011789587,59569.1250184036
346,1,0.0,7594.965439447806,5239.96127302946
347,1,0.0,292.62437564957554,201.8965184810576
348,4,0.0,27947.350219708365,19279.4168178332
349,1,0.0,853.3438876587743,588.6411947803377
350,2,0.0,2918.5360003053984,2020.4966871200013
351,1,0.0,4914.815294333552,3389.8624436447635
352,2,0.0,6630.480516580856,4554.601455112656
353,2,0.0,379.6909885115269,261.94234106022793
354,1,0.0,373.8618156343253,258.54582533238585
355,4,0.0,56512.58109444924,38809.63105230069
356,1,0.0,78.13748715145357,53.89791734087011
357,3,0.0,57104.58148546549,39838.46580775397
359,4,0.0,20231.316719286027,13953.310897594276
360,127,3813.0,2229786.147330348,1537663.9504743386
361,74,2261.0,1778545.145744001,1230631.6451282324
362,2,0.0,7428.512497756523,5124.95468734198
363,1,0.0,12000.044769986624,8277.367813124562
364,1,0.0,9055.25682367423,6244.612513939746
365,4,0.0,17009.384010466732,11734.45647680345
366,1,0.0,3191.720628232996,2232.46693180882
367,2,0.0,9682.009735634352,6631.9140762762445
368,3,0.0,20126.10676818608,13885.265176144783
369,1,0.0,2283.36129837119,1575.0741007946208
370,3,0.0,18745.86027256538,12928.791599085684
371,3,0.0,42297.26591089605,29178.166357627146
372,1,0.0,15040.388777533431,10374.29290949913
373,3,1.0,15527.140212864151,10710.668467595684
374,89,3691.0,1552529.371649117,1070963.4662524834
375,36,1605.0,872410.4417260481,601557.9692849348
376,10,0.0,29328.4347292191,20226.74895576449
377,11,0.0,14159.721739172546,9765.94233912955
378,162,4822.0,1748279.938355978,1205398.144348935
379,2,0.0,18233.083133055967,12577.620712666
380,1,0.0,15642.245564926732,10788.072741925323
381,1,0.0,42645.42309112782,29411.62909423625
382,1,0.0,6663.050267124513,4595.426225757993
383,6,0.0,12581.33716869199,8425.393124697344
384,8,56.0,550983.7501494121,440967.0755162063
385,33,1250.0,675323.1807280403,465733.3048023697
386,4,0.0,17379.60340455352,11985.051769748305
387,58,683.0,2242470.2479309905,1653953.6294103677
388,1,0.0,16142.24360470732,11131.699240106833
389,70,7210.0,1331339.071586657,917910.5553697082
390,1,0.0,15094.573682315906,10408.961604804628
391,1,0.0,13393.95369028731,9236.178679092003
392,2,0.0,19756.94659726692,13623.669613477665
393,84,949.0,1690247.143210679,1163385.7358046728
394,1,0.0,32792.53813759146,22611.863282395105
395,1,0.0,21692.425578822425,14958.810995133346
396,2,0.0,4795.37854753389,3305.296996577387
397,1,0.0,29537.66218090761,20367.06432951928
398,2,0.0,614.5874781960847,423.78380384906944
399,2,0.0,4881.864647244198,3366.31283968666
400,1,0.0,19336.354310603136,13333.493036634422
401,1,0.0,31978.98694718932,22056.237041758133
402,83,96.0,289209.40202981344,199406.12490498772
403,367,3038.0,22474964.194734994,15496088.494259268
404,1,0.0,1395.2297765793246,960.8093501770146
405,1,0.0,2334.2574948562988,1604.0711920024714
406,3,0.0,7618.098960783652,5254.462817405533
407,2,11.0,19355.676057226345,13355.01213731476
408,12,0.0,8564.781007114427,5912.256700728329
409,1,0.0,1046.2620063843056,721.361821997841
410,54,1315.0,918162.51629272,633198.665382085
411,1,0.0,329.13121219901615,226.90118891001956
412,33,694.0,417181.4263879169,287505.79804310703
413,1,0.0,533.8903367425897,367.9865011754898
414,24,618.0,417438.1007703284,287833.66954571457
415,1,0.0,438.2098502275911,302.1226659227624
416,6,3.0,11109.107565312212,7232.735933508991
417,41,1662.0,2489540.360808675,1716326.0551317164
418,4,0.0,18600.30222107184,12819.988315937895
419,14,723.0,1597794.5351262153,1101528.8929452049
420,3,0.0,1935.6866716296688,1388.083626232927
421,3,0.0,8240.049634479386,5697.012879627988
422,4,0.0,85793.01925954776,59245.829965713536
423,3,0.0,24223.281034037405,16720.740628888318
424,1,0.0,16582.952407266144,11444.852780057783
425,2,0.0,34268.26726389007,23667.83170406441
426,2,0.0,54158.847954196266,37407.276973870525
427,3,0.0,1629.5455428914377,1125.54670877395
428,4,0.0,1664.5623762534128,1149.732926775594
429,2,0.0,15462.45061496466,10680.123476629406
430,1,0.0,124.12364755310344,85.73081261277483
431,7,7.0,20387.72326516307,14178.276038905164
432,62,31.0,374515.0982630063,464761.7784437542
433,8,0.0,49723.81171475307,34349.81771618455
434,1,0.0,16822.174058298282,11622.777533941948
435,2,0.0,284.6304519731037,196.6594516550864
436,1,0.0,6461.558910202508,4464.454415517134
437,3,0.0,491.6311848627618,339.68323742921933
438,2,0.0,341.7214678535934,236.10359294219765
439,8,0.0,63326.4237585985,43781.27107501488
440,3,0.0,39909.27201164346,27565.39963019867
441,2,0.0,16694.480183963762,11534.928517452168
442,1,0.0,16205.296517673009,11196.922890997344
443,1,0.0,14323.823631465022,9896.573912162545
444,4,0.0,70751.85081110103,48879.18566946561
445,2,0.0,8684.576387738149,6000.3417582434895
446,1,0.0,35245.23155829695,24351.47723702304
447,78,2207.0,2601550.2896739906,1797147.701518235
448,1,0.0,925.3805000467812,638.8147019900684
449,13,0.0,3426.223113627369,3162.1266208564457
450,50,590.0,643603.3463596788,442660.8392654425
451,1,0.0,227.3429083345301,156.8135398770285
452,2,0.0,972.6126516053532,670.8758046283789
453,1,0.0,7149.174883487611,4932.845306471576
454,1,0.0,3360.362739073942,2318.771481116657
455,1,0.0,13602.075815604365,9413.642777498504
456,2,0.0,12341.905741070286,8513.735604561201
457,2,0.0,1739.7115542511733,1120.1113546496497
458,42,1189.0,1156470.3520042708,797282.8927954905
459,3,0.0,9615.771952875668,6176.483234288165
460,1,0.0,144.73575128473692,99.83292853451084
461,4,0.0,6774.918725296803,4991.322715201915
462,6,0.0,14276.19840908784,9844.551637595272
463,12,0.0,13590.744101121498,9384.99404066178
464,1,0.0,857.4746679659756,591.9336895703445
465,3,0.0,2789.704864025344,1925.789649306684
466,4,0.0,3915.987483101047,2703.3244130046005
467,1,0.0,255.84622680166456,176.61922047436215
468,77,2259.0,1361388.4640603436,938600.2966223784
469,2,0.0,12501.967446358414,8621.451076841404
470,1,0.0,11525.281849318557,7995.275690059312
471,8,0.0,50406.1643845157,34753.0560730505
472,5,0.0,14580.278792806515,10053.345508298977
473,1,0.0,12985.145140619134,8954.085335677955
474,106,2362.0,2056727.1226781392,1418585.1141739246
475,40,397.0,514499.68881791295,354492.6411940072
476,127,3113.0,1787549.2329003848,1232426.5873120443
477,1,0.0,961.50621514231,672.4695064228015
478,1,0.0,678.0158614464981,570.401405512195
479,1,0.0,135.49052580927133,161.6718059927918
480,1,0.0,1115.3796171618571,735.5316797637861
481,31,306.0,341330.4741623833,235492.2579840004
482,2,0.0,1364.154878840509,940.847288988744
483,5,0.0,4506.76505826185,3108.541814465003
484,2,0.0,151.36222291779066,104.39535389168913
485,2,0.0,4305.992511874406,2988.159312942116
486,1,0.0,740.8099122806498,517.0011912788963
487,5,27.0,52985.69766253666,36547.63534793075
488,5,0.0,1760.0103635704677,1215.7784906900092
489,18,108.0,173020.14768580787,119279.0951351132
490,20,164.0,240577.22262707035,165944.56810157647
491,5,0.0,53753.72957444018,37066.98011887216
492,5,0.0,34558.711831566936,23823.08563635519
493,2,0.0,25637.304738374507,17672.763318655565
494,1,0.0,252.83806266566276,174.2881876908679
495,2,0.0,1413.045305780635,974.0636027086456
496,5,0.0,106296.03562224325,73255.7201121458
497,3,0.0,33706.525094532895,23234.471765485338
498,1,0.0,19877.502873579448,13701.73079843884
499,1,0.0,1106.499792852772,762.7326134717742
500,2,0.0,643.6443286019298,445.5182327590013
501,1,0.0,1149.7465165599854,792.569729024281
502,1,0.0,561.5346189721864,387.0854167890568
503,1,0.0,771.8622756091191,532.0595768143131
504,101,3641.0,1688177.2076923768,1163300.816076479
505,3,0.0,99557.10356694518,68597.26535370796
506,2,0.0,20157.762999857667,13889.115479120375
507,2,0.0,20233.893701016517,13941.9526157925
508,2,0.0,6194.398308932516,4267.957801643855
509,1,1.0,42307.65046493261,29150.36934750037
510,1,0.0,82401.4613463774,56773.41245331801
511,2,0.0,47739.51784925045,32892.202020835466
512,1,0.0,4737.71090874294,3263.932870468921
513,2,0.0,1865.8632084543876,1285.5655127257037
514,2,0.0,238.4851284119989,164.31850074457748
515,1,0.0,10909.776470048662,7516.824032304051
516,2,0.0,17605.04134598305,12127.892623450964
517,2,0.0,476.8011736254857,328.8673126122824
518,1,0.0,435.8651396437051,300.497335121965
519,1,0.0,2.6058964870831147,1.6027317558613845
520,2,0.0,488.8244727202381,337.92376502155594
521,1,0.0,159.81330708423462,109.01527007814342
522,2,0.0,7147.6016553302015,4925.140978519387
523,1,0.0,17751.19837929433,12230.254755240234
524,1,0.0,52630.61735219866,36261.97853106935
525,3,0.0,103089.53938281316,71026.30196477409
526,2,0.0,21960.17749858796,15129.699435974071
527,1,0.0,10.113935385779628,6.969415511767536
528,1,0.0,68083.26058455763,46906.35531622791
529,2,0.0,6189.152667066495,4264.390865157606
530,2,0.0,1912.0878871711225,1317.4679116687948
531,2,0.0,61067.07449084611,42075.75294784245
532,1,0.0,38666.13011565656,26642.49616442992
533,4,0.0,73157.76402212043,50418.50395488968
534,3,0.0,49940.94760632994,34411.15067091458
535,1,0.0,38490.50277541924,26518.20838734275
536,3,0.0,413.7431929378212,285.10032745353374
537,159,8234.0,2627297.448199203,1810684.773402964
538,337,14239.0,14606908.108986678,10156407.931721749
539,1,0.0,4760.236493926841,3279.464316478786
540,65,7805.0,1623203.4996048084,1118027.013188704
541,1,0.0,220298.13246755555,151808.85926940636
542,1,0.0,5892.661600697307,4059.722625197821
543,77,4847.0,1247448.930399785,859271.5276949457
544,1,0.0,42.51889779827209,29.29209247879502
545,2,0.0,541.195660377449,372.86197660620905
546,1,0.0,106.71277553839214,73.517295982027
547,3,0.0,25508.46736474269,17570.900531358388
548,5,0.0,327420.2886046247,225503.76339092824
549,2,0.0,25823.623862043223,17786.42310523552
550,110,9359.0,3063084.532612245,2108952.8621717645
551,13,0.0,122470.72557172502,84340.5504099872
552,35,253.0,3460569.874838944,2380581.6495747794
553,3,0.0,84218.29879264643,58015.12844712246
554,2,0.0,22951.84642736116,15808.932512524434
555,3,0.0,13068.50665891764,8998.549298034315
556,1,0.0,12597.849041701891,8673.732613912314
557,220,10464.0,6751644.946938234,4680702.562565973
558,1,0.0,11370.437100975843,7828.939031143776
559,5,0.0,132734.2991523604,91346.98408663792
560,1,0.0,16583.944852313085,11297.56179080681
561,2,0.0,19039.095993810955,13081.021401543798
562,95,1040.0,7634611.950788603,5301004.682470787
563,1,0.0,19341.52238462497,13481.79012117858
564,16,686.0,6956549.910178501,4806259.907775799
565,2,0.0,1218.3934431092437,801.0348676734997
566,1,0.0,16361.379515542038,11323.542458318952
567,3,0.0,313.29382560541404,205.7732798715853
568,2,0.0,94282.38420380428,64931.1896192978
569,2,0.0,1296.2997117562384,801.5613244201243
570,49,98.0,5105256.797536627,3565476.702220184
571,3,0.0,129183.08105069972,89028.18935594677
572,151,2464.0,2474126.552396064,1714967.762422786
573,163,1623.0,4498764.738310071,3297703.377121088
574,2,0.0,27991.16052939215,19256.62678506785
575,2,0.0,23818.663223041018,16385.820415980987
576,9,0.0,168873.7659547893,116159.443329543
577,19,634.0,901588.0518969924,619830.1008851832
578,2,0.0,364.0309900715087,250.43336793813748
579,2,0.0,868.7543319322406,597.6504634526191
580,2,0.0,19906.94657758284,13694.890612030464
581,1,0.0,13452.863286295404,9251.10070269188
582,1,0.0,13433.735274673792,9237.195920907408
583,127,73.0,900872.3232819466,619402.8870717144
584,2,0.0,1206.871634695471,829.8782414625562
585,2,2.0,19290.13539573432,13264.628175540049
586,1,0.0,495.3960683719336,340.6282298147529
587,1,0.0,1293.4711139180404,889.471994252747
588,13,0.0,16387.872119823005,11300.199714381675
589,2,0.0,9017.94949985582,6225.448567448695
590,4,0.0,19245.485328106643,13285.143702154126
591,2,0.0,10617.417708872015,7329.396945073201
592,2,0.0,443.5530452072312,307.3651889062993
593,1,0.0,527.9683588540885,364.6484239273078
594,1,0.0,12057.608011651537,8320.631368283115
595,1,0.0,680.9389096311918,473.5508109477242
596,1,0.0,17125.833694403293,11809.934873709815
597,2,0.0,12277.483647509174,8474.862077899437
598,9,454.0,281121.7869580524,194112.64079653303
599,244,3020.0,3043606.2646968714,2110705.728367528
600,1,0.0,21425.75341610448,14789.607697725292
601,19,0.0,53026.47023112104,36591.84298958602
602,235,4760.0,6573872.437034845,4536567.696922044
603,2,0.0,40272.89619263437,27783.48545830012
604,18,884.0,360579.6534582344,248903.17572908007
605,1,0.0,13107.150273287913,9034.313099235787
606,58,543.0,1971400.509910762,1386350.472284527
607,1,0.0,80.27952604273194,55.08878935701497
608,180,5373.0,3579536.642880222,2465566.819387158
609,2,0.0,13326.08960461124,9185.368107354669
610,33,733.0,482975.5996947069,331750.1162980711
611,1,0.0,996.1407508717264,687.3443763527687
612,1,0.0,1059.4859682809924,730.2961891975203
613,1,0.0,1217.9018957958365,839.5004675344109
614,6,20.0,629320.0876545782,433316.59084151074
615,2,0.0,2831.767385156296,1953.8363994887516
616,79,234.0,802063.9884959467,553884.1625942342
617,2,0.0,471.6830819822327,325.44747775029583
618,135,1060.0,1312106.463152667,909485.3332070432
619,1,0.0,435.4160890521126,300.4261205848539
620,1,0.0,400.87444341520086,276.58168292018365
621,1,0.0,747.0908973251444,508.9341415177967
622,2,0.0,11375.207612606624,7844.918405470044
623,2509,16531.0,140791102.24593812,98720661.13683476
624,3,0.0,28210.93762199091,19411.49523939606
625,49,677.0,1034590.9426120584,713902.9500389665
626,43,372.0,921471.886057332,635769.8263393026
627,5,0.0,1579.949971587805,1090.019794684728
628,1,0.0,2069.5660939905533,1429.1091798613893
629,1,0.0,3670.350332476573,2654.024159661276
630,16,289.0,248515.79808422504,171564.70195387208
631,33,105.0,137644.88633042134,95028.01929860256
632,3,0.0,5784.724246256188,3992.628171777955
633,32,307.0,359759.6356999152,257272.038582358
634,28,358.0,584422.2015501,403927.1379712258
635,3,0.0,1075.1997821040643,742.801776238095
636,1,0.0,862.3551252008967,595.3210000636074
637,2,0.0,9223.450617794648,6369.221567191554
638,30,295.0,330677.2493709236,228246.3943603874
639,50,556.0,650772.7249100024,449184.1156804388
640,2,0.0,15660.97716929001,10819.70939251917
641,43,1217.0,2471321.764885075,1707744.7874742746
642,1,0.0,8800.940168978985,6079.567367856789
643,160,204.0,871252.655949768,601861.686033726
644,1,0.0,392.50623273528,277.1360760084315
645,1,0.0,452.57586682061697,312.6200937331795
646,1,0.0,8426.769759386714,5821.370317161528
647,3,0.0,320.0155243579036,220.89609753853577
648,2,0.0,789.4274366027894,545.4262557320036
649,1,0.0,14214.244588406733,9823.015002171574
650,4,0.0,19419.970198807063,13411.269309810152
651,35,1039.0,702176.4709009539,484938.61829806265
652,3,0.0,216.4372114387457,149.55033429959605
653,2,0.0,5791.403685211589,3999.252703469717
654,1,0.0,10550.626052554888,7288.57717418695
655,138,1543.0,2721664.2091661403,1926723.2080039785
656,1,0.0,17536.341608717183,12117.632048513497
657,24,580.0,644299.8998567866,445012.4695099828
658,1,0.0,11643.276029752582,8044.393415059506
659,75,1105.0,969154.4494938416,669508.1722434503
660,1,0.0,6862.066628302087,4821.849047127944
661,2,0.0,45082.12742616428,31145.985237024997
662,7,43.0,120517.24647495845,83418.68714328561
663,2,0.0,35409.6039731359,24364.94829868645
664,17,305.0,375836.7789775136,259757.1164678307
665,85,690.0,903744.2989840398,624384.1939098889
666,1,0.0,946.2349250763818,652.9109256623153
667,1,0.0,4657.484964733771,3213.7321733991853
668,14,154.0,256594.30123273667,177101.34987551544
669,1,0.0,135.6505184362312,93.5801042869008
670,2,0.0,1789.634616833927,1228.8313999898185
671,19,267.0,141317.92717506815,97442.7249442522
672,1,0.0,28646.670167226097,19732.63933910287
673,11,486.0,306073.3223351701,211042.9075876049
674,1,0.0,8309.978364148594,5724.461132147609
675,1,1.0,46922.6756155504,32329.34707844931
676,1,0.0,12840.846459256823,8846.35819107446
677,39,198.0,792860.1302730154,547002.8466646496
678,1,0.0,991.4273014794448,683.3811736221145
679,1,0.0,11263.193759572534,7763.86722585244
680,2,0.0,507.6765916817215,349.93635397477647
681,3,0.0,15735.157585032704,10845.734743154446
682,1,0.0,820.8665627030209,565.8149849559245
683,2,0.0,14579.46146872593,10049.058974961234
684,4,0.0,53280.39516120196,36719.51810380995
685,1,0.0,11927.951486272028,8216.749783882377
686,1,0.0,2330.4021674429955,1605.4159442261637
687,1,0.0,1369.9734854542985,943.7853199803986
688,36,459.0,2426809.6156799006,1677795.702986461
689,1,0.0,5804.3587810928975,3985.778420556957
690,9,410.0,424704.86414146976,293452.1925184916
691,1,0.0,20808.535435268423,14362.858590887585
692,35,1571.0,850335.01722944,586993.247732413
693,167,5263.0,2710343.8124698168,1870337.1191825315
694,1,10.0,9373.335526866944,6134.3350322429815
695,1,0.0,1473.8979223517108,983.5025975688254
696,1,0.0,314.046415394573,279.73789210232513
697,2,0.0,114.51213034704767,73.92986188898266
698,1,0.0,6674.396081077055,4600.562679891481
699,1,0.0,6096.505746228839,4202.266927420968
700,4,0.0,14583.66752608036,10068.029481578094
701,74,588.0,653630.3729430696,450516.5159261839
702,2,0.0,406.73558018574977,258.8232707920442
703,1,0.0,198.77373048095225,137.02981504099014
704,55,1092.0,752695.3335560675,518843.5396849554
705,62,1802.0,1047488.1718914402,721523.3173379854
706,83,2334.0,1157835.1703258697,797021.1366950292
707,1,0.0,285.4034904837425,198.85348185410592
708,7,149.0,408547.3371213106,281325.14004283526
709,142,2370.0,1953206.3610285444,1344693.6873464566
710,38,731.0,660604.1828444775,454708.5738681577
711,3,0.0,19807.16158379206,13702.85997021766
712,2,0.0,582.6110422084327,381.8632817176829
713,1,0.0,1248.3604712886008,854.0705594573424
714,2,0.0,25868.025279076897,17889.993188038876
715,1,0.0,15425.015783662167,10668.052241377303
716,1,0.0,13622.75358991669,9425.362927347524
717,1,0.0,1481.0292631884083,995.4990862182746
718,1,0.0,23444.215054744105,16275.092803258178
719,4,144.0,268635.6806412243,185372.95676023635
720,2,0.0,40093.39945571977,27691.724966536352
721,143,2563.0,4595100.784519252,3323303.5393554163
722,1,0.0,1558.0322725739632,1076.323486682039
723,3,0.0,4266.646943392496,3068.279860610149
724,7,3.0,22014.342247414977,15195.997886490222
725,27,680.0,547277.8554078963,378019.42983296525
726,4,0.0,9743.931393835184,6731.363505059016
727,2,0.0,3028.587467134647,2092.2415537029897
728,2,0.0,11735.999722365495,8107.516881412327
729,2,0.0,8052.889885508741,5565.208502576273
730,2,0.0,15125.770673395848,10445.519141205688
731,1,0.0,42660.737739624645,29480.286804812626
732,11,645.0,460753.4604426415,318450.4996742555
733,14,928.0,936963.4273082584,647352.5618482305
734,1,0.0,18436.19294056412,12738.827585630272
735,2,0.0,492.93707233632574,340.52902855922827
736,1,0.0,13416.763276621325,9359.47842411224
737,3,0.0,12183.373689331336,8413.269906570784
738,1,0.0,12054.929526876473,8312.506960806364
739,12,1100.0,838015.2336679472,579301.1957132799
740,6,0.0,39255.20999995851,27135.28879260301
741,3,0.0,32087.50210287593,22174.276777310704
742,6,0.0,98052.66896487832,67747.00056239328
743,32,1376.0,1975295.919774212,1373097.6266694623
744,5,0.0,2628.9292296320064,1816.7475881556768
745,2,0.0,1226.577594793011,847.4109405754735
746,8,3.0,93618.90899315097,64690.59802572197
747,3,0.0,75366.40541037974,52077.00356433352
748,6,0.0,37702.03068259094,26093.200321538432
749,1,0.0,44551.38393755876,30789.5324267068
750,30,1788.0,1315735.7502715664,909090.9218481996
751,5,1.0,70797.22516842125,48958.35214615835
752,157,3981.0,3511871.6786761754,2428281.48167777
753,1,0.0,8726.052536018053,6033.66654655864
754,4,2.0,71153.66234786187,49196.955003925
755,1,1.0,11463.311937705372,7926.164798274641
756,62,2144.0,1587180.3982237298,1097783.176149879
757,2,0.0,18789.851218284875,12988.12666485834
758,1,0.0,2634.411449994084,1821.055123003234
759,1,0.0,6391.725953836327,4418.240887670399
760,1,0.0,44702.84730588789,30866.48511760063
761,1,0.0,19967.961474889235,13800.77643158529
762,54,2610.0,2051624.4122599773,1417226.5817099544
763,3,0.0,28378.71390724539,19976.145031287542
764,1,0.0,43505.84740259229,30034.32220089068
765,43,1255.0,866543.7703075719,599178.5212291635
766,1,4.0,21440.98632400797,14823.02193402615
767,1,0.0,6292.29514415516,4349.669491963013
768,1,0.0,16800.960474811767,11614.68521372994
769,21,1619.0,1053127.0400326734,728209.2526441051
770,1,0.0,10042.127453639809,6943.580780625311
771,1,0.0,7111.3582381981605,4917.234134407385
772,583,11826.0,60487417.65327652,42343376.48241255
773,1,0.0,36761.1802664471,25428.230248809254
774,5,0.0,180364.8693521286,124707.77161536532
775,1,0.0,33439.87055136566,23133.06653136117
776,58,316.0,3734273.534982039,2654223.095609589
777,6,0.0,39373.86886406983,27245.314453766503
778,5,0.0,237323.8222895604,163962.84882059068
779,1,0.0,3663.087458466258,2535.89023469004
780,352,1858.0,93909927.0348397,65672688.4048383
781,1,0.0,6157.847874589899,4262.103820305615
782,1,0.0,537.8640748074849,371.9026583118624
783,1,0.0,737.1919227916135,509.7351761914519
784,1,0.0,7066.180882810741,4890.112366280103
785,1,0.0,2806.8298392198712,1940.998240083256
786,1,0.0,32718.702894201007,22630.210179279937
787,183,4801.0,9512741.32061886,6739970.891226146
788,3,0.0,43998.84995746423,30376.392107803666
789,1,0.0,42550.038324517736,29466.44709947396
790,2,0.0,12339.992358398566,8531.2538309134
791,143,2140.0,1888327.5371558447,1305525.113466048
792,19,995.0,948858.8688964876,662473.3069189942
793,2,0.0,382.21898765032,264.20904512556183
794,6,0.0,27039.181685504536,18680.694285684225
795,17,971.0,768132.7036521453,530671.9278976119
796,4,0.0,583.564978283455,403.2040486086074
797,4,0.0,17172.957745080996,11918.116450380858
798,4,0.0,17373.693304529235,12003.103446880345
799,27,1250.0,763160.8140701291,527261.7628877782
800,9,0.0,25761.88810929514,17796.006351047174
801,22,303.0,885929.0712837637,611923.0236452081
802,1,0.0,671.0899908606102,463.4902872563435
803,1,0.0,1273.2174727017991,879.5583215226629
804,6,0.0,17749.08716138723,12259.750578193769
805,4,0.0,19689.970683719806,13601.668351656084
806,161,701.0,2119514.038480332,1464014.012724902
807,2,0.0,2280.257943234528,1575.2173212286166
808,2,0.0,334.07582750355755,230.7839522343171
809,5,0.0,36407.85189830707,25147.02482865965
810,2,0.0,20283.18787987168,14003.972793949508
811,24,174.0,416339.22091085406,287459.2003419761
812,110,3020.0,2222647.3187235096,1534249.842928206
813,1,0.0,315.6810630412725,217.96464432033332
814,3,0.0,3293.6945200016166,2274.2270290811475
815,1,0.0,23358.689529190746,16129.885437092837
816,4,2.0,57563.47742366803,42116.602299657294
817,13,172.0,587473.2609826932,405658.2279995213
818,34,79.0,875602.244536757,607072.3377604876
819,4,0.0,30989.89222819793,21393.897151204397
820,330,9981.0,11511692.558328131,7940150.378644072
821,1,0.0,30731.12851870209,21216.325651709045
822,11,1.0,113526.82342010482,78340.23245757904
823,2,0.0,456.2114223955312,314.9538936393602
824,3,0.0,2690.854529297228,1857.689786307517
825,2,0.0,22152.41453825052,15293.856952550816
826,2,0.0,2736.9795675157507,1889.5173010909489
827,14,0.0,34275.44063785259,23661.75588895443
828,2,0.0,70182.3874247588,48393.35197193576
829,2,0.0,28959.34351163279,19973.149289290493
830,1,0.0,409.39404366229456,282.3728823184025
831,2,0.0,2062.626001769641,1422.6548657024643
832,3,1.0,34559.22492817177,23837.327760296
833,1,0.0,33286.818661199744,22959.1644632458
834,1,0.0,2106.088473520178,1452.6295127205494
835,1,0.0,36146.59324840303,24929.959702338187
836,304,11492.0,8117369.038545608,5601084.774648867
837,185,8115.0,3368805.193259298,2322929.65356308
838,2,0.0,33738.78087657874,23256.87399691216
839,2,0.0,288.66181558939763,198.986408880828
840,3,0.0,2161.377064098213,1489.9290217369298
841,2,0.0,28351.84366484246,19544.682492884436
842,66,3541.0,1109359.3672704853,764942.9709419253
843,1,1.0,33326.38284424655,22973.76086373089
844,2,0.0,2439.363403058868,1681.5482426914848
845,1,0.0,28329.64746331635,19528.18904040208
846,1,0.0,11377.248289478512,7840.790990761033
847,1,0.0,4105.599648484264,2829.6076581307225
848,1,0.0,12518.99693471903,8627.858071122748
849,1,2.0,83541.37782494287,57573.23156219314
850,3,0.0,8057.95650887941,5541.258958859123
851,49,565.0,1856435.348270572,1280600.5464226706
852,26,1141.0,1062821.8635989,732387.3648608739
853,1,0.0,43936.27857071753,30272.858657529338
854,9,608.0,3401368.272938376,2343868.0016978458
855,1,0.0,1388.854764665091,956.8129936312788
856,1,0.0,533.5326114306262,367.7392134615327
857,3,0.0,23367.09700609373,16097.09516531681
858,2,0.0,26788.35219723415,18454.45755388441
859,1,0.0,147.86778717800684,101.86778474115278
860,2,0.0,3995.2654018889066,2752.3632020891173
861,3,0.0,159.2096404955402,109.6813942883244
862,2,0.0,2519.133585130646,1735.4544800645183
863,7,0.0,26546.007685382647,18287.012290257077
864,2,0.0,25073.710882370964,19226.623608478643
865,3,0.0,25646.21348158378,17666.349824374993
866,2,0.0,351.90832544858125,242.4337341187273
867,1,0.0,936.4721883512942,645.1334296291591
868,1,0.0,488.504276375586,336.533546785548
869,56,1148.0,1091934.4709060837,753210.5687860451
870,9,136.0,335335.3196215032,230976.26612908684
871,1,0.0,326.0495925001042,224.54843914315688
872,3,295.0,293634.82014728524,202240.07448195372
873,1,0.0,14017.380157751451,9653.640825005945
874,3,426.0,418848.5010962093,288119.2817034426
875,4,45.0,118360.79256549494,80734.85155406802
876,1,0.0,14185.37026190328,9769.652842813644
877,2,0.0,14844.93770834856,10223.099567619593
878,2,0.0,23618.96249387552,16267.21038699996
879,1,0.0,1674.9140274907766,1153.4299447956887
880,1,0.0,20767.951342211025,14301.463161207714
881,1,0.0,1679.2575224183506,1156.4689126560768
882,78,2713.0,1927577.2745672967,1327232.13610623
883,1,0.0,163.3647287599342,112.5019037824069
884,1,0.0,437.80145891729904,301.47291149348774
885,4,0.0,30809.146005343948,21220.67173201628
886,1,0.0,36664.42123494063,25240.99791117172
887,1,0.0,23848.27224388864,16422.223251836876
888,34,1772.0,2679594.3646093626,1844994.315613923
889,16,562.0,523622.8732956791,360525.240580635
890,8,0.0,65288.81674435135,44936.2970100156
891,73,2614.0,4361934.088395703,3002501.7843228825
892,229,3611.0,3673516.793351061,2602210.157946395
893,7,0.0,34584.51090978763,23812.70127327267
894,2,0.0,262.8575021285968,181.01047606751888
895,1,0.0,162.96829425406742,112.22474518224534
896,1,0.0,3469.1681080667668,2389.032679616503
897,4,0.0,80570.29036980812,55204.622348620505
898,2,0.0,18121.621835316982,12477.928691217185
899,1,0.0,365.81617792511184,251.7161387214447
900,1,0.0,1257.8764722509536,883.7079140736305
901,1,0.0,16104.79340298077,11102.039462330908
902,2,0.0,22118.40589798417,15220.050191052223
903,1,0.0,1231.0964883599363,847.1131219874709
904,1,0.0,15435.376827536013,10621.58925489115
905,131,3490.0,4163619.0429046615,2909141.217420083
906,1,0.0,1046.8167118645126,673.7590250979756
907,363,8491.0,38788641.030836456,26689419.02953023
908,3,0.0,12724.423186997134,8791.910905260083
909,1,0.0,13099.213320168448,9005.165100761847
910,2,0.0,23187.118274565724,15950.02464193299
911,1,0.0,1993.5675079586576,1355.1109106664558
912,1,1.0,585.5374772012135,403.374359366274
913,1,0.0,582.0555770244619,400.9750553893548
914,1,0.0,9527.984717738176,6564.032120236597
915,1,0.0,594.4436996220472,409.5106266771159
916,5,0.0,11521.303246841502,7934.681517221554
917,66,1708.0,1068977.2962808544,736178.7669945075
918,60,1763.0,1886126.987952849,1299183.5791015793
919,3,0.0,17514.490014047475,12057.106676421956
920,5,8.0,90489.7024744294,62288.58012147831
921,1,0.0,24287.298858482565,16708.851446114742
922,43,1986.0,712274.3835951615,490015.8933336931
923,5,0.0,32362.453774909045,22322.961241240337
924,891,26993.0,29529494.57351601,25998974.734738115
925,3,0.0,24276.755263563864,16693.35793945133
926,263,7250.0,6419808.26088781,5452281.841304834
927,2,0.0,222.8939885386324,153.32859479880182
928,2,0.0,905.0798400161236,622.603764215317
929,1,0.0,18730.32955637569,12932.608871833398
930,13,3.0,61459.395861124925,42897.977487129545
931,171,3666.0,3692411.481997736,2627997.9790657875
932,1,0.0,10254.670988213247,7073.639803980853
933,1,0.0,705.1188526538583,486.4118366357149
935,10,10.0,43191.77774422504,29904.514555379137
936,29,845.0,701818.6855094049,485033.3641463354
937,93,53.0,413196.00829411135,285446.2420087191
938,12,70.0,173264.2249398645,119442.23797899604
939,1,0.0,222.5285431228504,154.83748111887604
940,26,215.0,238519.20573596924,164375.07381670515
941,2,0.0,1134.0540506911696,781.0698547692674
942,75,1062.0,898481.7788952655,619036.0234011805
943,1,0.0,842.8740617262401,580.3319366475586
944,237,7081.0,5078335.711470478,3810767.237852532
945,36,779.0,574428.4714599315,395454.6094745708
946,2,0.0,656.7478163652125,452.3292665707452
953,1,0.0,18950.1797099433,13030.973069417374
954,2,0.0,41042.55483876893,28219.32655779375
955,680,5507.0,550472201.8022851,458050474.2775021
956,2,0.0,1427.683457821165,979.9025428832452
957,20,646.0,512854.298599658,351827.50375823065
958,12,0.0,37589.86427476197,25675.358149036245
959,140,4884.0,3794314.24274608,2605585.170393696
960,6,0.0,8864.95540273669,6089.886724420421
961,104,1554.0,1573694.0950963567,1080886.4524319775
962,9,0.0,9540.21133818098,6545.776938018274
963,73,731.0,684401.27576617,470424.7884748208
964,4,0.0,2257.233642474293,1567.1810722979155
965,1,0.0,4257.914066665235,2639.138520260832
966,42,325.0,277156.2947390981,190561.8633669197
967,101,1268.0,2207020.0940989754,1521493.9374522748
968,439,3189.0,50592020.92222496,35945469.26885811
969,5,0.0,26872.55834438954,17076.599523483183
970,130,2188.0,3091958.947377345,2140301.8746054773
971,4,0.0,13156.81860504692,8838.32489626018
972,1,0.0,4252.908386971267,2923.640237497874
973,4,22.0,29168.35707386418,20122.106331420957
974,2,0.0,2340.047747744173,1614.8778874652994
975,83,2440.0,2059925.037638787,1414537.2911211655
976,2007,6503.0,155076279.7537831,108868237.54470046
977,286,2859.0,14701654.693965685,10382005.771008376
978,3,0.0,59997.346796179176,41538.17770179165
979,3,0.0,32204.307720892688,22296.785497562192
980,6,84.0,351109.41958719137,243080.51208962925
981,5,1.0,239496.76087799747,165778.69328605567
982,13,229.0,3629237.977632275,2542556.6354502467
983,1,0.0,14795.699999251852,10239.906984721792
984,2,0.0,38450.02743069141,26600.55057020945
985,185,386.0,22697787.883380465,16217463.077817366
986,870,6389.0,93444895.15812808,65350890.16747745
989,1,0.0,20761.984835441486,14376.313961124502
990,1,0.0,660.969041410792,457.8867190558954
991,1,0.0,1496.0896303650534,1029.0769821681447
992,5,0.0,59044.7621226085,40890.48565738012
993,1,0.0,7952.980246982642,5519.688764800601
994,5,0.0,90367.593224222,62606.52697175976
995,1,0.0,8140.025905309334,5636.045782065428
996,1,0.0,37856.06656994733,26211.05346163268
997,3,0.0,39985.38440071723,28090.048953757425
998,31,169.0,3567636.780336095,2601340.836853536
999,965,8050.0,63157494.16891481,54367640.82519643
1000,1,0.0,4900.891417147761,3394.1665950317984
1001,2,0.0,51529.98079993308,35708.2520152636
1002,1,0.0,15035.401091529213,10414.54349331047
1003,2,0.0,406.8997132956164,281.85698066852484
1004,2,0.0,951.5897810546372,659.1552272584468
1005,1,0.0,12433.74344211044,8612.015340016827
1006,1,0.0,13853.871902908511,9596.77721773473
1007,1,0.0,876.3704561724055,607.0607716469101
1008,1,0.0,16246.096070733473,11255.335947029016
1009,12,265.0,1347365.4615843596,953692.097978698
1010,2,0.0,61417.2797292284,43459.747753118776
1011,13,317.0,890796.9094942039,813333.9606703948
1012,17,34.0,587022.6740319129,403624.84174255945
1013,2,0.0,682.00811299987,468.7098412860311
1014,62,1625.0,1869273.6083630533,1284270.773460792
1015,2,0.0,33761.63831848371,23203.03928435149
1016,1,0.0,31970.749915131302,22021.920501034238
1017,1,0.0,811.975386988582,558.041866347766
1018,8,0.0,27238.57283040378,18715.648123516658
1019,108,2104.0,2269065.5293374453,1562398.9486210172
1020,9,0.0,29149.647699175097,20099.803618409445
1021,1,0.0,206.95097074908688,142.22534105853111
1022,2,0.0,3749.247297071968,2576.698886081163
1023,272,11046.0,4658104.998859684,3200403.374437257
1024,1,0.0,3809.348670779116,2619.967106492266
1026,6,0.0,3033.3111247299607,2082.057258573043
1027,93,2416.0,1364323.9612945293,964146.2467833412
1028,17,0.0,211614.26756939144,141325.01116616587
1029,118,872.0,90963886.59696773,63964297.57924687
1030,1,0.0,35679.141384897055,24670.356921803963
1031,1,0.0,5889.920231757793,4070.480069138511
1032,1,0.0,19195.17316879122,13272.784343958328
1033,1,0.0,32588.29026765477,22155.96386352529
1034,2,0.0,2731.727237559509,1881.2815741347167
1035,5,0.0,82370.40836951634,56695.25354300933
1036,1,0.0,17291.135659826778,11950.380625487114
1037,3,0.0,30577.001589340685,21133.33854548897
1038,1,0.0,42859.321617665984,29620.28824446945
1039,68,3553.0,2175641.0284216683,1503711.5806539888
1040,1,0.0,2072.550689250104,1432.385655840253
1041,1,0.0,61343.035999369466,40387.80808787535
1042,183,1312.0,4906655.500322487,3389417.992595785
1043,5,0.0,57681.13779138907,40188.918777932246
1044,85,1080.0,4009652.223065121,2764257.433548782
1045,2,0.0,50633.27592736827,33287.14188453414
1046,1,0.0,281.8927407591605,241.94858111033705
1047,387,3428.0,83867133.51200566,58107801.66810656
1048,1,0.0,18360.594615582275,12660.007194538588
1049,35,547.0,606016.1973944503,417735.0691771375
1050,111,4922.0,2472242.8661926603,1704497.6114602163
1051,1,0.0,381.9762029447009,252.9024813005888
1052,63,2771.0,49076273.32362696,33664761.27071945
1053,2,0.0,2338.173529577154,1606.4412515303068
1054,118,6743.0,55246700.02986941,38250294.819622576
1055,12,1390.0,2686095.8760112314,1852060.527065036
1056,1,0.0,707.9268689817833,484.6228376325821
1057,4,0.0,1617.783011741771,1114.750934559068
1058,51,938.0,1758451.8640821772,1213088.4925847228
1059,8,36.0,30097.59777815778,20777.350905452244
1060,16,405.0,324606.8207710625,223744.00737435144
1061,4,114.0,111650.35484297892,77022.45148917071
1062,4,0.0,6288.429741691226,4327.7073425291965
1063,37,1126.0,1170782.4262848413,807352.428416148
1064,36,561.0,907520.2612689566,625573.1081501638
1065,1,0.0,2366.8390404855963,1631.050377342092
1066,1,0.0,1275.6626442837817,879.102435807566
1067,1,0.0,239.30043913107733,164.71462711491603
1068,2,0.0,268.70253479282144,185.4352790695829
1069,1,1.0,797.8940673753629,550.6568677166855
1070,3,0.0,5132.996405822308,4217.3988621570215
1071,1,0.0,8562.55672661985,5867.248709659015
1072,3,2.0,7966.266075621487,5499.6065693607925
1073,2,0.0,10202.969524470222,6930.671815692578
1074,9,25.0,100163.35937013656,68999.22886297476
1075,4,0.0,12454.48196605864,8591.351922148164
1076,1,2.0,3393.461558739627,2217.8986196853825
1077,1,0.0,4235.051952842272,2761.1078972470677
1078,1,3.0,3007.4833449517323,2154.845773949598
1079,6,10.0,10150.129755342505,7073.974178790903
1080,1,0.0,1881.210848964167,1299.0324906916385
1081,5,0.0,699.426092031823,482.8847126517652
1082,4,0.0,3646.137958244181,2517.258427012237
1083,2,3.0,6417.5184823025465,4545.179814537414
1084,27,160.0,286398.3257880485,202362.8533500561
1085,2,0.0,3424.7689176851027,2480.9779337210844
1086,3,0.0,7278.959930440311,5017.171695882879
1087,48,1180.0,1292053.909736544,891091.4461404459
1088,17,330.0,230492.1296374918,158831.92816661787
1089,3,0.0,2928.297630415522,1938.9220298531209
1090,1,0.0,422.4693113155509,291.23480139397
1091,1,0.0,924.1571813562904,670.9404995020942
1092,1,0.0,1391.9084842304894,956.6300560573296
1093,1,0.0,1165.7129113224148,813.4240829544638
1094,1,0.0,135.64502362223726,107.36224683120936
1095,1,0.0,56.36790223155104,42.34836833414503
1096,7,0.0,6569.84013362989,4559.832366077673
1097,9,0.0,10762.016665426703,5596.718550287757
1098,4,0.0,2704.218821006357,1443.188717586236
1099,2,15.0,25899.189170019767,17859.353158836453
1100,12,2.0,17006.54823819011,11766.141983130872
1101,8,0.0,10999.658186564406,7597.073553397517
1102,26,660.0,716601.7763229205,494570.54347714415
1103,77,529.0,783824.7281142487,543221.7674281739
1104,54,1413.0,962295.3054163634,665026.1141996785
1105,74,1830.0,1553187.2739105886,1073561.290171486
1106,3,0.0,1761.3868454469475,1217.366230847264
1107,2,0.0,769.6254581836401,531.9336613576321
1108,1,0.0,1018.5746094660348,703.9911370420358
1109,1,0.0,866.0721209182008,598.1010349579916
1110,4,0.0,26035.58786491635,17865.945176554924
1111,184,8076.0,5143270.753910171,3605149.7939931233
1112,3,0.0,5159.982924947266,3569.501302485659
1113,210,4513.0,8692085.892133001,6038306.194712931
1114,3,0.0,298.0807875353783,206.20549256938824
1115,20,2.0,48666.86816027422,33671.03387126886
1116,3,3.0,12885.793593427854,8917.918104938171
1117,2,0.0,732.6661525443499,2446.9360581987594
1118,4,0.0,12507.433384114836,10587.66030776947
1119,1,0.0,228.2688092107607,837.3603319749027
1120,4,0.0,12112.847629217904,14966.237052920824
1121,100,2167.0,1118584.545540978,765477.9532054502
1122,3,0.0,20571.869357417083,14250.93545889985
1123,61,694.0,943547.1287246892,652063.6827348025
1124,1,0.0,12123.30772604178,8379.04394172303
1125,42,1568.0,1027852.3838888856,709583.0014599934
1126,45,3053.0,1961287.500412635,1356215.5651497866
1127,1,0.0,7457.567311259992,5151.718287008813
1128,6,0.0,16207.48050170872,11197.274222501002
1129,1,0.0,1522.2986909501242,1052.5784451109012
1130,117,2447.0,7862454.947975979,6675537.002150147
1131,1,0.0,1351.335920303527,933.8210022605784
1132,2,0.0,152.17819437400078,105.1593433594684
1133,4,1.0,21751.684517679336,15032.363130871148
1134,3,0.0,683.3815382803889,472.677076177384
1135,10,2.0,35932.72651479879,24843.209546400176
1136,5,0.0,2618.037081555732,1808.2410041038088
1137,8,88.0,381923.61216977134,263996.2489095152
1138,1,0.0,156.15853422112986,107.90421891396252
1139,7,0.0,28372.00985263346,19606.38671535036
1140,1,0.0,4537.117729089216,3130.472638559249
1141,32,164.0,410385.7571213373,284744.478582904
1142,2,0.0,7390.911298437692,5099.948681746489
1143,3,0.0,3571.749493433625,2467.669134684879
1144,7,0.0,12972.733845872966,9182.432552393686
1145,17,88.0,153863.69475263837,106206.19687103486
1146,1,0.0,1005.3014141542662,693.5291208775136
1147,4,47.0,74573.37252301903,51443.77535791892
1148,2,0.0,7449.090215700469,5138.7689247862845
1149,2,0.0,2813.1209496599367,1940.8991457395875
1150,1,0.0,776.2417377338118,535.5072569581282
1151,1,0.0,2933.109145161329,2023.4964895093092
1152,1,1.0,318.2248302877334,219.53456329203573
1153,2,3.0,2861.2047741844854,1973.837871837516
1154,1,0.0,582.7401572273612,402.3823749393391
1155,1,0.0,8783.782833703834,6079.534430517028
1156,1,0.0,15398.099888865188,10659.087128520963
1157,306,1593.0,24418526.76979353,17446234.909996357
1158,1,0.0,259.068074516712,179.34509053336825
1159,2,0.0,8401.783574694473,5816.128462612426
1160,512,4261.0,51603294.08743951,36860693.59860519
1161,3,0.0,19181.326707624376,13252.352250699272
1163,4,1.0,39219.56094999403,27043.462043631655
1164,9,0.0,79167.13500099498,54456.21597363253
1165,3,0.0,33768.65883944438,23127.936093657296
1166,7,0.0,23906.65464908615,16512.37349559805
1167,71,2630.0,1899210.8764465237,1169579.6560155705
1168,41,1342.0,1362629.0832411605,938941.3824112916
1169,2,0.0,874.9257886339174,603.7640260479621
1170,1,0.0,160.9075652796135,111.03871025095984
1171,1,0.0,180.4215944445372,135.26663501341895
1172,26,85.0,194748.2010932385,134435.43528828805
1173,1,0.0,257.12763559079525,177.59453927866338
1174,2,0.0,9649.511434735865,6664.724838926441
1175,9,0.0,45020.00201095961,31054.115291867904
1176,1,1.0,9018.542916439996,6205.626023872203
1177,3,0.0,21711.73619223584,15041.085425234356
1178,23,110.0,285897.1009818719,199985.55324541568
1179,70,1490.0,922275.8768692015,637524.6354800065
1180,84,4022.0,1190341.8355568135,823343.8432857068
1181,1,1.0,11151.488289440822,7687.959095985993
1182,28,625.0,617807.6643614717,426431.3285673408
1183,9,472.0,286488.1801293555,197505.40627179173
1184,1,0.0,6338.447523290059,4364.341953438805
1185,9,1.0,45837.08041221028,31591.510819709325
1186,1,0.0,8052.574461541471,5550.978881508603
1187,1,0.0,294.020832633119,202.6885033117922
1188,1,0.0,368.6085963250353,254.10697448682328
1189,1,1.0,9249.700293258808,6376.682263776857
1190,1,0.0,250.23241169745512,172.50295376518727
1191,1,0.0,6261.448498759442,4316.288288927213
1192,119,1943.0,2743717.421819247,2264626.6287270035
1193,230,4725.0,3372226.6776168225,2323727.062606449
1194,1,0.0,464.682310815334,320.2025251031088
1195,4,0.0,10863.83357617139,7246.828816195113
1196,1,0.0,39989.94646809632,27533.887377128907
1197,3,3.0,87708.66599765507,60436.56316656535
1198,1,0.0,10211.700134289777,7036.405865899958
1199,1,0.0,639.8988064329249,440.9377071505989
1200,1,0.0,1862.3417496036536,1284.2226736194943
1201,86,1325.0,7086606.57453923,4928273.045250171
1202,2,0.0,191.863072916349,132.1780229353156
1203,6,0.0,41478.86669431115,28571.76478600584
1204,3,0.0,17350.738610276745,11940.7650150833
1205,1,0.0,17373.99799803741,11968.93090699591
1206,2,0.0,731.2318971908506,503.753289503812
1207,30,2879.0,3022634.0836657155,2086827.8656994049
1208,5,1.0,40482.29933221019,27940.88977995029
1209,7,0.0,19974.823468835068,13676.971758832444
1210,1,0.0,1293.4582799474404,895.8870987572745
1211,1,0.0,599.6580624084335,414.1910046056425
1212,1,0.0,698.87676498961,511.596142033033
1213,1,0.0,2827.573692017196,1956.2913431160769
1214,11,0.0,85985.26282404402,59229.622618463545
1215,2,0.0,549.4796186418752,378.5523337234552
1216,3,0.0,231.78155851185005,159.66042891445397
1217,2,0.0,1623.235248849625,1118.104826577925
1218,218,5585.0,4789274.428665308,3298477.741439148
1219,7,0.0,39075.35632439799,26714.282882870884
1220,2,0.0,9463.6956493441,6518.24820550693
1221,1,0.0,143.8030888036711,99.04150070373512
1222,2,0.0,568.3102231025787,391.680810299938
1223,2,0.0,582.3595043384908,401.0876969025712
1224,3,0.0,1375.8194516860017,947.5752615554338
1225,1,0.0,13510.95001587379,9305.8420214365
1226,2,0.0,19697.00363981904,13564.61249914461
1227,1,0.0,1922.827715032368,1324.2936618555302
1228,1,0.0,43.50980651346418,29.96633971408353
1229,1,0.0,10088.377249787736,6947.698422899178
1230,131,6375.0,2191508.406996373,1509176.4049995616
1231,72,3157.0,1535915.8931096685,1056057.571553867
1232,2,0.0,27971.64212550416,19264.059902310302
1233,456,26341.0,5481715.30250025,3773018.2744711246
1234,31,1817.0,1165442.9125675303,802433.0253653893
1235,4,0.0,33949.93893342829,23379.60032332241
1236,45,1866.0,1347107.7080841337,927618.9710919894
1237,2,0.0,603.3916737243019,415.5272730780572
1238,3,0.0,784.4842628799793,540.240783456089
1239,87,5834.0,1140365.0405696577,785390.641854546
1240,2,0.0,21567.96619791316,14853.984496364556
1241,2,0.0,292.64889261000394,201.4929056216624
1242,2,0.0,34074.47107243474,23463.023656750735
1243,7,0.0,40155.99211077592,28417.318527652344
1244,83,1959.0,1005689.2734664052,692286.5328083874
1245,12,0.0,24135.8649354306,16611.790322085308
1246,49,1556.0,1265737.0391106787,871167.5875313038
1247,497,11558.0,39310263.50217493,27210950.33834364
1248,60,412.0,456389.3249962841,314459.1218180768
1249,65,1039.0,740418.6597790128,529974.6154742137
1250,4,0.0,10115.16927707839,6962.24139887046
1251,96,558.0,1109439.992633215,763316.1575699274
1252,1,0.0,929.092480219324,607.8711518439885
1253,2,0.0,14608.124929905156,10349.644146362638
1254,6,0.0,1457.6737755129054,1001.998644299034
1255,1,0.0,755.0863324365282,519.0877230045024
1256,1,6.0,11813.772716968082,8169.58344388818
1257,12,610.0,896372.3159848879,618641.6043418924
1258,4,2.0,28265.863483321475,19545.870513027057
1259,16,463.0,351401.8741896889,242991.10456781543
1260,1,0.0,3636.91329123428,2498.2969568658173
1261,1,0.0,276.88162972318304,189.45869229866847
1262,1,0.0,183.8728113399569,114.60157390310393
1263,1,0.0,752.2870454887008,521.3673697516595
1264,1,4.0,6025.880724417563,4221.851011273217
1265,5,4.0,9709.25413973386,6708.494943432594
1266,1,0.0,2145.588562043975,1489.7619146117247
1267,1,0.0,2427.118376689016,1667.7343004989498
1268,47,700.0,646305.5674385441,446566.72806600167
1269,9,0.0,15826.261784440154,10942.86005804524
1270,1,0.0,235.25652895236647,162.56587300227275
1271,1,0.0,4883.371696264941,3374.4247260541056
1272,2,0.0,7334.1009287170655,5991.430179008308
1273,1,0.0,6810.228761436648,4706.903834229693
1274,13,0.0,72278.2623639234,49970.31207852281
1275,2,0.0,556.9607628242903,384.3736271664874
1276,1,0.0,2800.3243562620505,1937.812172334236
1277,151,6300.0,5983231.665070418,4133088.576890925
1278,6,0.0,21035.60822778805,14551.882672980111
1279,5,0.0,606.0064881619385,419.2075662293474
1280,1,0.0,1484.334859756863,1026.7713943415165
1281,1,0.0,1931.1548015367027,1333.5119741999397
1282,2,0.0,4977.579263974868,3440.419305798547
1283,2,0.0,242.42951541892168,167.66181283384205
1284,16,0.0,30555.856043030908,21126.000646433404
1285,6,0.0,24207.163076238463,16725.052110947072
1286,53,903.0,675793.6473858946,466932.0804084802
1287,14,603.0,437590.0214722583,300724.92164189083
1288,1,0.0,4225.816235877389,2750.100145310188
1289,3,0.0,10233.998049789592,7070.969761093625
1290,1,0.0,164.01967044176,113.14764260449644
1291,1,0.0,5211.580265332421,4055.3723793446334
1292,5,36.0,109521.87116194554,75407.42675332056
1293,1,0.0,887.5091616492667,609.3261789455353
1294,1,0.0,843.3316326595839,578.9921491754005
1295,8,64.0,63212.10604768609,43629.851845650366
1296,25,86.0,229976.8017175469,158132.52157687908
1297,5,0.0,22742.058326279912,14964.730693520974
1298,2,0.0,2939.835164209622,2034.4107642810704
1299,14,125.0,335468.784721356,231635.9034172838
1300,9,219.0,287155.4319345565,198329.5277974514
1301,10,222.0,264344.5758836138,182463.08242733864
1302,3,0.0,20066.89549652764,13858.919440127367
1303,76,3319.0,2354571.5647774143,1626264.724234949
1304,1,0.0,3986.8572695460593,2749.7502930092915
1305,1,0.0,1821.131388407652,1256.068708665296
1306,1,0.0,4054.882050683244,2796.6074604837804
1307,1,0.0,22030.895323425302,15356.888460522568
1308,1,0.0,13647.664040726711,9412.701558778625
1309,3,0.0,24308.96844589663,16766.776061557306
1310,2,0.0,630.6830131124534,435.0001621777575
1311,1,0.0,395.5503272205117,273.1203300473121
1312,4,0.0,5526.864247626238,4190.591130101225
1314,3,0.0,2828.2246441693537,2009.6585886591151
1315,4,0.0,10742.470860964331,7873.445969513992
1316,2,0.0,2727.142127366881,1882.652406752924
1317,21,50.0,128646.9500616562,94947.80253559144
1318,1,0.0,227.66786030689175,157.17083316268278
1319,1,0.0,437.0015023112902,301.68531676825586
1320,1,0.0,3717.3489618358544,2566.179319331835
1321,55,305.0,377253.876657678,260405.4382092694
1322,3,0.0,3143.760784176109,2170.3343844579117
1323,6,17.0,72157.32666022777,49830.0747684174
1324,13,1.0,17192.800334565756,9726.95176603904
1325,1,0.0,1592.6797177645738,1088.9816143589164
1326,6,0.0,7007.326293544702,4833.717147974661
1327,3,0.0,709.4909150711122,489.8253830802796
1328,1,0.0,3304.9338740927656,2285.309553150907
1329,1,0.0,1474.4816241690717,858.4740461431453
1330,1,0.0,497.5275160839698,399.7420291931479
1331,68,1096.0,2017264.8589785884,1395152.7802742177
1332,1,0.0,278.9370549808789,194.18180503707785
1333,39,1886.0,1930012.8420898756,1336528.8484854563
1334,1,0.0,451.6090594580464,351.37746682037005
1335,65,312.0,482377.34502685466,333741.3776727597
1336,82,1449.0,1525518.9029334188,1054892.6670984258
1337,1,0.0,366.25294745884617,253.5575889763549
1338,126,3784.0,82560221.45329657,57593266.28902115
1339,41,1100.0,1214977.1403020872,840127.8064769891
1340,28,1455.0,1406448.3221970748,974175.3777569056
1341,8,0.0,29721.160201748586,20205.45360735417
1342,70,188.0,650223.19408997,449563.38988463685
1343,1,0.0,3008.839531029862,2069.417362071524
1344,153,4128.0,4031240.1365808616,2789291.2583097736
1345,2,0.0,4368.980669072998,3018.1044880076583
1346,24,668.0,761877.762084773,527697.6532293991
1347,18,932.0,700888.3714089921,484357.32623073214
1348,2,0.0,520.2433976766022,359.62930824193654
1349,3,0.0,6335.226700489683,4356.024734835644
1350,2,0.0,2915.342567424532,2051.8755705255785
1351,32,1382.0,1215588.490828781,841328.5696464974
1353,1,18.0,44384.56553251654,30664.90884413823
1354,48,1400.0,689098.476284626,474675.2688165816
1355,1,0.0,412.6349808189272,280.907179711296
1356,97,3136.0,2330668.1932324586,1602985.4168931209
1357,2,0.0,1082.3296292377772,745.1245323227655
1358,81,1913.0,1629665.2728106682,1122097.1009057716
1359,1,0.0,5448.353415298423,3733.80155391176
1360,2,165.0,72281.4612719719,49949.42160279511
1361,1,0.0,2595.116711267377,1792.7623160985763
1362,2,0.0,6274.702390480187,6599.182302570524
1363,138,4461.0,3726157.221604758,2575022.367595621
1364,34,1464.0,827600.0709416238,572251.3776026533
1365,3,0.0,1527.1285384408222,1044.0572623974324
1366,12,0.0,20810.12578959028,14023.52652084168
1367,90,1382.0,1132637.9570393737,780779.7936057094
1368,1,0.0,539.6572303104093,370.9921024882233
1369,6,0.0,18477.02506756867,12699.62272386599
1370,38,3797.0,10283957.63473652,7066834.8739737645
1371,2,0.0,894.0008622080355,614.0278646512036
1372,3,0.0,1126.6855540767597,771.0745135698736
1373,2,0.0,739.0231902526535,507.6083726815408
1374,2,0.0,11185.103850002204,7685.536044919828
1375,1,0.0,1077.74291490339,740.549867375749
1376,1,0.0,340.409375375378,233.9047134580495
1377,1,0.0,19561.96410994853,13441.47916568406
1378,1,0.0,1212.47021653775,833.1292928158163
1379,3,0.0,18745.657178916816,12879.488899358985
1380,1,0.0,6067.93473650069,4169.212524479364
1381,1,0.0,1348.751731998016,926.8508576578976
1382,2,0.0,2287.647553562457,1586.7667595270163
1383,3,0.0,8550.81947708184,10027.425683312653
1384,36,228.0,2133828.490826412,1477045.0681664571
1385,1,0.0,359.5205719008964,232.248244007226
1386,332,3663.0,41012248.41115107,28590603.531458396
1387,1,0.0,878.4625209455137,602.1960649269191
1388,1,0.0,795.7389797905456,552.3389576606835
1389,1,0.0,695.5854723978865,452.43277605956337
1390,18,335.0,496857.9685857517,343731.29330803687
1391,10,517.0,455895.8227767991,315181.29947826767
1392,17,639.0,761417.6036832262,526352.4462738148
1393,21,751.0,844824.8679266173,584391.6634899856
1394,61,1605.0,1603792.3682387476,1116360.9817647936
1395,2,0.0,3217.1318945782496,2222.5079655149198
1396,1,0.0,7702.601098729305,5333.984395990912
1397,4,0.0,17939.592488527258,12391.355887521113
1398,1,0.0,380.8360346212053,263.20416147482007
1399,1,0.0,13346.603718243792,9214.938143813251
1400,7,0.0,17795.138093174188,12273.992813617737
1401,1,0.0,433.5881597468268,300.1197842300503
1402,1,0.0,120.61488140683554,98.16494253602522
1403,1,0.0,163.34822229423213,112.89593224069743
1404,14,151.0,123831.7228155734,85187.0090594522
1405,1,0.0,421.0954479400031,291.40401538207914
1406,53,1101.0,732727.6128771972,506758.2575381139
1407,1,0.0,288.1755881978853,199.05814225097745
1408,20,1337.0,735437.9613253976,509203.9186606064
1409,1,0.0,136.9946793720526,94.82568065354108
1410,44,2175.0,1286127.4324942855,889857.166883822
1411,1,0.0,147.16190946411706,101.83810199616042
1412,4,0.0,9111.37864867234,6296.023498909545
1413,1,0.0,1051.7897716799175,728.7142952344786
1414,44,959.0,1858265.3921298883,1305155.4095051186
1415,2,0.0,1830.7009579303608,1265.907010894319
1416,3,0.0,31124.98555507257,21505.388263793146
1417,12,989.0,547181.2719924758,379062.7546000208
1418,2,0.0,4111.41679564414,2838.6745577345887
1419,1,0.0,975.50586453516,674.5460983213462
1420,1,0.0,609.4742911615422,421.4463693661394
1421,1,0.0,4665.72822875096,3203.385969944948
1422,2,2.0,25692.937052115583,17758.321121907025
1423,52,171.0,406569.68111848016,280810.5768161792
1424,2,8.0,510344.1057445863,352943.71837289253
1425,1,3.0,5492.764789030292,3788.704500715628
1426,2,0.0,1208.319105432136,788.459754413574
1427,40,1513.0,1754797.62125765,1227815.1197369532
1428,1,0.0,760.1649892241293,524.1039719769042
1429,1,0.0,345.5318812370218,238.22937816052612
1430,31,1828.0,4371945.787661427,3014729.3892662814
1431,1,0.0,1090.8761378420745,748.9761740477259
1432,1,0.0,182.5332189440159,125.41801343121372
1433,2,0.0,10124.846624588154,6877.504336535821
1434,1,0.0,3905.196903401319,2709.1098289851866
1435,1,0.0,146.92808535631278,100.96745299756029
1436,1,0.0,757.4595184440017,488.7311599877027
1437,1,0.0,3969.387839151335,2729.1360497755823
1438,1,0.0,1721.431177883553,1189.3888939325448
1439,237,531.0,1735133.912417739,1063757.0313860308
1440,1,0.0,3078.58195668138,2126.9921458855665
1441,1,0.0,4589.141336764712,3170.8121728157034
1442,1,0.0,1898.3743694351556,1311.6683420000822
1443,2,0.0,5914.009936721101,4091.8489509182423
1444,1,0.0,1164.0812222244344,804.3241153695752
1445,1,0.0,3189.386550442144,2203.618897789049
1446,1,0.0,771.6472578207977,532.5673313996708
1447,1,0.0,35.165065154162846,24.270108016194268
1448,1,0.0,538.6093431876013,372.3580101389824
1449,1,0.0,2924.015241743672,2146.51235420319
1450,1,0.0,524.5447051622721,362.1595045561862
1451,3,0.0,11645.78513242285,8048.558725707692
1452,3,0.0,3856.451309156298,23321.960707314505
1453,364,11314.0,44967552.12990888,31407650.586804196
1454,1,0.0,213.4705292557239,170.5915974601107
1455,1,0.0,1181.8621129253208,816.5016182911846
1456,1,0.0,1657.4833309173896,1145.2105957067747
1457,1,0.0,1067.4735540918723,737.5529399484069
1458,1,0.0,15865.587875189118,10961.805677789182
1459,1,0.0,721.6487747596065,498.60896545148455
1460,38,975.0,879811.0072842232,607928.3558686902
1461,1,0.0,8731.52880200096,6083.025696154473
1462,5,0.0,14245.628580203818,9869.579834671324
1463,4,347.0,508287.444414634,351546.89259163075
1464,326,583.0,80645294.25580215,56556476.99302455
1465,382,671.0,171249252.76169905,200931460.31057552
1466,684,3003.0,260285142.06469232,213917430.28655776
1467,102,972.0,1821234.988978628,1261270.844229543
1468,1,0.0,3233.6395071357465,2240.0962255352456
1469,5,0.0,6230.157053555324,4301.356345776238
1470,3,0.0,13496.331499584436,9281.752528648722
1471,2,0.0,2311.3480768701597,1596.6390746648517
1472,13,108.0,141002.07938118998,97404.41942893216
1473,49,1898.0,1189114.269318848,821115.8374367331
1474,4,0.0,2873.196317540453,1989.1863847517045
1475,169,2243.0,1736181.1108520792,1199301.6448522238
1476,91,1479.0,1255415.4586753056,866882.6942308428
1477,3,1.0,5021.333582771253,3467.8695291971426
1478,4,0.0,4322.099740145386,2984.8736144316613
1479,1,0.0,1006.3797722375328,694.9813113588622
1480,85,571.0,873798.8359034866,603598.0628648378
1481,1,0.0,10824.361184477988,7476.794504513162
1482,55,1235.0,730501.062344244,504609.82845073845
1483,4,0.0,13509.785286228978,9342.963315520929
1484,108,862.0,713487.7674815124,493558.07084909786
1485,17,0.0,11811.488416704353,8163.538392241516
1486,163,2329.0,2200846.6446826733,1519677.870884396
1487,2,0.0,2742.286294398413,1893.8368756699813
1488,101,467.0,967014.925041012,667790.9143404771
1489,3,0.0,6608.179179691479,4568.392636886647
1490,14,0.0,25059.54134451956,17223.556671086113
1491,107,1769.0,1700552.0436144415,1174631.1429007542
1492,1,0.0,838.4217686283864,576.487328193018
1493,1,0.0,216.52179396141872,148.87712045314703
1494,1,0.0,60.40753473992996,41.53537793621008
1495,1,0.0,1237.512395295465,850.8815913078208
1496,1,0.0,832.8507249131459,572.6621212751522
1497,439,13081.0,86084093.9397869,59354511.00286967
1498,1,0.0,635.9106794274874,439.24374682060994
1499,1,0.0,2662.002767645492,1838.3782207364889
1500,2,3.0,3583.3278172468554,2843.963498106366
1501,87,229.0,1416519.907071098,1000672.2590261926
1503,1,0.0,970.9999714763424,1857.2826048806
1509,5,0.0,4114.119750143183,2841.15234090338
1510,1,0.0,297.4057255441273,205.3790929849606
1511,6,0.0,12655.93038088231,8744.127452019293
1512,125,2091.0,2193602.9948686566,1514631.647899465
1513,4,0.0,34550.948279264194,23857.927347542623
1514,2,0.0,363.6619421917746,251.11255667407568
1515,3,0.0,19182.00695944485,13243.968393879171
1516,451,2182.0,9457497.395487497,6528087.072877167
1517,13,0.0,34009.392574947975,23485.506937699804
1519,1,0.0,2408.382502902787,1662.7190178650446
1520,3,0.0,9105.294543726668,6286.147804939007
1521,1,0.0,1373.2768998246752,948.0837047939089
1522,10,0.0,23400.394045579545,16152.555360995686
1523,78,3582.0,1815821.5604448048,1253582.3888724654
1524,3,0.0,13160.9990381446,9079.987550111431
1525,91,3723.0,1628308.4382569112,1123202.33547331
1526,1,0.0,14553.888538268096,9987.727405293184
1527,4,0.0,15451.221374012768,10656.235669010715
1528,1,0.0,2748.1336102181717,1895.4602564153324
1529,1,0.0,1805.838420316865,1267.60350169281
1530,2,0.0,723.7327790815569,499.5559947191915
1531,2,0.0,585.3764287059286,417.09902837967104
1532,2,3.0,824.0605511830511,568.5636431504446
1533,4,29.0,29961.2254139838,20246.234796282668
1534,1,0.0,433.364975339593,298.83909533345
1535,1,0.0,52.95842667158208,36.53393305891814
1536,1,0.0,137.80621957860117,95.06713182971104
1537,5,18.0,45913.44541546317,31644.40291373541
1538,73,1359.0,1114548.9986735312,767997.2845552238
1539,5,0.0,3606.386141116861,2485.069330613013
1540,2,0.0,4744.381944424278,3269.291014104033
1541,1,0.0,486.0919678202148,334.953380831605
1542,4,0.0,13238.295718685418,9122.120467710249
1543,3,0.0,2449.393478188099,1687.7491223991458
1544,2,0.0,2204.034603501572,1518.6743567653427
1545,1,0.0,527.3775809177107,363.3882105179933
1546,29,1388.0,797408.7139040006,549617.8841492006
1547,3,0.0,8715.136714025408,6001.452453854073
1548,40,1728.0,1032407.0401832043,711272.9671383995
1549,1,0.0,581.5459955790506,400.70727842461633
1550,46,1495.0,1044891.274977552,720141.0499623172
1551,2,0.0,660.1139995650847,454.84677746812207
1552,5,0.0,40550.11225322417,27919.42811180367
1553,97,7892.0,1362080.5313902558,938422.9035366582
1554,1,0.0,5681.677731518355,3914.734108657892
1555,6,0.0,20920.803662689537,14415.885164171708
1556,63,1021.0,5780278.468425836,4016411.385814177
1557,177,7453.0,2378712.263058738,1639638.0618052331
1558,1,0.0,1420.2446285581248,8431.934910143753
1559,38,721.0,592371.2745380157,407566.067820498
1560,47,1639.0,1144176.72768865,788720.5149320156
1561,1,0.0,4317.148419412679,2967.945268599866
1562,48,1293.0,664343.5395283017,458104.6581121005
1563,74,2311.0,1544540.560388853,1065864.2565752298
1564,2,0.0,16631.60869867273,11375.27566709463
1565,25,397.0,391005.28572714096,262466.1510750524
1566,110,3166.0,1891143.5522520277,1304231.376954042
1567,1,0.0,834.632478594522,562.3861438864798
1568,1,0.0,711.6290488915088,703.8841769455021
1574,230,6338.0,14819970.63486901,10383283.003107576
1575,78,1284.0,1535858.2368556669,1062146.035123969
1576,61,2586.0,2750716.086909996,1926381.411799343
1577,19,837.0,903911.7799443702,625417.7454248699
1578,51,925.0,600008.5541593744,413821.9806337692
1579,2,0.0,9244.117709984916,6375.611900695127
1580,1,0.0,19070.1034387152,13119.769790632125
1581,1,0.0,385.9532477981788,264.5668976966652
1582,1,0.0,14114.341237871982,9799.23678977455
1583,1,0.0,236.4749055571078,163.1834165365765
1584,2,0.0,1357.9362307539425,925.6627338550616
1585,1,0.0,94.585972485621,65.2706955827087
1586,1,0.0,4762.272418549443,3275.669429075794
1587,1,0.0,1981.830910304918,1368.665289883897
1588,11,60.0,97328.42763481812,67220.6988842381
1589,5,0.0,4758.798086148809,3285.990179846513
1590,98,1989.0,2837565.1023031967,1958984.290730644
1591,2,0.0,3345.6721581330976,2310.456894735388
1592,4,0.0,8097.024383956946,5596.181346237333
1593,5,0.0,16054.701189453594,11084.861753078245
1594,137,2560.0,4086245.5130225024,2822085.4100947785
1595,2,2.0,6941.161381560161,4792.2261585451
1596,4,0.0,6979.826852508901,4811.348739212858
1597,2,0.0,11464.78066763869,7914.555197750233
1598,55,1052.0,1317725.7580205626,900249.7802841436
1599,2,0.0,8364.53710721395,5404.299866043864
1602,9,0.0,32681.817630562397,22740.49328063945
1603,137,2487.0,2352572.167956411,1761080.0605202094
1604,1,0.0,868.082969126166,598.8398869223698
1605,1,0.0,193.02779675247584,132.70701288854727
1606,13,0.0,69639.16962353079,47935.13438261804
1607,5,0.0,75920.37799470112,52244.97787617774
1608,2,0.0,1033.9834039726566,711.3320696532476
1609,1,0.0,3506.6740675032697,2411.4638327559605
1610,1,0.0,13976.645884155903,9610.929176426383
1611,2,0.0,11696.658722508755,8047.285066883645
1612,116,2378.0,3425772.46243757,2372315.245296589
1613,1,0.0,223.8981621781004,153.97354520658294
1614,1,0.0,3735.37281526396,2568.8091644490432
1615,1,0.0,3582.20487691768,2463.3119545937843
1616,1,0.0,14821.405853409384,10192.168786719178
1617,1,0.0,49626.56389580591,40398.64138938093
1618,1,0.0,4720.821732420848,3259.6726659408937
1619,1,0.0,1615.5061823605788,1115.5068201341226
1620,1,0.0,1358.5681342802056,938.2059984017818
1621,1,1.0,360.3404976467791,248.8477804926175
1622,1,0.0,525.4018435267316,362.8373805141832
1623,2,0.0,8334.554358821591,5755.561324871587
1624,27,918.0,632341.3730274382,436868.27397708985
1625,180,3609.0,3360418.941404292,2332438.575229434
1626,126,2462.0,1918468.7744873136,1326155.7770055644
1627,1,0.0,163.8385647956551,113.42080264734504
1628,1,0.0,532.0740554083479,367.3126066362246
1629,1,0.0,688.8695062747946,474.4270597840284
1630,30,1129.0,842993.6176451555,581246.0095866618
1631,22,890.0,869164.2184855113,598038.786361908
1632,1,0.0,45.6203510277527,171.29373868841594
1633,1,0.0,2055.593671110228,1234.7711908507304
1634,35,842.0,650807.2342930312,446893.08650755306
1635,17,0.0,120213.1389650022,82830.24083113857
1636,5,0.0,27536.808461330103,18957.78284226818
1637,2,0.0,1697.740692425837,1172.0420978787583
1638,45,1333.0,1557183.950259745,1072839.8589307573
1639,1,0.0,2617.9243849235945,2247.634042550215
1640,3,1.0,4426.266614193001,3204.980512245005
1641,11,30.0,73203.09702322718,50524.11888714404
1642,1,0.0,177.83281496281575,122.98436225136818
1643,12,853.0,1835556.8029575609,1264523.4260395663
1644,1,0.0,536.8129794222717,370.6453783251547
1645,1,0.0,868.7892021587121,598.3554435881586
1646,1,0.0,312.4720322205197,215.2068324463412
1647,1,0.0,283.918315211393,196.1782248996974
1648,1,0.0,794.2772637700357,547.0326848031881
1649,1,0.0,880.9268031469378,606.5420752314528
1650,1,0.0,239.30760774335587,164.7706352015721
1651,1,0.0,915.0036043365516,711.8754295488787
1652,1,0.0,744.2527397316076,512.7724283284473
1653,2,0.0,251.4216684564969,173.22401462051022
1654,20,1592.0,2876682.4052810827,1981675.726279382
1655,2,0.0,427.8410448645844,294.7715293112457
1656,1,0.0,388.1525158818905,267.4280676505313
1657,1,0.0,1707.9723333946672,1182.9318178396666
1658,1,0.0,421.838719764432,290.1642752465343
1659,1,0.0,562.3203938323046,387.05721646226834
1660,6,133.0,84977.18770537598,58551.470738135584
1661,1,0.0,1614.9920252389295,1112.1504382362834
1662,1,0.0,871.0562569921692,612.4853866702999
1663,1,0.0,1138.7566909776392,810.4518848678578
1664,1,0.0,504.2044711543255,348.4776173723259
1665,1,0.0,643.3808880018107,444.6666145781514
1667,83,9075.0,2092043.7471562207,1441352.3243705118
1668,75,3588.0,847874.4101728773,584405.7463192509
1669,3,0.0,7440.06095086512,5126.035718497586
1670,5,663.0,295619.4686131189,203677.88495162493
1671,2,0.0,9061.812204200249,6240.686784458188
1672,97,4260.0,9030456.56611275,6217842.503730034
1673,2,0.0,7622.882029044676,5251.457307129637
1674,1,0.0,6342.329359323531,4369.471577263454
1675,142,6617.0,1643584.3907659743,1132280.037484209
1676,28,2434.0,385148.8048274937,265269.6533381578
1677,1,0.0,4267.202397711606,2993.1326396612903
1678,6,0.0,9196.798381293142,6375.794894324529
1679,54,1672.0,1522693.5294885945,1047754.7866011816
1680,1,0.0,4500.79619095415,3093.975424977284
1681,12,531.0,663420.6478579285,456227.23626599833
1682,1,0.0,560.0243130184034,385.1558071562893
1683,1,0.0,1407.749681361798,966.6142803369614
1684,105,1533.0,1715603.7611331225,1180061.8515966176
1685,1,0.0,172.34219639716292,118.47983043087918
1686,3,0.0,3820.230704981903,2626.251462023012
1687,24,131.0,256634.96483781247,176195.7270980315
1688,1,0.0,530.5103962821911,366.1559488108394
1689,1,0.0,5616.4129467574985,3876.4056078321128
1690,1,0.0,3880.9372852906336,2679.902492868478
1691,21,0.0,25179.35395442984,17385.535759918133
1692,2,0.0,2851.043991316133,1968.794308316222
1693,5,0.0,36155.21645139674,25176.327289789588
1694,35,219.0,920954.3610243727,635305.0543233411
1695,183,3206.0,4887322.001140053,3371960.7756488784
1696,5,0.0,48259.44690272189,34155.81236065539
1697,2,0.0,4002.496687455812,2762.522934320871
1698,6,0.0,30278.864912577166,20875.171378355462
1699,1,0.0,18005.48899959688,12446.728469140737
1700,5,0.0,29315.857647492256,20211.792106113666
1701,21,728.0,362646.5558144562,249998.52123266377
1702,5,2.0,26740.219041748376,18004.065232036886
1703,31,1373.0,722436.5811488994,498361.2294747786
1704,12,2.0,36339.14267347848,25082.190462019506
1705,161,6333.0,3844303.042864519,2652659.965321476
1706,89,3703.0,2068637.2643176056,1426965.7460388069
1707,2,0.0,20925.508062677836,13753.06232219751
1708,16,571.0,458987.119557269,316850.0213137499
1709,7,0.0,19934.49848377951,13747.924953638108
1710,2,0.0,274.7028958523562,189.6287489991505
1711,2,0.0,17859.12045985466,12328.247311272153
1712,64,892.0,1405029.969618322,970126.4948717996
1713,3,19.0,18280.059358766164,12619.76942014263
1714,50,1957.0,1854276.9547186096,1280187.8543419288
1715,7,559.0,755609.6016198815,520597.2000970635
1716,2,0.0,6940.025703491997,4782.863592749474
1717,2,0.0,774.2521193138894,533.3895114338945
1718,2,0.0,19887.00214295725,13727.89950999094
1719,37,1160.0,650409.4442519632,448996.8773463045
1720,1,0.0,7099.855915661885,4912.542968806862
1721,48,1557.0,839238.5362841438,578638.993457557
1722,2,0.0,23230.163317979263,16036.91691558854
1723,25,1393.0,742551.6883257775,513435.7170672384
1724,1,0.0,5749.209341129695,3971.782331812117
1725,1,0.0,504.7678381317654,348.69331424064865
1726,3,0.0,10759.84346252376,7437.824491359993
1727,109,3528.0,4350926.43863006,3125687.6874171994
1728,2,0.0,17858.828394956396,12308.332587918196
1729,19,511.0,537975.4403411695,370124.99966483365
1730,12,144.0,125668.67978015644,87999.4878071609
1731,13,212.0,135264.35659436416,92991.04201257018
1732,1,0.0,325.051244369103,223.471227833151
1733,8,0.0,59547.75936104216,41024.58478475599
1734,5,0.0,1801.3168305253878,1242.9003859313634
1735,1,0.0,4537.647806931281,3130.895494070168
1736,114,2935.0,2079341.5982458445,1429399.8569286915
1737,1,0.0,247.3213754289376,170.7607272190873
1738,1,0.0,64.09174232167882,44.2286608175862
1739,1,0.0,141.69023737177116,97.80058328365764
1740,11,0.0,24865.91820048575,19136.97277150865
1741,1,0.0,200.2623314737162,87.31428258324135
1742,27,810.0,615087.04844611,456605.0084292138
1743,222,8578.0,121611110.12626176,84570327.61085269
1744,50,1319.0,977578.5480600368,674210.9553079186
1745,3,0.0,2078.621466765434,1451.9706052608972
1746,3,0.0,4849.85822850893,3349.196365056947
1747,12,0.0,6604.570668030075,4549.645513415949
1748,2,0.0,3569.43752061539,2466.6456737430567
1749,1,0.0,4229.11681258832,2922.2045584262446
1750,1,0.0,1843.777942313457,1273.9446983638893
1751,2,0.0,1261.4770941343609,869.9979009450808
1752,1,0.0,662.5697429884333,456.95003189052926
1753,1,0.0,289.81792666766853,199.87586649239412
1754,1,0.0,2897.477987783329,1998.3212597849035
1755,1,0.0,3349.4172465545075,2350.2122569763897
1756,1,0.0,4642.3108568699545,3429.535752581706
1757,1,0.0,8.536483762805656,5.8900044850704045
1758,1,0.0,397.4475172509103,274.2448095604615
1759,1,0.0,12416.862179108048,8572.790224312828
1760,46,1763.0,1144787.094420937,791716.0909028064
1761,1,0.0,148.3430528416133,102.21919020619154
1762,1,0.0,3155.633558292475,2173.931132938394
1763,34,875.0,503557.5485485701,347117.8190339871
1764,1,0.0,4718.276046571684,3250.385023307381
1765,1,0.0,443.86281933944815,305.88851635305275
1766,1,0.0,10844.743439777594,7473.439937361963
1767,1,0.0,93.9183542198948,64.72377663410204
1768,8,149.0,90857.83027781884,62471.42178754483
1769,15,120.0,105829.94450570866,72891.70433261606
1770,1,0.0,274.9408094136187,189.40937506068812
1771,73,1215.0,979646.1665714034,677891.8823994794
1772,1,0.0,958.9034340412466,653.9447181948693
1773,56,1087.0,708103.0747089887,488147.3529194565
1774,1,0.0,596.4835217005276,411.5940171137301
1775,27,799.0,414245.6486193431,284974.7734875868
1776,3,10.0,10411.189588613404,7173.850045779165
1777,2,0.0,797.6228252692875,512.1229368071278
1778,44,1089.0,537638.5323290117,370240.2866079059
1779,6,0.0,102046.79111227,70229.69661500579
1780,38,370.0,336703.3432831947,231940.61125947515
1781,3,0.0,24770.651671335378,17107.114509156658
1782,2,0.0,384.9063794751878,265.0496561013181
1783,2,0.0,89.29517904876391,62.95705224256565
1784,8,0.0,25489.7877279878,17936.351955794973
1785,7,0.0,15100.77050334559,14249.738919205663
1786,3,0.0,15318.324195426998,10498.750372142313
1787,148,3572.0,3185725.3357010623,2191554.0737066288
1788,6,1.0,4194.092181613536,2773.3353439487905
1789,38,422.0,414697.8089968104,285052.66817946336
1790,1,3.0,2372.1656772216484,1636.8806989253312
1791,3,0.0,1984.3593624822877,1329.873503854919
1792,1,0.0,633.2095227895998,413.00871901048697
1793,8,0.0,11770.331235166534,8096.862620509545
1794,13,243.0,281930.7358859435,194002.7521984833
1795,2,0.0,5881.640338036191,4038.875750958864
1796,11,0.0,66666.07422847486,45789.597672678334
1797,31,1856.0,3757719.423678479,2588262.5601680945
1798,1,0.0,325.0914950499286,223.95515807256396
1799,9,1060.0,1699146.7270089393,1171033.3276255094
1800,35,371.0,493236.19021183945,339427.94309685624
1801,1,0.0,545.5811988196308,376.034909605206
1802,41,2043.0,3691854.3675682247,2538105.4885147526
1803,86,2175.0,2809654.618029405,1934060.6315527605
1804,5,116.0,157812.51023329885,108420.2508425824
1805,3,0.0,2742.517701778993,1885.393560077219
1806,2,0.0,12477.512044476089,8580.947707925352
1807,96,1821.0,1272651.7906278283,876505.396551416
1808,30,916.0,1434434.646902595,998969.3418709788
1809,74,1446.0,3257850.219063072,2257229.9515833952
1820,737,1986.0,85166462.69544992,66235893.60932475
1821,66,2160.0,2019459.7258128435,1400017.1614099755
1822,17,0.0,35979.631648175506,24996.05477601944
1823,8,2.0,20633.013202065697,14232.121800031353
1824,20,86.0,299534.1633734642,207014.13028504112
1825,4,0.0,9972.766591561263,6894.050215488398
1826,2,0.0,51626.491473874135,35764.706964755416
1827,82,456.0,7231003.460115125,5070049.2878362825
1828,3,0.0,27127.80252422441,18675.039779921382
1829,2,0.0,8597.649849381833,5929.7544052776575
1830,2,0.0,3886.672111255122,2680.754859986753
1831,1,0.0,344.12171868074097,237.3582136491271
1832,1,0.0,3335.1764543264494,2304.3228890100045
1833,2,0.0,12093.99420167942,8355.70379348363
1834,2,0.0,1786.015252598586,1233.8958238237803
1835,1,0.0,2910.0543549399144,2010.525171220304
1836,1,0.0,3117.316896362055,2047.58435039204
1837,3,0.0,3978.646203053932,2749.489076709421
1838,30,760.0,817203.7933420085,565067.0641615392
1839,8,344.0,359993.6085313333,248910.74912864616
1840,1,0.0,115.3540014788529,79.55898306473951
1841,4,0.0,5906.4577518858605,3979.466244615236
1842,2,0.0,185.73727412061385,128.09429309269163
1843,10,1.0,4454.511129627341,3071.9793465209946
1844,16,571.0,287999.76293457905,198636.5828322877
1845,62,2203.0,1522534.8387946065,1049697.6330566553
1846,32,902.0,743039.9153816426,512126.4786651337
1847,2,0.0,526.8556008732916,363.3285883188784
1848,2,0.0,6313.827326414141,4354.300021993989
1849,1,0.0,257.2918045358716,177.43122506139312
1850,1,1.0,12528.25002049197,8639.233284770406
1851,2,0.0,2530.455636418716,1741.1469547970823
1852,57,1838.0,1250834.9563986068,864366.3463587469
1853,1,0.0,881.3354045491084,609.0164807198843
1854,1,0.0,381.5387897598703,263.65060601422937
1855,17,365.0,328803.3391723575,227407.97255941332
1856,3,0.0,5374.156203492535,3714.720243128552
1857,1,0.0,340.37238498739544,234.64941343790517
1858,1,0.0,612.0776833459945,422.9856943533207
1859,4,0.0,10658.210591884525,7364.880585037304
1860,150,3710.0,2144633.157714023,1481121.8342643057
1861,4,0.0,10542.803355287684,7281.327671026515
1862,43,1265.0,984230.9809724928,679997.5292925471
1863,5,1.0,8428.59800307652,5822.343306808305
1864,8,0.0,11830.897390771668,8177.736862959397
1865,50,1546.0,1396310.6128203303,964923.3079669462
1866,6,0.0,38312.104350415946,26459.37417480837
1867,1,0.0,485.73553846487937,335.44113883801856
1868,1,0.0,656.2176449908355,452.7612015699024
1869,1,0.0,3100.4710991549287,2123.3653038538305
1870,3,0.0,5280.088075947997,40073.95764949511
1871,9,5.0,16457.01973008508,11378.59502260493
1872,64,1320.0,44164743.38164312,30742504.009426396
1873,576,1158.0,174860327.44237393,121852013.93596
1874,22,384.0,87615408.68513438,61019043.71759936
1875,401,10368.0,253704299.6522556,275478207.2563703
1876,38,1294.0,1049277.94148807,721241.0831781088
1877,37,234.0,661309.8115385007,478358.0129241847
1878,51,1301.0,865841.5829852555,594755.017099772
1879,1,0.0,1741.678709496275,1197.1904501090337
1880,1,0.0,1208.5874832600482,830.7650902835878
1881,1,0.0,181.66869150814404,119.00888496590872
1882,1,0.0,5891.673308121334,4016.115462693293
1883,2,0.0,285.8135609502644,197.4118101916365
1884,6,0.0,32817.02383179449,22707.08038505991
1885,1,0.0,1350.823358302856,933.527566439206
1886,4,1.0,8149.736908441055,5627.886160161804
1887,64,1810.0,1024556.8352558232,707529.545863664
1888,2,0.0,3772.6337734509607,2605.465949989126
1889,7,0.0,10105.63123468154,6979.883635623662
1890,1,0.0,1717.811297914587,1201.524404686391
1891,52,2193.0,1089260.9687336287,747535.4691916698
1892,1,0.0,711.3481528985274,492.8882928509223
1893,1,0.0,3689.710541865743,2549.2522880190104
1895,1,0.0,1162.3222865760847,802.8477945006733
1896,1,0.0,4178.523712116504,2888.922802638329
1897,162,1963.0,1368097.4822321269,944861.3975080788
1898,8,0.0,20694.03163498363,14309.963556173669
1899,167,4519.0,2497081.085187525,1724505.455065013
1900,18,641.0,397910.22751938784,274816.71455261554
1901,3,0.0,12425.209592884856,8480.440295810617
1902,5,0.0,10543.82841899886,7309.534899213421
1903,1,0.0,120.35609542221086,83.20864336049274
1904,5,0.0,13130.49425500072,8980.136086008257
1905,3,0.0,4704.33039666721,2910.6171541555327
1906,5,0.0,10895.635238618412,7532.83691434696
1907,19,1512.0,908789.8979602634,628094.5250891391
1908,9,233.0,200707.40001208684,138567.49789800105
1909,6,0.0,17101.27823903889,11797.336950542747
1910,5,0.0,24271.106714991693,16878.969317536183
1911,64,1933.0,1695614.523699415,1170909.9610132552
1912,27,1119.0,845380.458298762,583891.0901607051
1913,4,1.0,16138.926562399312,11154.393747504146
1914,1,0.0,1203.1138093509508,831.4651947994671
1915,1,0.0,41293.52787792126,28542.81159759804
1916,3,0.0,8503.495597993198,5875.183683866646
1917,113,3198.0,3230660.3513001907,2232705.83798604
1918,1,0.0,258.347326176383,178.57978617957224
1919,8,102.0,73716.2358822649,50933.427396760126
1920,1,0.0,2587.085195085833,1788.2243423281047
1921,2,102.0,130969.1789869046,90368.15902156295
1922,23,641.0,626504.4962358482,432695.0905460285
1923,10,738.0,690835.0561218945,477279.6536821501
1924,11,577.0,513952.5779170622,355208.99214937823
1925,7,334.0,409755.9904262652,283747.4647424452
1926,1,0.0,1775.5795431522602,1129.043794130708
1927,1,0.0,660.0309704199034,455.63929945203375
1928,9,0.0,19362.693108603613,13360.220798991824
1929,3,0.0,6382.868887518058,4419.232056989848
1930,38,619.0,591885.3568539418,409536.2253044757
1931,2,0.0,516.9425721116411,357.7806337047417
1932,83,2509.0,1342400.8264741409,928423.402272749
1933,1,0.0,91.33737086408117,63.21656977816599
1934,80,2886.0,1660667.0262355283,1150479.0903066648
1935,49,2112.0,1177366.4030561275,814961.467826064
1936,1,0.0,85.6348374393124,59.26984810309384
1937,1,0.0,328.6979564163781,227.49916251570076
1938,2,0.0,669.6791393920645,463.5230683631807
1939,2,0.0,1049.4531873866836,726.295339769617
1940,2,0.0,521.6424400671392,361.09488875379407
1941,10,0.0,19738.088336544075,13669.494897825756
1943,1,0.0,1308.3766264821518,6099.563196297647
1944,7,15.0,21410.33805972084,15151.466673837594
1945,53,852.0,898473.5527969135,621836.9412959935
1946,2,0.0,3543.812442465429,2449.8361749215173
1947,1,0.0,385.06544179786914,265.4899942557901
1948,2,0.0,232.48363548118743,156.36227056843543
1949,1,0.0,237.7906180382312,148.58274555926528
1950,1,0.0,241.53357469565864,166.77328169338043
1951,3,0.0,15558.5142198453,10714.446426726869
1952,55,2561.0,2582424.885505838,1778977.643842833
1953,2,0.0,1346.7756286018289,927.737432561356
1954,83,2852.0,2553863.418843786,1758820.2549999722
1955,6,0.0,19492.93402656941,13352.00869407802
1956,2,0.0,6195.505425331879,4267.444996340352
1957,70,102.0,516737.749130964,356013.73847686
1958,3,0.0,2398.310570917174,1655.6227525596048
1959,5,20.0,44081.00539443658,30434.77708368976
1960,1,0.0,703.6533488628312,485.7521833731699
1961,1,1.0,7639.772474264488,5298.410056125877
1962,3,0.0,738.4094624895985,500.71791507776544
1963,1,0.0,4689.003567922972,3236.516834305151
1964,1,0.0,3253.923767237138,2247.174622384526
1965,18,644.0,416882.37395143823,287026.95787317405
1966,1,0.0,518.9412759808894,357.4096417066463
1967,1,0.0,371.2358611538543,255.623675518347
1968,1,0.0,212.8521331383788,144.37909754688064
1969,1,0.0,572.0028329147464,393.8674545646489
1970,1,0.0,167.9076641661206,115.61741139342529
1971,1,0.0,326.1270285180932,224.5550577254959
1972,3,0.0,1109.4397060696028,763.8641757720259
1973,1,0.0,1843.16389874013,1301.7163488967897
1974,2,0.0,24267.631753556037,16707.132417381086
1975,1,0.0,1559.573664148465,1073.7804627027413
1976,1,0.0,1030.563924942267,709.5491525001917
1977,1,0.0,423.8291000045788,291.8139411325513
1978,1,0.0,1544.6805527691815,925.4689844086596
1979,1,0.0,159.85337850058556,110.12366991956574
1980,1,0.0,1057.4413359435553,728.4821588797189
1981,74,3412.0,2498230.5156239336,1720540.0384735377
1982,1,16.0,50657.59406726814,35196.45255371497
1983,1,10.0,34838.62242699212,24000.60709704101
1984,1,0.0,498.61460207346425,343.65188504293764
1985,73,2163.0,1438640.314397669,990351.0806817388
1986,1,0.0,561.9173066726031,386.8696959639827
1987,1,0.0,928.1713777119792,639.0239165741746
1988,55,2082.0,1848524.0866496288,1273019.064963146
1989,1,0.0,214.2409567428728,132.12413908958533
1990,1,0.0,518.4598223905576,322.03158843927724
1991,51,1807.0,872105.701898256,600273.7950606055
1992,4,0.0,926.9773478733384,638.1859581180925
1993,1,0.0,2345.024873498522,1618.8530125871391
1994,2,1.0,8029.03333302088,5542.669857818081
1995,1,0.0,703.5364766923136,485.65583422860993
1996,9,0.0,4806.542304483023,3318.066020427829
1997,1,0.0,1058.4162120504338,730.7252942862725
1998,1,0.0,307.3379970587207,212.0063365677656
1999,2,0.0,3889.895286930449,2687.80541944727
2000,236,5693.0,13000250.696287906,9197015.35309395
2001,2,0.0,235.3386272071512,162.58954229755872
2002,2,0.0,14998.910731047396,10391.746996927875
2003,70,604.0,586429.0833010562,405971.2943850426
2004,1,0.0,1996.9669460761163,1386.324019429148
2005,1,0.0,439.60546014359306,304.51458075434425
2006,15,2.0,54925.04384852664,37943.68601228295
2007,44,3064.0,1862229.6455534403,1289152.729732368
2008,12,794.0,524153.0839937348,362613.8462922116
2009,23,1745.0,1227449.440719131,849069.1512845346
2010,88,2666.0,1253430.116137496,868008.1563877403
2011,3,1.0,20356.85115428716,14089.74770338261
2012,7,15.0,59276.640265215545,41008.33672431576
2013,1,0.0,486.0937069658089,336.37420982806185
2014,82,1500.0,4420782.926986203,3068125.117063248
2015,2,0.0,1364.8661836345132,944.404899836169
2016,20,1432.0,624035.5288696589,431405.1035491918
2017,4,0.0,6212.197763371246,4287.507948634222
2018,1,0.0,4581.338040075082,3195.7561597411504
2019,90,1251.0,36614278.57846595,25495194.015051726
2020,1,0.0,831.118052355095,575.1040641124353
2021,4,0.0,3649.4241490535824,2523.783630366945
2022,1,0.0,3772.262730332555,2621.303150667805
2023,4,0.0,10092.867252149515,6989.961635577807
2024,92,1567.0,3290059.6244875696,2274534.4640854085
2025,1,0.0,7599.423893182578,5242.612248397969
2026,1,0.0,363.7663478864463,238.68972136950435
2027,1,0.0,1089.312060187308,745.37170884101
2028,1,0.0,568.0896362274607,391.11165375590775
2029,3,89.0,107623.56529113324,74303.63112948512
2030,1,0.0,520.078171957023,358.9199220264072
2031,30,552.0,683411.3876371298,481876.0122875749
2035,2,0.0,347.1020714162338,310.0695691279063
2036,1,0.0,201.91979132711657,139.0661159001566
2037,1,0.0,659.7079057919324,454.3536026338909
2038,1,0.0,215.95279192927,148.76935888268503
2039,2,0.0,16970.33805849539,12716.505855643503
2040,1,3.0,85102.48223996063,58273.922515942046
2041,3,0.0,55844.300735457735,38963.70778518259
2042,19,552.0,669384.9517050884,462401.59313666873
2043,13,605.0,925640.8111402872,637340.5135016497
2044,1,0.0,3762.548871882254,2589.63622722472
2045,1,0.0,468.9275887213311,323.1465627423073
2046,1,0.0,248.9594713337508,172.13615326016517
2047,1,0.0,326.85696358354613,225.14026235531185
2048,1,0.0,354.5955473514725,243.98126983764567
2049,2,0.0,641.0989637206573,441.1426910547916
2050,6,0.0,8256.36856584122,5687.278313850125
2051,1,0.0,6647.78800550769,4572.610362337185
2052,1,0.0,839.406661631037,577.3723065931871
2053,42,1651.0,981409.945365107,675209.5565970624
2054,12,413.0,139711.76857552014,96139.65545032966
2055,18,626.0,309071.96307710314,212677.90834395096
2056,104,2463.0,2103320.050873382,1447455.8297081415
2057,5,198.0,101437.359693191,69803.12774065277
2058,2,0.0,2020.11154710664,1390.2832054304413
2059,1,0.0,1003.2255736573296,690.4404114035867
2060,1,0.0,435.8785256944685,299.8414713690921
2061,122,1326.0,691812.8526175646,475931.5218204254
2062,17,580.0,367853.3151546429,253056.9911900426
2063,5,16.0,31865.46609638185,22029.06025813885
2064,1,0.0,1614.1659204688465,1114.9756805507866
2065,1,0.0,548.1825032956928,378.281037978621
2066,1,0.0,1589.9461520672446,1103.2048691879168
2067,1,0.0,15986.965715230222,11034.97920575364
2068,88,2098.0,1567768.01137149,1081367.4071645625
2069,1,0.0,2502.967447290393,1722.2154118920555
2070,2,1.0,7989.092117494111,5519.304285887384
2071,62,2093.0,749651.0319851498,517106.4606909033
2072,1,0.0,3339.804779128365,2303.8807890502785
2073,2,0.0,7005.802925453891,4913.855311005626
2074,25,1135.0,631194.9251736259,436839.086795197
2075,2,2.0,23071.06764157295,15944.148614266074
2077,2,0.0,907.3423338532996,2236.4325007030097
2078,3,0.0,19342.18142213866,13182.642248043225
2079,5,0.0,592.7338556605484,632.9984523222429
2080,45,1059.0,829793.500425618,570021.3757888395
2081,1,0.0,3030.113677253154,2095.8968565142136
2082,1,0.0,136.90684226169887,94.65971799160084
2083,1,0.0,327.1817359701713,178.25472428648328
2084,6,6.0,157398.20864693777,107543.34121520932
2085,21,991.0,676007.2538777831,467052.5919863109
2086,1,0.0,8555.7889320649,5896.97952887974
2087,34,1343.0,1072150.2450243558,739942.6783979835
2088,2,0.0,1836.8328186573085,1269.0055016573665
2089,52,1540.0,1323061.352982132,913676.5383544522
2090,2,0.0,590.2757618514115,408.46786258815655
2091,2,0.0,669.5592447933407,463.3369803296973
2092,2,0.0,728.0506782146364,503.9944344567032
2093,1,0.0,614.7843702829115,425.487747353065
2094,27,1191.0,859779.3137781081,594771.0888432738
2095,46,1432.0,627245.6143735412,431613.2963888311
2096,36,465.0,311650.9069626578,214370.0096963272
2097,35,1009.0,412118.7171248096,283482.0955936505
2098,1,0.0,505.7441183919167,347.90228052711336
2099,1,0.0,685.4856122046673,471.5432566995553
2100,1,0.0,598.3542609705426,411.904901842945
2101,1,0.0,416.03419080186313,287.3568197855228
2102,1,0.0,663.3803758428893,453.39898337565415
2103,1,0.0,1738.9449879803046,1205.67521592046
2104,1,0.0,87.29696880028855,59.22957515006518
2105,2,0.0,1005.4882872611524,720.4301985179402
2106,3,0.0,427.3665419247697,295.74912379584856
2107,34,79.0,159690.0192155892,110615.8359825454
2108,4,0.0,6014.052747522655,4173.970687931299
2109,1,0.0,239.65242271336567,165.8445112778989
2110,1,0.0,472.8893299003353,327.42189071647545
2111,1,0.0,89.23632048623932,58.18596820852487
2112,1,0.0,81.30588027554784,56.29516282482598
2113,56,1063.0,881175.4121366404,609219.5083033569
2114,33,910.0,586593.5567755175,405875.73194083245
2115,34,712.0,449597.5521544768,311312.38979628566
2116,1,0.0,443.901212718536,307.363493937524
2117,97,1730.0,1160084.20737395,802381.5915450644
2118,1,0.0,874.2803677420633,605.9329717702487
2119,25,1339.0,600347.1053683558,414077.1796533232
2120,19,949.0,348152.2447348979,239948.96626646203
2121,1,0.0,727.624492252694,493.1398155375844
2122,13,1210.0,490376.7210370886,338315.61048456933
2123,5,49.0,62777.47431803272,43500.19571891777
2124,1,0.0,321.11416361210325,232.6936496705989
2125,1,0.0,321.55450931582044,221.854049943678
2126,14,1561.0,577889.0439395744,398695.4253236952
2127,1,0.0,77.74591802594352,53.6400385181075
2128,1,0.0,128.83999242698513,88.89984158926583
2129,1,0.0,75.24547466564486,51.91948766538587
2130,1,0.0,929.5644644848558,637.9961186876643
2131,1,0.0,5097.663230644698,3537.1513863698606
2132,1,0.0,730.2128866154014,505.4532314225999
2133,10,531.0,243508.76925903623,167891.92017777055
2134,1,0.0,910.9071087543192,628.1674784136065
2135,35,1112.0,677197.1835328671,466757.2458456133
2136,1,0.0,1094.6231569200738,789.0564431811734
2137,1,0.0,66751.99053631655,46002.56946616295
2138,4,0.0,34791.859955876724,23996.010224269627
2139,3,0.0,2016.313304167907,1390.2934851616958
2140,5,0.0,26359.630429301174,18175.90303382864
2141,2,0.0,4026.80430166343,2775.9528293411163
2142,38,612.0,539074.0309865205,371716.8604426428
2143,25,685.0,521912.3706812371,359863.991469143
2144,1,0.0,7831.05663086473,5405.229488020117
2145,31,640.0,435381.2249155915,300035.9514700188
2146,2,0.0,1577.9295678013616,1088.1162580037958
2147,9,298.0,175358.68557212467,120923.86120932638
2148,29,1322.0,765881.2103736538,528279.5941874873
2149,1,0.0,7582.087965057086,5226.8345053687135
2150,2,0.0,8977.701686490178,6190.669313799481
2151,2,0.0,6812.209467566725,4697.515449032476
2152,2,0.0,5755.02113010752,4011.1516606018617
2153,1,0.0,14833.08882950912,10246.62278647969
2154,2,0.0,62175.28134434981,42951.841787564175
2155,3,0.0,26153.95276908137,18068.447332582684
2156,1,4.0,5194.675096661143,3547.964121872328
2157,2,0.0,432.9472116224672,310.92366241524803
2158,2,0.0,40761.8486665368,28140.341447846527
2159,1,0.0,4359.989414743079,3140.0348649404373
2160,28,686.0,561517.890983466,387143.7573131493
2161,6,141.0,324093.0972581422,223983.34407920367
2162,3,0.0,43737.48681317129,30209.59483929281
2163,1,0.0,8522.157229134093,5887.509486047125
2164,47,1276.0,567429.3803074599,390320.5155769146
2165,3,0.0,2059.9723237170224,1417.0335973801475
2166,36,1527.0,705923.0902781477,485720.2553958976
2167,48,886.0,591195.9602704785,406650.020687669
2168,1,0.0,799.0101433385532,550.3191315669291
2169,1,0.0,8159.959592744743,5608.141244932916
2170,1,0.0,1864.4479848326491,1282.6636602129615
2171,67,2790.0,1502827.069699263,1034579.6656424436
2172,35,1601.0,932691.8405688264,642125.3362552212
2173,46,2711.0,1352076.4982763825,930900.0331516474
2174,58,2479.0,1149375.5778774826,791167.8401291505
2175,1,0.0,1555.6017995422426,1053.3789240448264
2176,1,0.0,1319.8885139665183,866.9388991705614
2177,14,334.0,175069.13410449482,120371.46473497624
2178,28,290.0,303559.4186986537,208736.08841234335
2179,7,0.0,4852.097630707857,3336.7964397762867
2180,62,1925.0,1419267.342041379,979953.6029522012
2181,1,0.0,14377.97474057174,9926.93060304617
2182,1,0.0,461.1839087013561,339.8022328141044
2183,8,0.0,4365.322127119975,3014.2171458705525
2184,21,934.0,756362.2407671126,522158.80198655947
2185,17,0.0,9664.682325404525,6671.937634852044
2186,2,0.0,138.7794361892774,99.45498229244104
2187,1,0.0,430.78944824518686,296.20667808059807
2188,2,0.0,359.97382264399005,236.3206383115156
2189,20,675.0,601074.3436037548,415493.1320647237
2190,21,1465.0,699813.3699883319,483113.5558923069
2191,10,0.0,15566.375123187594,10457.893515405633
2192,6,0.0,11148.1229918534,7544.313559515851
2193,2,0.0,5692.576926207783,3888.3060272512503
2194,1,0.0,1072.9481381134267,740.4135378368992
2195,55,2169.0,1160062.728542581,800718.6803940032
2196,1,0.0,69.35814010558306,47.83806443071275
2197,1,0.0,564.3431015575827,389.3363951178208
2198,29,1334.0,941063.7465996888,648454.3067205093
2199,1,0.0,1452.1790433901183,1001.5154443064524
2200,34,1915.0,622599.1701836238,429382.35463633685
2201,16,1717.0,388197.1389213259,267643.6244155264
2202,28,1040.0,645746.3494466147,444915.9393096121
2203,2,0.0,422.6623046766126,291.231856512834
2204,35,797.0,233151.32722490837,160659.02762771162
2205,23,1660.0,296724.298831655,204458.47808929428
2206,152,7611.0,1799863.6203584366,1240520.7618307152
2207,4,0.0,1029.5577083327894,698.7206207939767
2208,3,0.0,566.5583322474837,390.518843535281
2209,36,1332.0,517013.1732881166,356515.762788169
2210,23,1299.0,256778.90904602155,176981.73349062557
2211,137,3613.0,1148951.5456605954,791541.4579617066
2212,31,1937.0,571038.6030038568,393553.4705372373
2213,77,5631.0,1923703.1016969988,1325795.3844645286
2214,2,0.0,1776.257477278558,1246.2247561001227
2215,77,3242.0,1279354.9993327493,881556.7450272457
2216,4,0.0,12962.335843633076,8931.643394599358
2217,2,0.0,24.536862912753712,16.90722720542757
2218,15,1695.0,403300.39942179,278256.0818826282
2219,9,908.0,217452.42915633516,149808.346291131
2220,15,743.0,166624.1094138759,114825.25490127911
2221,5,375.0,166339.9588392112,114701.8115898593
2222,1,0.0,979.5136566675149,688.5161938579506
2223,28,1178.0,314901.2829966976,216894.9867061262
2224,47,2997.0,611868.8343711984,421462.3011636417
2225,9,0.0,23114.43393886485,15925.523877166544
2226,61,4146.0,917248.4701475962,631955.8548260655
2227,109,3858.0,1706749.47181065,1176350.4450696353
2228,2,0.0,1359.573051797507,936.5541098520852
2229,9,0.0,18378.649320828823,12659.057743693213
2230,2,0.0,896.2041787892797,617.5058565424681
2231,5,0.0,7748.192343182522,5336.338095046081
2232,92,4665.0,961515.7175462,662106.9252081256
2233,1,0.0,914.15721747497,629.6065345428332
2234,1,0.0,559.1378622926626,385.2652960475473
2235,3,0.0,25166.361652530915,17334.28819802112
2236,2,0.0,5072.246546311659,3494.563885865962
2237,1,0.0,339.75955045835286,238.46139672741225
2239,65,3251.0,2504789.9756573206,1723768.6049241342
2240,181,4849.0,3409375.029786255,2343951.157929152
2241,1,0.0,1168.7987156571153,815.3136297256146
2242,47,1433.0,711104.0155243109,489752.4944273963
2243,145,4173.0,2191205.6642888365,1509782.6201739665
2244,87,967.0,725301.0092093698,499665.9347094985
2245,3,0.0,15181.911504114843,10388.863482293302
2246,7,0.0,23713.13626946143,16281.081622117195
2247,64,2830.0,2973472.426576033,2051880.0050509195
2248,4,0.0,14219.001035329651,9234.896033144254
2249,3,0.0,412.1551753157454,283.8025449099699
2250,3,0.0,11676.328365763578,8040.438654779779
2251,1,0.0,4489.848403068114,2923.751990064632
2252,94,2969.0,2998150.601423888,2066888.7141849208
2253,3,0.0,20778.50683677128,14347.446377429014
2254,20,3.0,303716.7295722909,224054.43058476137
2255,100,4228.0,2755003.891888451,1898088.981577296
2256,44,2353.0,1421484.2937544575,979281.8140944716
2257,176,6097.0,4985989.143684902,3436270.608924894
2258,29,0.0,148319.91352504503,102274.83862199976
2259,78,2487.0,4268939.367386473,2944267.434444383
2260,80,956.0,1543926.5579388817,1064185.7282160209
2261,36,1465.0,668448.1959509329,460712.772444957
2262,11,1.0,81030.8484048468,55960.15819633638
2263,157,4377.0,6264097.19261197,4319031.454692469
2264,199,5868.0,3939301.762705491,2715339.973582055
2265,4,0.0,33168.88610314364,22878.787765557467
2266,4,0.0,4287.0835300966055,2955.266761003729
2267,268,5839.0,5623445.617800937,3879145.0119840223
2268,4,0.0,49468.071703589056,34097.68656921435
2269,3,0.0,2060.0572320234305,1424.3208289243507
2270,29,1682.0,489838.05669487966,338862.5923220083
2271,630,11353.0,41770027.434460886,29638626.55267717
2272,15,249.0,473820.3494877238,326651.4541768611
2273,34,1219.0,522697.0794591751,360261.8975537939
2274,245,8053.0,1928190.2755930456,1326911.172227728
2275,3,0.0,25812.360357046786,17776.40069140082
2276,79,1390.0,1276806.4793748618,879932.6034355992
2277,1,0.0,10308.404889790829,7115.045088224365
2278,2,0.0,22452.98355006289,15517.929660060405
2279,68,4327.0,859579.8949885748,591781.6982523073
2280,112,3921.0,744958.0135935048,513291.356333915
2281,24,956.0,447313.1696188119,307670.8501104808
2282,13,237.0,195568.0713077536,134542.48441821738
2283,5,0.0,5292.817278999581,3642.0319974040463
2284,150,6827.0,6152394.5313483,4232581.194699622
2285,45,1900.0,878963.2741183344,604402.7172505081
2286,21,707.0,334816.3395522537,230365.3378407888
2287,5,0.0,6486.285588522185,4463.204016435585
2288,28,788.0,349493.3901040883,240524.89531048463
2289,4,0.0,8930.998647673276,6148.115234173927
2290,9,381.0,202099.17247863652,139098.24162915026
2291,2,0.0,3824.745877626453,2631.514305653892
2292,11,666.0,292935.7557894337,201466.0845089125
2293,2,0.0,9882.39901580828,6800.113333386136
2294,13,710.0,343828.20612069394,236711.24689693467
2295,2,0.0,2236.0112692398607,1544.2036236689598
2296,84,12703.0,2998715.403496773,2062929.9069694728
2297,39,1772.0,1401735.3014908745,964567.6862278914
2298,51,1194.0,2419864.4186063106,1665208.930825761
2299,32,1218.0,500536.6100519399,344587.7474284571
2300,1,0.0,7184.58661908826,4947.251023837215
2301,1,0.0,13439.678941737207,9272.966105919972
2302,1,0.0,8502.261838543633,5849.672142092146
2303,28,1040.0,556598.6727423632,383074.5835180157
2304,2,0.0,12212.663431287943,8403.063805274844
2305,8,509.0,272902.2553558195,187823.670005588
2306,36,1294.0,591113.9172456213,406790.576697373
2307,49,1838.0,1280686.8759314325,881004.2219405907
2308,3,0.0,16372.82578364541,11267.054430697272
2309,7,502.0,277559.4975431758,190991.1248899898
2310,2,0.0,12886.948586405786,8869.296281640372
2311,24,2658.0,858915.6016549265,591179.7271742508
2312,5,0.0,9131.21381940304,6284.605881326114
2313,40,1499.0,749120.3239147578,515445.3132336366
2314,25,602.0,473176.8305075374,325629.74763009645
2315,20,658.0,847118.9500164709,583063.085048685
2316,41,2996.0,1472599.5676681746,1013286.4002871488
2317,2,0.0,1558.536049827891,1072.3609057913827
2318,12,1252.0,458023.7592331228,315235.1010237699
2319,122,7953.0,2428691.668096428,1671010.059919653
2320,170,6171.0,1755989.7769842774,1208072.634918435
2321,101,2681.0,1203085.6794712904,833733.5577473919
2322,81,3336.0,1270438.0986945168,874282.3940765176
2323,96,8749.0,1556361.8378228946,1070402.610962121
2324,34,537.0,391921.529520681,269636.8832043454
2325,34,2936.0,621754.1310386404,427794.0729386591
2326,6,6.0,1567390.5244583578,1105210.7885280205
2327,85,3380.0,1174617.161559438,808277.3428319496
2328,53,3212.0,934133.8129772923,642799.6592899013
2329,81,4083.0,1560159.8242854667,1073659.3383869904
2330,66,1295.0,883299.1697562828,607933.2780290679
2331,46,3133.0,1016795.2984694574,699790.4998786689
2332,1,0.0,3787.832926685774,2607.2926605916887
2333,114,5300.0,2261750.2612726507,1556622.3803217486
2334,1,0.0,2262.189589587041,1557.055787488082
2335,126,4271.0,2279974.667473011,1569663.4442572596
2336,4,0.0,6792.937153972804,4674.53414981551
2337,6,1.0,5690.157861661225,3907.647882712536
2338,34,705.0,471483.11220118863,324445.90568161214
2339,1,0.0,121.32632666743882,83.52570480488717
2340,4,0.0,12782.77631945587,8798.757591114942
2341,1,0.0,750.2919725765635,516.450857013164
2342,1,0.0,324.3988650851555,223.293480942854
2343,27,904.0,632078.8200215234,435008.6203508539
2344,1,0.0,401.3743831532476,276.28076824673474
2345,77,3626.0,1517184.5278023963,1044439.429881502
2346,129,7793.0,1486572.1623408184,1023617.656641935
2347,1,0.0,2915.8827324162826,2007.5039680153336
2348,2,1.0,4746.663020315247,3269.037273360315
2349,57,2370.0,1162504.1899981932,800992.5742104776
2350,161,6058.0,1259472.7048590954,867477.0778368136
2351,1,0.0,1702.7567779864244,1171.8841408988771
2352,4,23.0,90616.31685590516,62381.98312655051
2353,3,2.0,6951.902068008458,4803.834537302082
2354,22,1138.0,453784.2564342537,312268.56801193394
2355,29,148.0,255549.7014994579,175872.4428376911
2356,32,1091.0,476700.4051821277,328074.80944492033
2357,1,0.0,1857.5555924325895,1275.5527683807288
2358,6,0.0,6099.629667083316,4196.945754146966
2359,3,0.0,7589.634500833341,5222.228295000766
2360,41,2167.0,876443.6161785047,603072.850480332
2361,59,3470.0,1566204.0336730643,1077947.361488141
2362,2,0.0,3745.5952834986406,2578.0168796805438
2363,5,1.0,33605.78963245564,23138.009724213163
2364,68,1383.0,1271283.9516116728,875308.5451470861
2365,122,1163.0,1005056.6555719296,691848.1975890571
2366,1,0.0,1140.2515455552364,784.7647345900693
2367,2,0.0,1834.9280421876772,1267.2740710831367
2368,17,849.0,427625.86870624346,294239.15260394505
2370,1,0.0,714.6247072545181,493.395713273629
2371,3,0.0,15455.779630597555,10621.103704762125
2372,78,3849.0,2346435.740163499,1615630.489350017
2373,3,0.0,20501.477549093503,14094.736789325403
2374,97,2577.0,1682936.8633143497,1158604.712240347
2375,3,0.0,2605.7046287427133,1793.3931883595087
2376,2,0.0,1318.3473809161571,893.8412597365148
2377,4,0.0,3513.479089013088,2477.9483248553265
2378,14,602.0,392565.2619903368,270562.4356811929
2379,2,0.0,603.1155574548159,415.24284611994034
2380,1,0.0,389.8806976824877,268.43308748822926
2381,1,0.0,335.6313222464318,231.07800987926305
2382,6,0.0,13216.32367448202,9098.499097701651
2383,2,0.0,2428.4588683920497,1671.2682721398508
2384,1,0.0,12346.655953426382,8494.870665613334
2385,1,0.0,1489.395733517751,1025.5680145287138
2386,3,0.0,25412.42242407276,17501.157029262675
2387,2,0.0,6212.912579790908,4280.542230556736
2388,1,0.0,229.75635028827577,158.4433484337196
2389,1,0.0,373.9081037691573,277.429975527533
2390,338,6874.0,3490160.9520492954,2407159.776881103
2391,1,0.0,264.45899793585335,182.36054282919133
2392,1,0.0,180.0810867317905,165.7296565224528
2393,174,3524.0,1145245.626042328,789618.8330925843
2394,1,0.0,2328.8950389508504,1606.3106455261543
2395,1,0.0,699.5656552645544,482.51745166463456
2396,1,0.0,245.6387497487894,169.3890468010251
2397,2,0.0,410.5213105990592,283.07720092038585
2398,1,0.0,400.7137980538603,268.0318660485286
2399,2,0.0,487.78369536888187,336.3678466651279
2400,1,0.0,243.3025471264704,168.8975207260249
2401,2,0.0,246.3280773630381,169.86382208060704
2402,2,0.0,618.4895792378661,426.48511358962094
2403,202,5208.0,1720916.1991856915,1186319.3797036414
2404,1,0.0,241.4885390490001,166.53380434770855
2405,1,0.0,505.7273148914183,356.6507969484037
2406,1,0.0,222.1158919324531,153.16881013014606
2407,1,0.0,272.9594560361285,188.22975243785055
2408,1,0.0,768.5904636573637,530.0118309600273
2409,1,0.0,481.2021077583897,331.8419995292205
2410,6,0.0,3548.7094263801027,2440.0350303523687
2411,1,0.0,990.925146633764,683.1118712656418
2412,32,701.0,332249.955216487,229052.7248576564
2413,4,0.0,307.8367901522864,212.3940712866827
2414,2,0.0,238.93901822578343,164.72850035339653
2415,2,0.0,269.3320139954749,185.70531537838087
2416,2,0.0,12725.555807326982,8772.510985780285
2417,2,0.0,641.9482575077742,442.5677919629845
2418,2,0.0,4136.151159152018,2851.167081118496
2419,1,0.0,410.24376353222897,282.79431886694977
2420,2,0.0,2678.927067669661,1846.78303871324
2421,2,0.0,2533.605805440125,1746.60762575249
2422,2,0.0,719.9899380952565,496.39118162658826
2423,1,0.0,244.531399548204,168.61415908815167
2424,1,0.0,222.16762273925397,152.9304433689105
2425,1,0.0,239.67488024315168,165.26692785011923
2426,1,0.0,245.510570281515,169.27662558080888
2427,1,0.0,630.6199270572604,434.8395665279488
2428,2,0.0,655.5142004156071,451.9687871375575
2429,214,8858.0,2249988.214822764,1550703.3348569945
2430,26,1063.0,350513.48642688326,241602.72636679857
2431,1,0.0,270.4253395803869,186.3920980591392
2432,1,0.0,642.0287863153538,442.5701825177409
2433,1,0.0,326.5145673773715,225.0776461117212
2434,1,0.0,205.8140459281045,141.87407197919492
2435,1,0.0,380.75156574914126,262.4621765873407
2436,1,0.0,265.1545690406033,182.7790107557116
2437,2,0.0,315.56035552492347,217.46989053384365
2438,2,0.0,636.0572262638686,438.320294598172
2439,2,0.0,340.46558053577405,234.61068690710397
2440,1,0.0,275.17096159132586,189.66426864467127
2441,1,0.0,589.6425279077438,406.4156478300184
2442,7,0.0,12838.4038803013,8840.28480275685
2443,33,1508.0,909102.6588363542,625671.4281886586
2444,1,0.0,350.2525807722357,241.19674975128865
2445,3,0.0,19315.284125906823,15319.244431873369
2446,3,0.0,9567.073728364168,6583.466162423016
2447,49,2533.0,1017871.3490152934,700728.9248647754
2448,87,2167.0,2129867.3293437352,1478847.4519764904
2449,62,1489.0,1237307.4256652764,1119209.7944537883
2450,1,0.0,2760.9395717100274,1781.0367737369922
2451,122,1530.0,1405725.716011138,978421.4082766376
2452,2,0.0,642.7886061396456,443.7445321006397
2453,1,0.0,737.7533831952687,509.5644908696573
2454,9,0.0,17989.208200080404,12428.009378993507
2455,12,0.0,45345.191989111125,40363.96820141556
2456,6,0.0,21286.85550930117,14690.57628125025
2457,2,0.0,626.1264482746152,431.8687942569528
2458,158,4357.0,2757736.8945245226,1902399.460985343
2459,1,0.0,7493.590919333149,5172.119711973309
2460,97,4938.0,2959815.794196837,2043010.3039005315
2461,2,0.0,635.5423157814956,438.4069041345451
2462,53,2454.0,2226249.941191464,1535809.3163644332
2463,18,272.0,473366.27660423424,327958.3628720002
2464,13,5.0,55750.41985963589,38461.79105058123
2465,2,0.0,546.2127046098678,376.74782052325
2466,2,0.0,4218.973621780465,2929.588180837025
2467,2,0.0,661.900706635296,456.58955133679854
2468,1,0.0,1674.2139261411255,1154.9766396317707
2469,2,0.0,6342.931310500618,4375.931283188046
2471,176,7341.0,5191903.211578968,3591094.6890656715
2472,12,0.0,20038.79175489602,13842.89539327794
2473,11,0.0,8496.974571133653,5868.067798545229
2474,1,0.0,513.8280460064902,354.816987082916
2475,1,0.0,1882.4816968339849,1299.9984253044834
2476,1,2.0,2752.001718260075,1900.440967236516
2477,2,0.0,1712.4800718968131,1182.2416815264637
2478,5,0.0,7299.003366512848,5041.173118016818
2479,3,0.0,1593.6076595601176,1100.1820366113166
2480,2,0.0,1088.8853488454529,753.6253793270907
2481,1,0.0,478.40585506237227,331.10615700325525
2482,4,0.0,787.4586619054796,545.003026712386
2483,1,0.0,492.1867471746599,340.6479211854456
2484,1,0.0,841.6485406417876,582.4464105594168
2485,2,0.0,998.4540710348498,690.9602708787526
2486,1,1.0,670.091698945945,463.7198413243869
2487,1,0.0,717.801485023077,496.7399762391868
2488,1,0.0,528.5508872827769,365.7758656877703
2489,2,1.0,5197672.455297491,3556565.6495250445
2490,1,0.0,210.75979854754252,145.72731133776972
2491,109,1844.0,1726600.49347003,1197222.0677442704
2492,1,0.0,1494.5044380487936,1034.893626568209
2493,6,328.0,310185.2892247045,214782.44092191663
2494,1,0.0,380.653879971682,263.52558284446377
2495,2,0.0,7085.513657940155,4907.485536098536
2496,40,1613.0,3496359.8694567555,2158002.990567486
2497,2,0.0,15204.766135760625,10520.417012410548
2498,3,0.0,12646.787664004,8732.070498705953
2499,1,0.0,1222.0083404137426,842.5958756084977
2500,2,0.0,4237.996811868048,2922.9175409485542
2501,1,0.0,784.1034317271676,623.4268627612506
2502,2,30.0,63101.43799495384,43487.37261326537
2503,1,0.0,103.6126594273064,71.54110419211163
2504,1,0.0,4388.683905512877,3034.121772829071
2505,98,3130.0,2129713.295877828,1473761.2197929216
2506,28,799.0,402761.5849258439,278268.3224126323
2507,23,783.0,425039.4504545151,294661.38263780565
2508,49,1124.0,852137.0955195237,588931.6013812739
2509,1,0.0,5072.723311129117,3502.8117716101365
2510,2,0.0,1700.9591544017549,1174.547020988009
2511,1,0.0,4983.954402254796,3441.5504766138897
2512,22,1068.0,754542.667442526,520386.81054578704
2513,2,0.0,7481.499356265354,14506.901743080669
2514,88,3379.0,4141376.332647685,2840247.4312843555
2515,3,0.0,5208.883748361828,3618.3229123618103
2516,19,20.0,101715.2126030486,69959.81494152901
2517,1,0.0,675.1290007171502,533.2866222266503
2518,1,0.0,1702.1088798652158,1169.150024190913
2519,2,0.0,4551.847862294129,3259.6386308482515
2520,80,3543.0,2153247.9322700584,1486314.160974785
2521,2,0.0,12856.26736487559,8872.495491081958
2522,1,0.0,6508.68608240221,4474.509461195356
2523,1,0.0,6438.658011043862,4426.972983981107
2524,1,0.0,6683.015062110449,4594.997669610252
2525,8,19.0,69885.36955958468,48047.88719925356
2526,1,0.0,22835.25847467545,15700.620404669948
2527,3,0.0,3210.3851642096315,2242.8010233304417
2528,1,0.0,1787.660437053282,1235.704030761913
2529,3,0.0,3839.759481738512,2653.0096608159024
2530,1,0.0,256.90679943588776,177.59368048520173
2531,6,257.0,215207.99799171288,148772.1485825572
2532,1,0.0,2336.869406253582,1615.475451776043
2533,1,0.0,204.3374883558929,141.25859701453857
2534,1,0.0,1676.9106648180557,1159.203775002595
2535,32,127.0,393409.2424474175,285312.341886244
2536,1,0.0,2902.2401006413006,1995.2924178867063
2537,1,0.0,91.48599315982192,62.84598275668944
2538,9,453.0,5714878.901602222,3924979.103409054
2539,29,961.0,588106.041042,403936.7605450541
2540,1,0.0,1255.549575251032,862.4200325098631
2541,4,27.0,161680.39029486364,111041.1515061967
2542,6,468.0,239680.7923596181,164609.77733148102
2543,7,286.0,180127.91945011972,123703.14609548572
2544,13,225.0,1686825.4690366157,1157710.0600551593
2545,1,0.0,264.6299613005651,181.67014551375743
2546,1,0.0,237.6930304538795,163.1774958238536
2547,12,1719.0,256330.27812820688,177393.75885625504
2548,2,0.0,548.2324704998169,378.7381205956953
2549,1,0.0,325.6180026087921,223.3376145621989
2550,17,129.0,157948.48807372528,108583.95207608216
2551,2,0.0,1228.1255458657577,838.3983134046383
2552,1,0.0,763.3516123614477,529.015498953276
2553,50,1086.0,1393160.7670990007,965579.0939960476
2554,6,0.0,30340.4016577193,21023.245789782384
2555,44,955.0,2610778.6313699046,1809725.2433511456
2556,1,0.0,5450.246981619665,8437.427710766475
2557,2,0.0,255.6140689881921,177.0593253059168
2558,2,0.0,70.35587122049257,48.73446455476838
2559,3,91.0,1248202.5105436614,948489.763608258
2560,38,156.0,3334818.4250751715,2422450.329708579
2565,20,876.0,1675286.8630514804,3826832.575662562
2566,42,837.0,844406.5897292945,1203810.069827792
2567,4,0.0,1064.876323883642,737.9807626654497
2568,27,347.0,586694.6932743075,437974.0799903385
2569,1,0.0,92.77280334963912,64.26385094238283
2570,4,0.0,19240.54935518972,13329.158672516614
2571,1,0.0,122.11638890463988,84.59054854758861
2572,8,0.0,11972.199391659104,8314.91215528522
2573,14,283.0,504314.6766897013,349619.0936132101
2574,60,640.0,1934629.330800069,1384710.553079815
2575,1,0.0,258.10878460820163,178.79235622118017
2576,1,0.0,61.6029327670471,42.67241575376429
2577,1,0.0,146.8237526521014,101.70256874802892
2578,1,0.0,52.77953925447064,36.55961994928912
2579,5,6.0,19053.623657147,13186.78063627647
2580,2,0.0,3509.578067589777,2432.566418488259
2581,1,0.0,463.1806818170974,320.9823167110762
2582,10,0.0,38608.236742246816,26747.15183630964
2583,1,1.0,1981.2671366499471,1373.8242454601634
2584,1,0.0,687.2601654828658,476.5090026709174
2585,7,405.0,634824.1420948836,440215.2062712612
2586,29,1263.0,904968.7792059714,688587.0639581208
2587,28,590.0,449456.5289870034,1001449.8922586462
2588,5,0.0,22743.341501230723,15768.975114083973
2589,2,0.0,2645.3919910796426,1834.3371121946725
2590,23,709.0,323850.6062933464,224823.53229198937
2591,76,2058.0,2424220.1884525195,1680701.6178844357
2592,18,234.0,2332479.420206504,4201381.89112599
2594,9,0.0,13850.228535123892,11037.03581046041
2595,52,1328.0,1338339.6788109748,927250.31589666
2596,4,0.0,7387.022480787038,5121.179548110907
2597,22,432.0,608561.7578289608,421854.0403541455
2598,3,0.0,2112.0821904197737,1464.041224647347
2599,4,0.0,12852.48954917182,8909.528359601716
2600,46,1418.0,1487686.3788689366,1066557.0665815226
2601,1,0.0,652.8084620027171,452.6292626369266
2602,72,1265.0,1575758.2593576738,1092420.0186574068
2603,3,0.0,3316.481900947874,2299.6760708018646
2604,127,3073.0,2558738.440317176,1774922.359667007
2605,13,0.0,17918.376490530118,12417.510041721263
2607,2,0.0,1459.1222330348892,1011.769974795709
2608,58,494.0,768352.5001384546,532523.1897722041
2609,3,0.0,11770.076540867698,8145.901410499447
2610,1,0.0,4715.03696465713,3292.851240345739
2611,1,0.0,677.5017031815889,469.07775550955495
2612,1,0.0,21.494867329890788,14.88229779766908
2613,1,0.0,429.4167292773259,297.3144537433632
2614,2,0.0,12093.640864760082,8321.838322181606
2615,3,0.0,4780.304881433185,3924.6032873403424
2616,1,0.0,467.9716933817931,327.73898416660586
2617,1,0.0,217.58770820814212,150.72956300264713
2618,1,0.0,1439.9271032058225,997.4704616391388
2619,1,2.0,862.24075968962,597.5509604886465
2620,1,0.0,185.6759907684028,128.55552222027595
2621,418,8197.0,21385954.22793006,16149834.43770426
2622,1,0.0,4154.137072313998,2878.833374230009
2623,6,0.0,31083.90351813133,21476.925824535207
2624,1,0.0,921.0987400319942,637.9227501632536
2625,1,0.0,14092.10209394798,9759.778479392766
2626,3,0.0,18465.574844177438,12807.871431134046
2627,75,2322.0,1369017.805667159,950761.3621898304
2628,1,0.0,35.831693838767926,147.356857061702
2629,1,0.0,18739.30767597995,12883.48435944977
2630,36,1190.0,380963.0643886609,264332.3121553987
2631,19,912.0,315000.89459567866,218585.40053932412
2632,1,0.0,239.0064989075668,1299.695761312428
2633,46,1424.0,773212.4085147388,536581.2592637831
2634,83,1722.0,646602.5370182779,448415.39889859606
2635,54,1535.0,5958247.272435857,5373560.290750729
2636,12,0.0,10941.708182882106,7728.889019521957
2637,17,0.0,105917.69196522771,80785.73397904079
2640,115,4191.0,3337352.7669582865,2346618.883213611
2641,20,774.0,417284.404429974,300667.2498970032
2643,26,72.0,1025650.128961741,727910.441858264
2644,2,0.0,803.3597825912793,557.6069796290201
2645,188,509.0,11806852.272991825,8363146.663682107
2646,3,0.0,2520.110971447241,4893.863995346167
2647,108,2321.0,2471682.3130262936,1904113.8660922104
2648,13,0.0,11524.195253553942,8005.429506108912
2649,4,0.0,44791.82005406167,31093.271447107647
2650,292,614.0,45305505.13934662,32105050.251139905
2654,36,1051.0,790597.8483412659,543906.8217740043
2655,1,0.0,144.13058100906545,99.16473828238615
2656,102,2627.0,3342545.780107235,2347293.4441444995
2657,49,139.0,16471724.324341282,11535387.259290004
2658,107,482.0,72180111.79273687,50379323.23035404
2659,4,0.0,13098.942067464468,9092.026718120156
2660,1,0.0,6962.94339656424,4833.183464961162
2661,3,0.0,1336.8237105306923,1198.583611787132
2662,3,0.0,770.6469404439014,534.3564738905561
2663,1,0.0,486.7724770479582,334.4238698801005
2664,1,0.0,348.22895528212536,239.30587234548548
2665,1,0.0,788.6102163094998,544.738710511302
2666,3,0.0,6746.878798714463,4651.631798420402
2667,1,0.0,602.4045134959941,505.9109566073132
2668,114,5963.0,2376311.334450589,1631908.427786582
2669,126,2931.0,13952623.1725553,9698550.64919303
2670,2,0.0,259.0412652205269,178.7075393386924
2671,5,0.0,469.7188756404299,324.0499035196924
2672,1,0.0,44954.41586070221,31057.609389399982
2673,2,0.0,15143.51562879734,10472.047419391814
2674,4,0.0,5084.360011567786,3517.4642310342124
2675,24,1107.0,735068.1137528417,505685.2218413357
2676,1,0.0,733.9302040418428,507.4865231814856
2677,1,0.0,196.054777742792,135.56458108088032
2678,1,0.0,155.18874053666676,107.30774279836012
2679,13,264.0,264329.62942873273,182748.56259623263
2680,1,0.0,407.4190131656271,281.70595804325575
2681,1,0.0,219.89636886945223,152.04502012591135
2682,1,0.0,188.28259195851908,130.17039797057205
2683,6,200.0,215416.88058254955,148953.37495464348
2684,10,0.0,2368.382908712696,3505.581856604082
2685,1,0.0,755.3113538843295,522.6594218802638
2686,1,0.0,181.48227386028648,125.5817132068724
2687,1,0.0,227.27498277539,157.26968826887355
2688,1,0.0,250.6943364211685,179.4705120263696
2689,1,0.0,926.4604258238084,641.0553218929547
2690,1,0.0,1599.0896781356446,1126.7237752158594
2691,1,0.0,131.34636351158082,91.30497208062462
2692,1,0.0,186.42139318693037,128.99558581254206
2693,1,0.0,1371.7067932274383,941.4889555920786
2694,1,0.0,4361.449773003621,3011.7866922488206
2695,1,0.0,4644.812504472738,3188.057962515316
2696,3,0.0,3905.6737900434823,2711.9797837008123
2697,6,0.0,16364.506183517176,11287.840487533782
2698,2,0.0,11326.13166560409,7881.160563538035
2699,1,0.0,1531.7683233839618,1059.919948225108
2700,273,3051.0,248106048.9158668,175029647.94950494
2701,134,2324.0,92015677.6949518,64727929.03092751
2703,52,2761.0,856171.7360415275,588752.8269397622
2704,1,0.0,1510.0124667548355,1037.372654441628
2705,1,0.0,4583.862314396377,2841.1153184706704
2706,1,0.0,413.7584953872996,284.24976612373223
2707,2,0.0,1068.9417606067796,735.2320963155814
2708,1,0.0,253.6575019590344,174.43837968986503
2709,8,0.0,18192609.005872533,12647995.02382288
2710,86,674.0,43004578.78286762,29214889.97568205
2711,39,227.0,45758238.095597945,31766735.676246423
2712,1,0.0,164.13918549460504,113.58275876219224
2713,2,0.0,16814.127522539697,11634.836839738951
2714,1,0.0,194.89944422652636,134.62070458731438
2715,1,0.0,221.69090907005904,153.12701670965262
2717,1,0.0,789.0859172455549,543.4371681876702
2718,32,622.0,666747.6630579885,461716.6608958586
2719,2,0.0,876.1696702827089,606.489232663889
2720,3,0.0,724.5912316292862,498.9820436885514
2721,1,0.0,184.1624811683439,127.06373153961736
2724,1,0.0,20693.888856356763,14305.332856151375
2725,1,0.0,1509.6459102241356,1043.5623514457654
2726,26,789.0,820270.8640152566,567263.2636651053
2727,5,0.0,43273.89888924261,31800.55033006882
2728,4,0.0,653.6402166646675,451.8741839855795
2729,1,0.0,786.9482426720622,527.3087513087403
2730,2,0.0,1276.230105060349,883.4204970099577
2731,1,0.0,240.08178206168887,165.66757177794543
2732,1,0.0,187.17431160905124,129.57338649403113
2733,8,0.0,23540.92367270228,22276.423023991458
2734,1,0.0,1018.4296646503404,704.1366890800869
2735,1,0.0,314.0815048463788,220.4227865603256
2736,1,0.0,419.2835510205038,295.4896501280114
2737,26,1511.0,744279.4788514412,513643.3409321412
2738,4,0.0,26667.14258317173,18452.08376426188
2739,1,0.0,218.15186334327365,165.99014217342966
2740,5,0.0,9999.809299750656,6918.100167965289
2741,1,0.0,1173.3834292524807,809.2854268259582
2742,1,0.0,258.38977926594185,183.3424887901378
2743,1,1.0,6821.100888248968,5160.963941398633
2744,2,0.0,166.45559242816793,112.55425315564467
2745,1,0.0,33.754874829589724,23.30616113063315
2746,1,0.0,3403.9140675505823,2361.600662827392
2747,77,789.0,1060556.2307578507,734543.5132740331
2748,1,0.0,1040.7801561996523,719.8589994746167
2749,1,0.0,331.2876168316842,243.42916006173525
2750,86,2278.0,1792837.6398866738,1238287.8065301508
2751,2,0.0,2786.3948228368536,1926.926029941941
2752,82,675.0,620011.7260403798,431232.33739614027
2753,2,0.0,1473.0580435475465,1020.3638731642002
2754,9,0.0,13322.259222900451,9221.221515130894
2755,1,0.0,1240.2370056466657,856.916540790909
2756,2,0.0,1483.6245096916998,1026.0269080193711
2757,2,0.0,435.3384184101116,299.9988538162638
2758,299,4518.0,3989838.361510912,2759388.1523073465
2759,1,0.0,758.4480073371715,525.3864022620429
2760,1,0.0,1503.8851399496723,1037.1576005915786
2761,1,0.0,1375.2910559811482,934.5111637994896
2764,1,0.0,238.20130530626747,164.69064644856385
2765,3,0.0,5140.845526019622,3562.698738025086
2767,1,0.0,1935.3876327069868,1237.272344747497
2768,1,0.0,6678.645876337032,4591.279901513389
2769,1,0.0,6346.97947411453,4378.474382112366
2770,7,0.0,38886.60516773555,25547.426908615835
2771,2,0.0,3509.4303185814883,2471.943376403979
2772,1,0.0,840.6819042788185,578.1428540289733
2773,4,0.0,2858.878116632733,2244.054749364982
2774,1,0.0,363.317831481052,251.2837219950092
2775,1,0.0,89.54152506497874,62.309242940348376
2776,1,0.0,120.99930722941774,83.2909637545136
2777,1,0.0,2724.607796113509,1880.013455173992
2778,3,0.0,1119.620397726183,726.1471454187795
2779,2,0.0,4613.594913684803,3180.9341596251807
2780,1,0.0,742.9828458923832,512.914020157741
2781,1,0.0,1215.330096175116,839.1945772572394
2782,3,1.0,15070.194043449485,10423.823109195117
2783,3,0.0,1557.104631769566,1074.9231071727684
2784,1,0.0,502.2023159907069,346.6881590682094
2785,3,0.0,1629.093487585688,1124.6135377657624
2786,1,0.0,221.787042045519,153.10078653088922
2787,1,0.0,1866.5935253133543,1290.0784047571065
2788,1,0.0,19.43126903235008,11.935307879905467
2789,2,0.0,1125.3135331536128,776.2287556273582
2790,1,0.0,317.685068488453,219.13816803914088
2791,1,0.0,81.8743488654907,55.99699177696445
2793,1,0.0,948.3903761169224,654.6254962385293
2794,1,0.0,1179.00130695821,812.9921103302606
2795,2,0.0,9226.902285260418,6344.419379405403
2796,1,0.0,1656.4112377365832,1143.814835977067
2797,2,0.0,6631.755189681571,4579.629396926162
2798,2,0.0,2300.2203767105048,1588.5019446420322
2799,1,0.0,2990.9841110481307,2076.6200148635044
2800,1,0.0,1243.0449786623412,854.590852598702
2801,1,0.0,315.25996601865,216.74030152424183
2802,1,0.0,240.79681893146375,165.5480700141668
2803,6,0.0,5170.98237147172,4471.673992417324
2804,1,0.0,544.4989834820574,376.0844073571389
2805,1,0.0,344.10723629669576,234.00069742952445
2806,4,0.0,3214.989349551159,2218.641800052561
2807,6,51.0,49166.57233577755,33945.52450274195
2808,1,0.0,310.10963335625445,205.48459977751656
2809,4,0.0,13109.589718390767,9051.456681696736
2810,1,0.0,1175.467316077944,812.5292158767472
2811,1,0.0,326.71231283007194,225.846779007898
2812,1,0.0,295.2448301657587,204.14907413646503
2813,1,0.0,5678.645046706163,3935.421838375194
2814,5,0.0,14023.244227723591,9719.177077435155
2815,1,0.0,9.0840075831273,6.267734383070762
2816,2,0.0,4286.41827017739,2957.2554474572376
2817,1,0.0,61538.42976346732,42437.68169454834
2818,2,0.0,11212.071350126364,7720.211436333681
2819,3,0.0,7953.03940628178,5468.486975847006
2820,1,0.0,16229.289856215972,11165.099225964144
2821,1,0.0,1667.7521049893253,1125.6209042658172
2822,2,0.0,235.603090956783,163.07143337312488
2823,1,0.0,172.45422794559914,119.36307660189954
2824,7,0.0,130197.593265433,90084.25358843803
2825,1,0.0,49085.162249016896,33975.69669091509
2826,2,1.0,2189.340159975915,1503.7829332345725
2828,1,0.0,1751.9282273262338,1209.6356489658565
2829,1,0.0,2355.050286835238,1684.270490869938
2830,3,35.0,6574528.6714684,4558641.446784424
2831,2,0.0,1337.5494328048917,924.7820000885762
2832,21,301.0,279582.8793927292,193843.7216900348
2833,1,0.0,514.0143341011772,355.38773336938783
2834,2,0.0,684.5392753045583,473.2881937049942
2835,2,0.0,535.8405517669537,370.4821926398245
2836,1,0.0,1329.6958657081927,928.0122334316528
2837,1,0.0,3667.643488502151,1984.5901709036568
2838,1,0.0,414.0730295378789,284.28525853044147
2839,2,0.0,4597.484100235837,3160.494322870353
2840,4,0.0,5645.191792227148,3884.243220461966
2841,1,0.0,1007.7165834479922,693.3478144891324
2842,1,0.0,2916.5666054007343,2006.666791573539
2843,1,0.0,447.4598423130146,307.8683447065729
2844,2,0.0,467.69083483557625,322.39628936776467
2845,1,0.0,305.7381733098389,211.35265288112728
2846,1,0.0,234.84897797599228,191.0995326981617
2847,1,0.0,1674.335724457737,1154.2560628403662
2848,1,0.0,298.1692094526876,5020.733234411739
2849,3,0.0,85315.96921179027,59150.19191436471
2852,7,3.0,432912.6126717488,317803.3840999356
2860,2,0.0,562.0418564887863,387.6931184528647
2861,2,0.0,235.2716157936375,162.23866224155915
2862,2,0.0,267.0875431409101,184.1792934266801
2863,2,0.0,244.27481698388004,168.56145778374935
2864,2,0.0,240.61274472979088,165.92102778949953
2865,2,0.0,475.73393531402513,328.05531262455617
2866,1,0.0,744.0048793140219,518.6022877958617
2867,1,0.0,183.78981052206987,128.10872835243873
2868,1,0.0,2775.9268935878004,1922.4972988861405
2869,4,0.0,9601.052996439194,6648.769625639676
2870,1,0.0,1993.6547624506493,1380.6916866704687
2871,4,0.0,12646.116132704752,8749.662866621526
2872,1,0.0,3965.144137148604,2723.0893395616085
2873,1,0.0,3617.758694836708,2504.643949438826
2874,1,0.0,397.7312452863313,275.413834314232
2875,1,0.0,636.3562615699268,440.7015273642818
2877,1,0.0,320.80525099883255,220.3209822200937
2878,1,0.0,762.0576302692583,526.958809211316
2879,1,0.0,757.4391656672833,523.7632916100688
2880,1,0.0,304.062364781602,215.55539195366904
2881,1,0.0,525.4686459246547,360.1308260047185
2882,1,0.0,909.0687178997288,628.6195305265587
2883,1,0.0,849.8100601128681,587.6447433803822
2884,1,0.0,858.2351470634725,593.4835608201506
2885,1,0.0,297.80928221611475,205.94084706584408
2886,1,0.0,197.33298936081027,136.4584393657405
2887,1,0.0,236.1872446814805,163.3269617373735
2888,1,0.0,17319.971865043175,11964.657550677934
2889,1,0.0,324.4362260305338,224.15303533044687
2890,1,0.0,2642.0108494111723,1821.7437633229504
2891,1,0.0,1681.2828146701686,1176.2820034474669
2892,1,0.0,1296.2887605415249,898.0131896161502
2893,1,0.0,1045.4058209523257,722.5539818348889
2894,3,0.0,3281.333984938849,2266.117179402349
2895,2,0.0,3184.839482449562,2194.548805911239
2896,2,0.0,302.1984460342364,208.6406980269865
2897,1,0.0,386.5878427559471,267.84920539761214
2898,1,0.0,560.9146857746481,387.32445034227896
2899,2,0.0,2499.6666499418816,1720.7431943361414
2900,4,3.0,34438.041590491644,23829.94487106905
2901,1,0.0,1104.95401037278,763.0633161577036
2902,22,1064.0,692463.9061061405,479304.9816879125
2903,2,0.0,12932.516118982188,8784.316058705841
2904,6,0.0,22002.48582405779,15851.158507880766
2905,1,0.0,214.2751131842911,148.34028680475677
2906,1,0.0,464.45752210633214,321.60074705189874
2907,1,0.0,78.15733841599169,54.11799961567998
2908,2,0.0,1856.5309864111728,1291.0978463333336
2909,137,196.0,12442621.152977934,8684398.959316453
2910,10,6.0,26916.632911373134,18591.500329369937
2911,1,0.0,242.15564118352225,182.2339346333036
2912,5,14.0,37089.93036810421,25605.83335096121
2913,25,41.0,111047.63753363416,76710.43349178297
2914,3,0.0,3561.205473809377,2458.868693139484
2915,21,51.0,107279.11096739685,74069.57977809623
2916,7,1.0,10411.966481960564,7203.57337616359
2917,2,0.0,600.0880945357225,415.2288438649296
2918,3,0.0,35314.92661462493,24435.27386651217
2919,1,0.0,1306.399810639402,904.6351187683684
2920,2,0.0,4534.947319026684,3139.393082651485
2921,4,0.0,477.87876324852425,331.11381041032337
2922,11,2.0,56764.7966523009,39273.04160897572
2925,1,0.0,3011.166589276494,2079.216309435744
2926,10,32.0,93183.8009062824,64112.499092424645
2927,2,0.0,843.5719331300313,582.2804171683129
2928,1,0.0,482.0958765386599,332.54280941555874
2929,1,0.0,1119.4971688182718,775.0753266023934
2930,1,0.0,549.6284635231701,1111.5550227966146
2931,1,0.0,191.59591031741147,132.65044009225335
2932,45,1224.0,1287736.2798275992,891518.2599316636
2933,1,0.0,7300.904769791112,5036.59437527268
2934,2,0.0,242.3378684727644,167.17203986906787
2935,1,0.0,455.72659731115016,280.83505731309737
2936,2,3.0,26906.96803824653,19216.54030261205
2937,1,0.0,45.90629776476645,31.665481775598607
2938,6,0.0,3632.958286762469,2711.7424623359407
2939,2,0.0,1204.025240719766,833.5744163985446
2940,1,0.0,236.06253132310144,162.87575312374642
2941,1,0.0,165.55140172010215,114.1883786985292
2942,1,0.0,291.20774283222386,201.3599915527172
2943,2,0.0,1090.6145914998283,755.0595172994364
2944,2,1.0,844.7336390118265,588.7399054969666
2945,1,0.0,1827.7002549671724,1261.0845326501435
2946,1,0.0,51.38489297054906,35.46585019681374
2947,2,0.0,1140.2197766671932,786.8710661684081
2948,1,0.0,897.24714175679,619.1719300223832
2949,1,0.0,329.3227466077454,227.37501510234503
2950,2,0.0,1270.8460167144283,877.4354051721249
2951,1,0.0,338.6123926657562,233.790173684809
2952,1,0.0,353.08377278315805,243.7820289565077
2953,1,0.0,370.68155706391474,255.93249557297744
2954,3,0.0,2760.5980349578576,1906.0305057062933
2955,1,0.0,709.4884022648421,489.8626006431182
2956,1,0.0,421.30468465442726,290.88810474519806
2957,1,0.0,791.7272863501454,546.6458159977459
2958,1,0.0,844.7982917779849,583.2898313358908
2959,1,0.0,436.1559252637117,301.14377716092326
2960,1,0.0,454.29966813387153,313.67149293133707
2961,1,0.0,458.9633327979748,316.8918995209341
2962,2,0.0,942.1168302833918,650.4870976748189
2963,1,0.0,467.87126067048206,323.04353277098573
2964,22,0.0,21659.650983317904,14798.364960415684
2965,1,0.0,234.79761683062375,161.8447432120887
2966,3,0.0,11557.185850653384,7944.330242115887
2967,1,0.0,730.6783714997875,503.6256867086387
2968,1,0.0,1021.7556696169056,703.5614127996294
2969,1,0.0,197.6683599186572,136.6032972873348
2970,4,0.0,11290.754080335824,7834.207860889212
2971,2,0.0,630.4159249365756,435.62985308594153
2972,44,1527.0,611379.068570683,422623.1951293318
2973,1,0.0,80.45321634113704,55.607351415318334
2974,2,0.0,652.6051480815271,451.062322504108
2975,6,1.0,23156.64652892676,16011.540284269196
2976,61,370.0,1318386.2464076371,911293.8220816258
2977,9,0.0,14151.357035377092,9721.15856473092
2979,7,4.0,38992.18150014964,26983.38946512987
2980,1,0.0,527.6911448613494,365.17570114073305
2981,3,0.0,7436.269300569078,5135.921892260107
2982,1,0.0,6080.962843734107,4216.856958769531
2983,2,0.0,11380.97120494494,7862.837257253384
2984,1,0.0,10501.852912964883,7278.546064323487
2985,1,0.0,2034.0779305721676,1407.8947909274498
2986,1,0.0,1061.9781490155108,802.896627639566
2987,3,0.0,22037.24936196687,15223.950399646948
2988,3,0.0,5253.03406852966,3625.919326164617
2989,2,0.0,274.2083499988244,189.4147001282505
2990,2,0.0,5566.287761339175,3845.018920918661
2991,13,0.0,11175.218713901875,7685.552343753326
2992,4,0.0,16621.033589010818,11289.956047338866
2993,2,0.0,33140.427007857885,22892.272146938834
2994,3,0.0,9735.819968700996,6846.473433531297
2995,2,0.0,10539.431061092911,7267.801604655207
2996,4,0.0,4831.910401539424,3332.172720413146
2997,3,0.0,10995.769510798917,7583.213301166714
2998,2,1.0,10499.20024985874,7240.264038267253
2999,1,0.0,426.8768306392184,294.81862054369986
3000,2,0.0,6480.707786806634,4465.665104800144
3001,1,0.0,501.8867792301137,346.0474863844904
3002,3,313.0,165778.5121561466,114321.25960091288
3003,2,0.0,12044.937983652797,7353.30701365584
3004,6,0.0,10964.50780128227,7555.17225851502
3005,2,1.0,48243.75526858528,33864.54734763499
3006,1,0.0,4650.906176107859,3207.411391391469
3007,1,0.0,737.5789713395777,507.8729686510224
3008,2,0.0,3310.025564212244,2280.305869764004
3009,7,0.0,34556.83899597832,23827.9208634879
3010,1,0.0,129.49960857476648,89.17336017190763
3011,2,0.0,4673.528934995186,3214.067499548931
3012,2,0.0,279.4152098033913,192.154590714994
3013,5,0.0,28194.41184165648,19392.48346809357
3014,1,0.0,27886.251337297068,19269.061134394226
3015,1,0.0,15496.954599727746,10726.126872805453
3016,3,0.0,11035.564138721516,7625.944390346439
3017,1,0.0,3383.4217607793794,2337.0492466488736
3018,4,2.0,22266.440129340517,15292.96419331102
3019,3,0.0,9175.339282460189,6337.620039603821
3020,4,1.0,19301.59097141106,13331.01094467136
3021,3,0.0,8110.326985035344,5599.950681314327
3022,4,0.0,20158.29416466053,13917.00256698303
3023,1,0.0,3656.383334444049,2524.3116778502126
3024,3,0.0,987.0331295327536,678.5339131053887
3025,4,0.0,1893.2013785293243,1306.376452967835
3026,2,0.0,612.1678708897894,422.3485805713699
3027,4,0.0,1895.924078782898,1308.0823610581222
3028,2,0.0,236.37113565996933,163.0335207292911
3029,5,0.0,2818.3683905955368,2002.9726401145715
3030,2,0.0,654.3366599812516,455.9803393782768
3031,2,0.0,181.47556491385652,125.12928407461057
3032,1,0.0,534.7437058712837,368.5747741240732
3033,1,0.0,1872.7966075290324,1291.2148001576563
3034,1,0.0,61.60200772720815,46.2767446752952
3035,1,0.0,3511.670231902009,2439.0190472152835
3036,2,0.0,2012.038217058,1385.1168820450373
3037,1,0.0,733.111535546571,505.72230381437726
3038,1,0.0,2495.430738649319,1704.3362504312934
3039,3,0.0,9578.888358197386,6603.019606806764
3040,5,0.0,4176.697861974424,2903.5223180812004
3041,1,1.0,355.50167401489125,245.31564461771265
3042,1,0.0,605.1150676795351,416.6584515873526
3043,4,0.0,3570.4075467430675,2470.3427569167307
3044,11,307.0,404787.2483365874,279622.5574927037
3045,5,0.0,8697.488764058835,6010.723306087299
3046,1,0.0,2502.574369630277,1729.5759425588587
3047,7,1.0,8203.054284740352,5641.998549270288
3048,1,0.0,1311.8800588352262,904.7930384856156
3049,2,1.0,2492.6152396368893,1709.9220309516604
3050,1,0.0,2149.397023995914,1482.4060149945433
3051,11,564.0,516251.4508806663,357025.8304640278
3052,71,3795.0,4002877.1743740714,2789500.355536754
3053,34,1681.0,1317646.0738481127,916134.7332466384
3054,37,1295.0,750759.1192518825,523424.8757846458
3055,28,660.0,1535436.4233456112,1070262.6786268477
3056,12,869.0,485757.9779490161,338680.84338572586
3057,60,2020.0,4231295.523230854,2943854.1090764026
3058,84,1101.0,1335831.738158518,932012.7079786864
3059,94,4274.0,2817733.7607326973,1961011.85974461
3060,107,2463.0,69385737.7124842,48258078.64168195
3061,1,0.0,1594.2471629098134,1010.5168824608824
3063,1,0.0,500.7074010335506,341.3300509643116
3064,1,0.0,187.64887505815608,128.25299780007202
3065,1,0.0,577.5824647110701,400.1455717606457
3066,1,0.0,121.09966409670449,94.60549200137434
3067,2,0.0,1429.1282310986198,986.1726781936526
3068,1,0.0,1226.806490098509,846.5483955166271
3069,2,0.0,4400.721515817968,3035.06277523836
3070,1,0.0,1021.6531496239612,704.9852898876393
3071,4,0.0,1582.6476660489789,1084.4105163318047
3072,1,0.0,2896.998755593953,2003.487088812783
3073,2,0.0,300.77491156428374,207.9391377296517
3074,1,0.0,679.9796729207465,576.5488489386884
3075,1,0.0,211.18767548377824,195.9397086048208
3076,1,0.0,1767.4432563410164,1280.283601990726
3077,1,0.0,252.84395423856236,159.7301816503402
3078,20,1384.0,439566.46483799,303300.35064032977
3079,2,0.0,318.4222222714425,220.1325528316937
3080,1,0.0,789.3301771181921,545.7332180392305
3081,1,0.0,351.624532151222,243.1100551942844
3082,1,0.0,283.9540436719814,196.3222949809389
3083,1,0.0,423.44518344387615,292.7633098356743
3084,2,0.0,216.12411177845024,149.40532645745026
3085,2,0.0,266.2028241699689,183.5385312243433
3086,2,0.0,468.21368019313326,323.68971994323243
3087,1,0.0,466.1828969816044,325.22816247993154
3088,1,0.0,390.891735591738,267.1332342173231
3089,2,0.0,1397.739203219992,966.780248062532
3090,2,0.0,325.66303346590814,225.1305872580577
3091,2,0.0,580.2545627247582,401.3352128986494
3092,3,0.0,773.9128022988693,535.003182619033
3093,2,0.0,646.3538599421626,447.0000506397384
3094,1,0.0,174.7611641596037,120.78492794757088
3095,2,0.0,480.2604338797275,331.9304942227425
3096,1,0.0,619.0874567586906,422.2594467541571
3097,2,0.0,363.7150368528172,251.37815665647616
3098,2,0.0,640.8252627680278,443.2725875954183
3099,1,0.0,1093.5736574512189,755.7395712925086
3101,2,0.0,6055.517503165581,4186.236407043328
3102,2,0.0,401.4900209347719,277.0129364352526
3103,1,0.0,6043.83318442922,4146.310671018313
3104,1,0.0,57.41611118612495,39.61777785714708
3105,1,0.0,70.5792306599912,48.70019487184045
3106,1,0.0,1549.4886534641707,1076.8620156199108
3107,1,0.0,259.2316337147641,183.5053987441904
3108,1,0.0,968.656271335965,666.6970010474178
3109,1,0.0,2443.023828473787,1681.4462175257293
3110,2,0.0,457.0642421797898,315.3112050236604
3111,2,0.0,145.70899794278603,100.53007248476266
3112,2,0.0,159.60457449228733,110.10483753114278
3113,35,542.0,699636.3081727738,503578.4239844692
3114,1,0.0,1191.8356009138356,825.0431197373226
3115,1,0.0,561.199105678921,366.89244225504257
3116,1,0.0,568.1262533021519,408.61878585374905
3117,2,0.0,1000.5785415796508,692.7412015559275
3118,1,0.0,1324.0746330678185,910.4019756934628
3119,5,0.0,7799.815058590664,5365.423513415737
3120,1,0.0,21.631082900200184,15.151510470706029
3121,1,0.0,442.7669087618177,306.6133304561785
3122,1,0.0,104.80692905195184,72.5783462513031
3123,1,0.0,121.10260617837946,83.86280519936841
3124,1,0.0,6015.642034940594,4132.645437697211
3125,1,0.0,531.2967974135089,380.3566646742156
3126,1,0.0,6251.846474830567,4296.103731704337
3127,96,1321.0,1585673.754931606,1141156.815779101
3128,1,0.0,660.5917737621095,453.9652539712324
3129,1,0.0,115.68293524604552,79.49857807192426
3130,1,0.0,1001.9980202116864,688.5110272206406
3131,2,0.0,4617.33127670419,3173.739440496439
3132,1,0.0,500.1144058053006,344.6031396832506
3133,1,0.0,164.02146519707657,136.01039498700374
3134,1,0.0,214.27812714027056,147.647457644564
3135,1,0.0,2434.6579523013647,1688.4348676612851
3144,1,0.0,1102.6593502712617,724.5235814910056
3145,1,0.0,326.0254540642563,225.1284714462644
3146,9,5.0,22178.398240022445,15257.590067960127
3147,1,0.0,523.5971676167385,360.03882414515374
3148,1,1.0,452.9073962982965,311.878682581224
3149,1,0.0,592.3610624876658,407.6595413928634
3150,1,1.0,564.8762059114453,388.7436285322231
3151,1,1.0,627.6822137102378,431.7368783110771
3152,1,0.0,716.433454448591,493.086415384802
3153,1,0.0,259.8291349448453,178.82863556911752
3154,1,0.0,424.7978276441648,292.3661379125638
3155,3,0.0,16131.602449317126,11129.845136915126
3156,2,0.0,5680.353527617644,8063.738653440382
3157,1,0.0,280.63064591515734,194.0780352051369
3158,1,0.0,1016.4556006749038,702.3863080809101
3159,1,0.0,1676.7481576195794,1156.9784313414043
3160,1,79.0,22920.144064436507,15835.899041362523
3162,1,0.0,222.34147963333413,153.61554903438224
3163,8,81.0,554811.3880071467,383057.5869189504
3164,3,0.0,3078.026971857094,2116.311182342319
3165,1,0.0,2896.7898605953483,2006.0088690835669
3166,1,0.0,534.0007501001936,404.1928381181989
3167,1,0.0,715.5153895534419,495.49196933165865
3168,1,0.0,843.9331430067073,584.41548348586
3169,1,0.0,954.6166612693056,658.3982723865277
3170,1,0.0,831.2802755970746,573.3994923593439
3171,1,0.0,661.8091373819656,456.5068534936034
3172,7,0.0,6894.625692527998,4761.011343026202
3173,1,0.0,513.6925185772318,348.3875346955791
3174,1,0.0,1615.7209859523457,1119.0706984101191
3175,1,0.0,2340.530588828374,1621.0732180421835
3176,2,0.0,1615.0569666989256,1114.4720607363388
3177,4,0.0,3539.3724657239945,2446.9847101601367
3178,1,0.0,718.8886120059751,496.0400611428016
3179,3,0.0,746.8998163161039,513.4125109498258
3180,1,0.0,143.18657472962312,99.44887857496856
3181,1,0.0,503.5992147211013,345.5899398486052
3182,1,0.0,295.5253359529581,1140.5668218061817
3183,6,0.0,4728.670581183986,3255.25941655473
3184,1,0.0,684.2642241424644,459.326267566431
3185,5,0.0,13093.699167386449,9079.901551025125
3186,1,0.0,557.9425322064562,383.5282915977257
3187,2,0.0,1780.9206842408676,1224.1725369310846
3188,4,0.0,23006.64419114511,15823.251112855449
3189,3,0.0,856.0648218769304,621.2131615898763
3193,3,0.0,846.9313703844246,584.4342923807169
3194,5,0.0,4842.77557078515,3380.780733101329
3195,6,0.0,2917.7754494592014,2018.4278443925648
3196,2,0.0,924.399365872195,636.6175595838586
3197,2,0.0,1903.4613941346213,1311.8351181323926
3198,2,0.0,154.83221620040968,106.86440396462145
3199,1,0.0,691.5136458413231,477.1419724701435
3200,1,0.0,431.2558718578757,297.5648642326961
3201,1,0.0,454.1992049279005,313.4721007464551
3202,1,0.0,82.45017716297016,56.90428494291097
3203,1,0.0,323.9632255101844,227.0573624125905
3204,1,0.0,991.3135872572756,685.3144613554551
3205,6,0.0,346.2145682409173,239.29026815840004
3206,2,0.0,4485.9608154663165,3108.6854758106792
3207,3,3.0,4524.392822483783,3131.64988829148
3208,3,0.0,10460.053304713836,7231.661255711821
3209,1,0.0,196.1795438064057,135.56140818415716
3210,7,0.0,14759.212923180112,10202.974115874043
3211,1,0.0,369.2404553400416,255.2398547903334
3213,1,0.0,6572.013458142524,4526.243984017203
3214,1,0.0,28490.15332017985,19757.50769307332
3215,2,0.0,387.967502795582,269.05365621080136
3216,1,0.0,2013.474989324414,1396.3350529253014
3217,10,0.0,264895.3900565438,183994.3606349196
3218,1,0.0,39659.31410861764,27504.770650794595
3219,1,0.0,27101.923941282315,18795.861816029457
3220,1,0.0,187.89689450525208,130.30569800719712
3221,1,0.0,4472.169768587779,3101.3449477166805
3222,1,0.0,177.87567864657714,123.35666321505596
3223,1,0.0,2346.3470583860226,1627.188204871661
3224,1,0.0,15737.681220038685,10914.205619304545
3225,2,0.0,568.2384627414214,393.2110297450423
3226,4,0.0,1636.9790470112027,1144.2827817759564
3227,2,0.0,607.8809481730394,420.62198260109534
3228,2,0.0,701.9650393536447,485.7330032816199
3229,1,0.0,1641.7116465478057,1136.49987091363
3230,1,0.0,550.7264937935612,381.2601014722235
3231,2,0.0,1187.477242686036,821.7612484528028
3232,1,0.0,636.1522294303741,440.38158269664046
3233,1,0.0,466.07957044075226,322.62756360805616
3234,1,0.0,155.5353280383938,107.66367985427208
3235,1,0.0,145.95340234429204,101.03156104940533
3236,1,0.0,482.75175213461927,334.1824153146525
3237,1,0.0,96.33282473607406,66.68597504225563
3238,1,0.0,127.1573995525251,88.02394659147937
3239,1,0.0,588.5465428544524,407.4114611856
3240,1,0.0,2225.004799133272,1540.8943678926655
3241,4,1.0,4191.244340853829,2906.5965294075622
3242,3,0.0,530.4176288127096,367.0960513731012
3243,2,0.0,343.0050561409597,237.1200117737275
3244,3,0.0,10186.12558224296,7066.808180072176
3245,3,0.0,13808.38429638427,9546.71195026053
3246,1,0.0,309.9368124398924,234.3768355455685
3247,3,0.0,7568.910586073502,5247.890352603986
3248,1,0.0,1007.976296815195,696.4969910865542
3249,1,0.0,1777.6472203679214,1228.1985966232703
3250,4,0.0,449.89964232843886,314.46887029131
3251,2,0.0,274.34136901547646,189.6257902254483
3252,4,0.0,27131.018423750487,18686.558503137832
3253,1,0.0,1366.0247975082696,944.4783424111562
3254,1,0.0,399.839755396141,276.45324668458795
3255,1,0.0,18823.138020939256,12997.899635941943
3256,1,0.0,3540.963894539592,2417.1345077247893
3257,1,0.0,3295.778572478186,12349.678341121304
3258,1,0.0,51.93644059341402,35.86120195061742
3260,3,0.0,6048.578526510572,4172.909181869075
3261,1,0.0,300.409752570861,207.29456084437012
3262,1,0.0,803.3470673902419,554.3405645003892
3263,1,0.0,210.41451443915108,145.19406944032912
3265,1,0.0,2960.771726493744,2005.155027790197
3266,1,0.0,1027.213360109375,710.5511671265252
3267,1,0.0,128.93731074118438,89.73573758880305
3268,1,0.0,189.6601231674545,132.005746806758
3269,1,0.0,101.74640461384634,70.8069301290181
3270,1,0.0,175.21287110772474,121.93325056208492
3272,1,0.0,84.75708058049463,66.8220489026962
3273,1,0.0,870.0361727640804,611.5323957378989
3274,1,0.0,317.2623806660634,219.20579488248967
3275,1,0.0,350.2591342347323,241.9668721980985
3276,1,0.0,612.0711763804884,422.83065294352673
3277,2,0.0,273.8330613579225,189.16883427114092
3278,2,0.0,1491.726021994598,1030.5086407227054
3279,1,0.0,511.42669223483546,357.70900751660645
3280,1,0.0,372.7121732267649,257.5917179190623
3281,3,0.0,1127.3119795725138,805.4712565928285
3282,18,34.0,98203.6797248435,68485.76465073145
3283,1,0.0,4395.724257723152,3037.6181416780314
3284,1,0.0,434.0536989175096,299.9741932813464
3285,1,0.0,109.03848512627395,75.35623983812329
3286,1,0.0,98.42649104036536,68.02263686710998
3287,1,0.0,584.0165624782685,400.202004835648
3288,6,24.0,362406.7597993016,251336.918088288
3289,1,0.0,500.99678912876,347.24768448647603
3290,7,0.0,759.7270196366902,523.3517789626145
3291,1,0.0,131.7408140755266,90.71507664464816
3292,1,0.0,714.7456215960594,492.1684402952321
3293,1,0.0,2570.7429941796618,1773.8483332121482
3294,1,0.0,1317.0721029740123,908.8144249033868
3295,1,0.0,629.6859108246778,436.6879718432281
3296,1,0.0,1046.200406562235,725.5432292647367
3297,1,0.0,650.6907347349688,451.2517868170865
3298,1,0.0,988.1805252791728,678.0226007026173
3299,70,1871.0,5612237.646667263,3960900.813561314
3300,15,0.0,40933.56253186336,28381.30046988502
3301,1,0.0,196.32511312419288,135.60749442448437
3302,1,0.0,191.02390661282516,131.50837121767952
3303,1,0.0,170.21631831055714,117.1839858234756
3304,1,0.0,92.08562054461387,63.430396026437926
3305,1,0.0,2743.333957221899,1889.6208722248523
3306,1,0.0,682.107333164776,467.5578149548197
3307,1,0.0,314.1464756559162,216.3895216221496
3308,1,0.0,641.7404129534498,442.0421845511056
3309,5,0.0,10939.54570639932,7565.466648290218
3310,1,0.0,1230.6817087901345,863.8032863074477
3311,2,0.0,481.8086489825264,331.9285337190781
3312,2,0.0,105.445265860871,72.64377085352751
3313,2,0.0,106.34781227888132,73.26519133458797
3314,2,0.0,22688.194020274612,16748.815702938402
3315,2,0.0,2014.372975108494,1416.4219899380323
3316,4,0.0,9106.851766466094,7611.753807119414
3317,1,0.0,432.7177820125505,332.8891686924222
3318,1,0.0,518.9851604103332,324.1272215066716
3319,4,0.0,24707.9177564349,17012.39024843886
3320,1,0.0,1156.0123922431626,796.7320802431439
3321,1,0.0,934.4862064386537,644.1954516398836
3322,20,731.0,820649.220241946,564362.282194625
3323,2,0.0,278.61937987280743,181.7301154795304
3324,1,0.0,173.02834387565568,119.04718242570291
3325,1,0.0,236.74400298327356,163.11760615292405
3326,1,0.0,153.97447630134437,105.93734883506824
3327,1,0.0,106.35312621721746,75.30866667827485
3328,1,0.0,149.29751855630604,99.10630001072948
3329,4,0.0,33572.219077359696,23101.37607265758
3330,1,0.0,34627.43701054006,23818.93549291306
3331,4,0.0,11732.751175841351,7398.71495124804
3332,6,0.0,59307.80687987344,40850.6814330252
3333,1,0.0,2236.962125090069,1541.1188924364722
3334,2,0.0,10246.839476992303,7054.440406276765
3335,3,0.0,17800.214400159337,12253.363694061072
3336,1,0.0,766.5569668619223,527.6508536153913
3337,1,0.0,6980.657481020453,4804.920243953871
3338,2,0.0,4398.926656558874,3027.68817059116
3339,1,0.0,2023.811959280432,1392.1292957306755
3340,7,0.0,37192.07986630477,25410.495889346814
3341,1,0.0,1001.089446373092,683.1552263339972
3342,20,643.0,919293.9439025,632101.9597571902
3343,1,0.0,570.3325175908576,396.6172804780303
3344,1,0.0,1008.357238508606,696.8347936978704
3345,1,0.0,1699.1849123994832,1174.2489594717747
3346,1,0.0,979.3868191677412,674.3479174083963
3347,5,0.0,22646.95408540065,15620.459368813206
3348,4,0.0,19365.533807561456,12446.966559318224
3349,1,2.0,608.6358903691397,672.9948438909864
3351,1,0.0,6093.371906448713,4191.5850162581655
3352,3,0.0,1766.8056282954435,1215.383764681745
3353,4,0.0,15020.221727564489,9164.181976265832
3354,1,0.0,483.198742801203,244.87423258632208
3355,1,0.0,12.568289097961989,631.7491259423836
3356,9,0.0,265814.72637719073,186951.30969892856
3357,4,0.0,26901.50906933728,18066.673426237656
3358,1,0.0,25374.665820658025,17028.84192414674
3359,1,0.0,207.8946783155386,99.7389567723484
3360,1,0.0,9045.271388681867,6337.506653857752
3361,1,0.0,1468.812433345057,1008.2713949647368
3362,1,0.0,252.64877557938067,174.56193957413507
3363,1,0.0,88.17053151261418,60.77831690660625
3364,1,0.0,105.06649702716471,72.59327443650837
3365,1,0.0,20527.96838125157,13895.78040543988
3366,1,0.0,914.9226308932024,625.4444340816915
3367,1,0.0,479.7532679235753,328.2582258442951
3368,1,0.0,1309.1183441963774,929.8355464330566
3369,2,0.0,1149.334428100899,781.2614347388796
3370,4,0.0,3306.793452438681,2260.760881914489
3371,1,0.0,11548.34549809068,7977.468497743201
3372,1,0.0,12928.580645323487,8918.582878358968
3373,3,0.0,162.84616339627084,369.022859802449
3374,1,0.0,519.4880328009564,362.20537806120615
3375,1,0.0,274.37873188924914,189.56319990590464
3376,1,0.0,895.3926800808545,616.7340169264797
3377,4,0.0,35379.88719648847,24354.40861947562
3378,1,0.0,371.42392495979095,270.625189625813
3379,1,0.0,261.18615947985944,170.38387650627172
3380,1,0.0,773.6487787380061,514.694039990508
3381,1,0.0,9617.480613333966,6612.426308003065
3382,3,0.0,15379.099845906068,10574.899716838308
3383,1,0.0,11569.437009376605,7993.03741461677
3384,2,0.0,432.6245896013478,298.8809552752269
3385,2,0.0,408.0556248195128,281.9326727790702
3386,2,0.0,11641.47707635361,8046.118213266607
3387,1,0.0,193.9995885155413,134.01956588600274
3388,1,0.0,480.5609041412632,331.2038424636004
3389,1,0.0,226.30185984206517,155.96775643111374
3390,1,0.0,301.8137603100809,208.01190464099852
3391,1,0.0,287.8667124579415,198.38298537304627
3392,1,0.0,1230.1670825693934,848.9422244996991
3393,1,0.0,452.12224124389854,311.58426302480865
3394,1,0.0,132.56214673235942,91.356175865805
3395,1,0.0,159.18508880402456,109.70406695610116
3396,1,0.0,125.35395582470946,95.11503135520508
3397,1,0.0,140.33164577669754,96.71070726270445
3398,1,0.0,254.6536433619069,175.39158778017494
3399,1,0.0,114.13665981262004,78.6111651086603
3400,1,0.0,94.20124379890386,64.88072846932586
3401,2,0.0,192.0871368801575,132.30229680899828
3402,1,0.0,73.73005250739394,50.78244432719511
3403,2,0.0,76.59542067152259,52.75600553481403
3404,1,0.0,124.39148861258136,85.65005317223286
3405,1,0.0,791.5940422830358,583.8771489779168
3406,1,0.0,219.50475637519236,151.411600614356
3407,1,0.0,708.2954665136872,488.4129273212009
3408,1,0.0,1265.757551509511,871.9640168747422
3409,4,0.0,3818.0374254373855,2636.5799105784326
3410,2,0.0,1192.3934685785289,823.401466507874
3411,2,0.0,834.6872013694207,576.1016596609818
3413,3,0.0,29704.09501926427,20441.121471007635
3414,1,0.0,12801.57337930367,8810.788102929118
3415,4,1.0,4435.442901071353,3052.665872241616
3416,1,0.0,332.10868568441725,228.5681750508274
3417,2,0.0,326.4817470079461,224.71245751769823
3418,9,7.0,28503.262881558883,19598.249732334974
3419,1,0.0,568.825335087808,292.6602945586448
3420,2,0.0,2693.0131386484263,1869.466700703799
3421,2,0.0,1265.441338896986,877.6976369475533
3422,1,0.0,663.4382647425515,461.26776095873566
3423,1,0.0,640.5157780055821,440.392824956139
3424,1,0.0,381.0883910897161,261.82185058393463
3425,2,0.0,1175.5733052214628,798.5726484457377
3426,1,0.0,88.75436709900417,59.00979916661161
3427,1,0.0,547.314018414151,371.0421582833677
3429,1,0.0,1037.947453521618,713.9377830215935
3430,1,0.0,231.44851357629008,159.12006872601333
3431,2,0.0,2600.345281922705,1910.8379125212937
3432,1,0.0,1729.711860701526,6504.233006587787
3433,2,0.0,16999.87960605439,11514.545775364952
3434,2,0.0,278.5792998994632,177.80952860903898
3435,3,0.0,21319.135940193897,14687.536321597763
3436,1,0.0,691.88251620099,477.9683435895596
3437,1,0.0,1802.506972338668,1246.877082927006
3438,1,0.0,431.9073316870636,298.80917831978627
3439,1,0.0,1423.303256794488,984.5554014270696
3440,1,0.0,360.2545377299901,232.2890337820349
3441,1,0.0,357.8050116523724,257.9368616017588
3442,1,0.0,1427.3361073619512,987.2837544693656
3443,1,0.0,371.4354028417491,256.9216913938613
3444,1,0.0,323.62082773739587,223.84655377430144
3445,1,0.0,401.5575605836163,277.76976847004715
3446,1,0.0,1031.1958568524,713.3632978299304
3447,1,0.0,372.6809362051623,257.8128865244281
3448,1,0.0,407.63037117042654,280.74042772252346
3449,1,0.0,1028.7625381506195,711.7471271522388
3450,1,0.0,455.6549909900755,304.8787112294024
3451,1,0.0,434.5109218917653,310.2227579402968
3452,1,0.0,687.43291447813,475.3632539859377
3453,2,0.0,1104.6104895980602,763.8494559975904
3454,1,0.0,1088.716172703677,752.8542355419676
3455,2,0.0,669.6405526031798,463.0661036946529
3456,1,0.0,2410.9754373110127,1694.6545678930274
3457,1,0.0,402.6762213663654,278.79845365446005
3458,1,0.0,203.36153890643467,118.15767295217066
3459,1,0.0,159.91255505531657,110.71742264189729
3460,1,0.0,3546.3445689287364,4442.620643953539
3461,1,0.0,1416.141639644764,980.732673421678
3462,1,0.0,3394.0089054334767,2351.145610843693
3463,1,0.0,2497.547798732084,1728.0042002475664
3464,1,0.0,1430.2688782422654,990.5194010648024
3465,1,0.0,2321.3589821981,1607.63566021425
3466,1,0.0,403.0689100901949,303.06869666618206
3467,1,0.0,470.34624318547264,323.92886440805444
3468,1,0.0,515.5647044373774,355.07346608818403
3469,1,0.0,461.416357232107,317.59519654604134
3470,1,0.0,1319.3406169887712,908.1025211343105
3471,1,0.0,345.5893376638318,237.8680044908216
3472,3,0.0,1320.5553421814798,913.2559953081026
3477,4,2.0,122181.9030102661,83739.99833897705
3478,1,0.0,23661.214777308614,16740.278111829743
3479,7,160.0,1630270.3139418934,1134080.9987003072
3480,3,0.0,73766.23154502986,51405.23490044956
3483,1,0.0,18.89892144626204,13.033884753986438
3484,1,0.0,645.3001211318917,445.0414411083656
3487,1,0.0,1022.142261003082,709.1883943166545
3497,1,0.0,1403.445319848852,971.3787770828532
3498,1,0.0,30672.411270223365,21815.152327192336
3499,1,0.0,26227.005214537123,17848.680527259985
3500,1,0.0,2505.018694705172,1733.900134075998
3501,1,0.0,551.9559621371372,382.04333340604944
3502,1,0.0,2457.188348209578,1586.4722910859923
3503,1,0.0,118.9337299505818,82.32350063266139
3504,1,0.0,46530.08246853526,28190.073725958944
3505,1,0.0,709.2860936177482,490.95057737185687
3506,1,0.0,759.4181779632489,525.6442291143331
3507,1,0.0,1792.0807863683826,1267.9236416171657
3508,2,0.0,815.5144433953847,488.78794876011045
3509,2,0.0,1423.4193517580193,979.4699749487831
3510,1,0.0,668.905387532878,462.9956412589869
3511,1,0.0,213.21088278864772,147.20579216735274
3512,1,0.0,1140.5140647781773,787.5451778646277
3513,1,0.0,9428.463069954289,6510.413018348862
3514,1,0.0,1406.7077492356989,977.311102543972
3515,1,0.0,522.4542272357876,255.266145577709
3516,1,1.0,2028.6400705768087,1471.747430038286
3517,1,1.0,4689.800912473918,3237.9593112498083
3518,1,1.0,3026.304161091148,2148.928723062032
3519,1,0.0,1413.1654251540792,975.7137792134664
3520,1,0.0,163.44714210404982,151.81931943033555
3521,3,0.0,1053.9721016803308,727.9846261237846
3522,1,0.0,86.04049855474793,59.42866766693636
3523,1,0.0,273.8537647593375,189.1856083075264
3524,2,0.0,130.15936354779365,80.14229486179417
3525,1,0.0,752.9630204919615,518.9751354192323
3526,4,0.0,2423.5113483128343,1655.2600407735258
3527,1,0.0,1042.8805235705245,718.8988694475593
3528,1,0.0,521.5103975434114,359.4997613945062
3529,1,0.0,5655.143717801498,3887.1168805152015
3530,2,0.0,1032.8242418343648,711.8511731456098
3531,3,0.0,965.6059545635292,665.5353509967426
3532,2,0.0,7071.938689455521,4886.631561547074
3533,4,0.0,15522.999080078276,10687.540172456836
3534,1,0.0,262.6064009243336,186.9692639923847
3535,1,0.0,548.2893558118092,380.586668576197
3537,1,0.0,1811.7427753251925,2045.5338442752093
3538,1,0.0,1623.8369133524252,2028.2600069077464
3540,1,0.0,652.7207979458392,697.7158630880551
3541,1,0.0,1603.8000412804486,1112.3106034524103
3542,1,0.0,2422.634396489398,1680.2757061414188
3543,1,0.0,1774.5886967730023,1230.7719479718482
3544,1,0.0,2320.876537724724,1673.9605140759609
3546,1,0.0,1347.6839380457084,931.8269236419296
3547,2,0.0,2051.600753780592,1418.5442937762589
3548,1,0.0,745.3047653620882,515.3206163943811
3549,1,0.0,536.4179880757356,370.8859167177464
3550,1,0.0,512.6136762326119,354.14891888474943
3551,1,0.0,266.353136695914,163.7646524949905
3552,1,0.0,262.3255976061259,167.464403963879
3553,1,0.0,108.19118125725412,74.51756085966377
3554,1,0.0,269.18140569236306,185.40074281057335
3555,1,0.0,118.10426859359988,81.3451546206685
3556,1,0.0,275.6817433463141,189.8806624397779
3557,1,0.0,110.16406941885047,75.87754675279953
3558,1,0.0,105.0487637643961,72.3541251761443
3559,1,0.0,693.4423571831338,479.4541546318056
3560,1,0.0,342.2348326719497,236.62260922089897
3561,1,0.0,445.4159835072156,307.9620465631513
3562,1,0.0,2737.558043746555,1113.4529794628395
3563,1,0.0,1187.7729699918375,952.4405305715408
3564,1,0.0,4450.140419785114,2374.9491882329226
3565,2,0.0,3804.586999389011,2503.852996613151
3567,1,0.0,25626.431193649383,18340.68140899067
3569,1,0.0,506.6625286571551,349.4344256669364
3570,1,0.0,95.07753381709304,65.64101610689362
3571,3,0.0,2934.416430040346,2025.9629907954763
3572,2,0.0,462.75619676712176,319.3105649800032
3573,2,0.0,1066.6684865503362,737.649928606967
3574,2,0.0,1332.877374866578,921.7490775235124
3575,1,0.0,288.77758088978743,199.7047098977548
3576,1,0.0,491.3520856012555,339.7936934380135
3577,4,0.0,16823.97903182296,11583.772278068818
3578,2,0.0,6425.54559176651,4424.276935014239
3579,1,0.0,912.7758996879533,582.5083948609765
3580,3,0.0,3564.63965037697,2461.509484305229
3581,1,0.0,503.25491968121736,348.00571154012124
3582,2,0.0,2476.512878939808,1963.024279224462
3583,1,0.0,286.905278925093,198.10266006759397
3584,1,0.0,291.4477915154853,213.56909880357347
3585,2,0.0,1255.2634308914423,867.6947311631927
3586,1,0.0,707.7446471437758,489.46983534647103
3587,5,31.0,46032.57927378448,31885.334594429445
3588,1,0.0,656.7425757857523,454.2983217896358
3589,2,0.0,309.4594641292396,213.67067298029576
3590,6,0.0,4425.954482867672,3165.2287233006705
3591,2,0.0,1439.487661188545,992.331945037841
3592,1,0.0,673.7993791439616,465.967125557566
3593,1,0.0,481.842913976662,333.16641329715526
3594,1,0.0,1318.047818562117,911.1166400017254
3595,1,0.0,239.6224070157307,169.55860651876245
3596,1,0.0,228.85448365476284,158.13840251328784
3597,1,0.0,4333.228062623388,2994.273543320919
3598,1,0.0,315.3329174177095,217.7853140756832
3599,2,0.0,7484.621009452174,5169.457641846765
3600,1,0.0,12191.803050692664,8409.21558840026
3601,2,0.0,11574.55175847674,8023.183199529203
3602,1,0.0,249.3315631438426,172.38822356428503
3603,1,0.0,11541.300700818289,8004.484348773346
3604,1,0.0,325.50390298324743,223.4222650213203
3605,1,0.0,709.5523183403167,490.3617338923482
3606,1,0.0,9162.17604377869,6512.320761317909
3607,16,242.0,3894832.642710975,2738827.4769250024
3608,2,0.0,1578.2368184145828,1094.596749071583
3609,1,0.0,24.180616197443417,16.77058058217846
3610,1,0.0,1559.932876427632,1081.7528459131893
3611,1,0.0,607.2643652605697,421.17568994060986
3612,1,0.0,1606.7965817624497,1114.0856766110226
3613,1,0.0,504.3652111593763,349.8058294697221
3614,2,0.0,1649.902657979716,1146.8999628162885
3615,1,0.0,3075.239140611131,2137.586922931545
3616,2,0.0,5722.607913476779,3973.4739246496383
3617,2,0.0,234.47462384883144,162.9874110899455
3618,2,0.0,3963.567319270012,2755.1660193768444
3619,2,0.0,728.1001588141944,503.2942526038797
3620,7,0.0,23417.75695230236,16173.338130038052
3621,1,0.0,2565.879218744413,1771.3236198414595
3622,3,1.0,4731.538605921154,3268.2760897763424
3623,1,0.0,180.4107092572214,124.63628052014803
3624,4,0.0,12526.068388541284,8658.205215475362
3625,2,0.0,1260.0858351732186,870.9055725685414
3626,6,2.0,13009.188759902689,9264.956021099622
3627,1,0.0,197.25888100405632,136.105943284692
3628,2,0.0,222.11307592067715,153.2472004867687
3629,1,0.0,1100.9756012520145,760.1098749486966
3630,3,0.0,2830.5101475844,1954.9096252541565
3631,1,0.0,946.1088697916824,654.2019373822412
3632,1,0.0,522.1939928400578,361.08000083154224
3633,1,0.0,297.9840210518759,206.0447773010779
3634,3,0.0,5836.578096112524,4042.8064235856095
3635,1,0.0,1936.9456841934896,1338.6608478964376
3636,1,0.0,2053.1456821748334,1419.1236968331662
3637,1,0.0,499.874828572038,344.4620610010903
3638,1,0.0,204.96248617975377,165.41035681694285
3639,1,0.0,198.0948101302382,136.49590113743503
3640,1,0.0,500.083607313553,344.56865573716715
3641,1,0.0,225.16691650635772,155.1455862561346
3642,1,0.0,241.3053426105078,166.2644768606864
3643,1,0.0,411.2875822058924,283.49748792541567
3644,1,0.0,179.81909591526673,124.60176543770685
3645,1,0.0,143.03548675737318,101.73237263699936
3646,1,0.0,175.96943824475773,121.2443781914703
3647,1,0.0,170.96961189017748,114.87764363649384
3648,1,0.0,1621.075132375819,1117.1937083192684
3649,8,0.0,4336.137760921303,2997.9079354144787
3650,2,0.0,508.3371915803164,350.28785785388914
3651,2,0.0,132.14532802784464,110.32954005557175
3652,1,0.0,151.13900553792337,121.67479623746976
3653,2,0.0,533.9622600839704,369.01395084588114
3654,1,0.0,215.5750660481543,169.4487339238404
3655,1,0.0,25.74860615723567,178.3084615438636
3656,2,0.0,183.60615108809108,159.88313259166185
3657,2,0.0,1068.1612567183895,737.0637879190854
3662,1,0.0,2800.363330023164,1936.7241127083216
3663,1,0.0,227.7224753987182,131.1564604856465
3664,1,0.0,2089.33632831076,1461.7601022484575
3665,1,0.0,351.5560232003536,291.2504659791533
3666,3,0.0,6375.442681452478,4374.512754710145
3667,2,0.0,10297.096195622053,7104.392083178664
3668,1,0.0,733.8453679744536,509.0208541173
3669,2,0.0,31730.087569882297,21922.569208709872
3670,1,0.0,24509.424419526786,16933.849373679812
3671,1,0.0,171.23047581781503,118.26927124934332
3672,2,0.0,23195.84027633388,16027.208079961094
3673,1,0.0,26498.210561705026,18308.942284192395
3674,8,0.0,114087.15635732062,78517.68778770056
3675,1,0.0,4112.491547757799,2836.538597507423
3676,2,0.0,892.4477028285885,615.5665523231569
3677,1,0.0,1037.999113698456,715.9814635895789
3678,1,0.0,1292.5397606974102,894.9448419823643
3679,1,0.0,323.63144216638904,279.3039239652873
3680,1,0.0,403.12795247176985,279.1236723487215
3681,1,0.0,1783.399790836928,1234.8571375604556
3682,1,0.0,292.65719194468284,202.64064640189665
3683,1,0.0,523.1547909450496,362.0899841299854
3684,1,0.0,913.8316062855832,632.7616785075966
3685,1,0.0,224.05751258271368,155.1434967546357
3686,1,0.0,227.5714483973056,157.57657124505215
3687,1,0.0,1149.5641861804768,763.7144683205507
3688,2,0.0,2911.287660224952,2012.1182438580329
3689,2,0.0,1388.1726573670776,960.5253559587992
3690,3,0.0,2716.65489586536,1879.6926278345852
3691,1,0.0,1389.4708634813169,961.4348446398102
3692,1,0.0,911.23726950998,652.7790889526375
3693,1,0.0,544.3879754154542,374.9333336200106
3694,1,0.0,344.75949430733414,238.1748582217962
3695,1,0.0,344.1813932997794,237.0467196578745
3696,1,0.0,557.6259807647125,384.0637972815616
3697,1,0.0,237.27729761986592,163.42378286439825
3698,1,0.0,558.6569273900443,385.0728094486675
3699,1,0.0,343.2702676535375,223.1915426565733
3700,1,0.0,551.8417652475349,395.7762216925258
3701,2,0.0,800.399005802356,551.306247102636
3702,2,0.0,423.0048150818848,291.36036036479
3703,1,0.0,255.40129903347537,175.91841864382005
3704,2,0.0,287.9201818346769,198.31678543853977
3705,1,0.0,275.9319631796968,190.29444899101247
3706,1,0.0,343.12757439413565,236.7530378303379
3707,1,0.0,118.35724657384624,81.66469577875608
3708,1,0.0,111.00968208603284,76.59511628664387
3709,1,0.0,733.5456926810062,508.850034430773
3710,1,0.0,253.2924904585817,175.30908630595923
3711,1,0.0,192.0069087601172,133.1920674533106
3712,1,0.0,64.65175982326463,48.85460042524342
3724,1,0.0,569.2505203367534,391.70146558472703
3725,1,0.0,267.8827272362443,184.3300961401648
3726,1,0.0,301.5862919944541,207.52197736876371
3727,1,0.0,522.6480421135304,359.6348528202248
3728,1,0.0,235.48596065907748,162.0380572522845
3729,1,1.0,889.544526607204,612.0664035431396
3730,1,0.0,575.9779353107106,396.3216176637026
3731,1,0.0,490.19543317064426,337.2960736126654
3732,1,0.0,1125.3811924144798,780.2927755388147
3733,2,0.0,1661.8720219505412,1150.0143266632383
3734,1,0.0,2074.140486544524,1436.278319879836
3735,1,0.0,3977.221208715685,2746.336047258883
3736,1,0.0,806.2928666067436,556.9233296051945
3737,1,0.0,485.5357856130284,335.42115532549974
3738,1,0.0,1888.9726549561988,1304.9325640892746
3739,1,0.0,392.26409545775766,270.8203886082851
3740,1,0.0,415.67817088654095,286.3828447640696
3741,1,0.0,779.2370100865884,533.528712961608
3742,1,0.0,472.087475385118,323.11123165498765
3743,1,0.0,894.4024797132183,616.5934760739386
3744,1,0.0,992.075198124081,684.4787609407031
3745,3,0.0,5922.961292701841,4095.7876442538472
3746,1,0.0,3410.234643696393,2359.695140882016
3747,1,0.0,3424.9822338481817,2460.994869318456
3748,2,0.0,9733.70446613622,6140.6361023468935
3749,1,0.0,474.7546210051525,328.0597197676248
3750,1,0.0,530.6889366815221,366.18297324420473
3751,1,0.0,263.0149294898143,181.4833199084973
3752,1,0.0,1086.2330389553438,746.8338034145855
3753,1,0.0,1244.4128147954016,855.5618346370908
3754,2,0.0,2132.12998976899,1440.0360231439024
3755,1,0.0,1065.925106167514,732.832454344726
3756,1,0.0,2588.199260086089,1771.8936849865836
3757,1,0.0,1084.1621087140734,745.3549926360251
3758,1,0.0,1348.3718913189198,930.9170220963424
3759,1,0.0,153.88841519952487,106.15900135702478
3760,1,0.0,130.8601021471183,90.27309303788518
3761,1,0.0,372.7079641659442,257.11059204501646
3762,1,0.0,99.5279871938728,67.30264708278058
3763,1,0.0,68.86625741631177,47.45840145889157
3764,2,0.0,260.10502906701714,179.51651741989022
3765,2,0.0,480.6684471531337,331.7373650253512
3766,1,0.0,322.9423262302302,222.88714274803996
3767,2,0.0,168.30186967160057,116.15648962398666
3768,1,0.0,186.92173913914652,128.6839175317944
3769,1,0.0,513.0250835329738,353.18699636847725
3770,1,0.0,1149.9136402188649,791.6571526588727
3771,1,0.0,1518.6222297471213,1045.4182005945315
3772,1,0.0,368.2232370200307,253.5142464168468
3773,1,0.0,687.3229930038807,473.2062528670256
3774,1,0.0,645.3641887017998,443.5759425516865
3777,1,0.0,1392.959936791159,1538.1638162034303
3778,1,0.0,1090.78102069156,752.242772119823
3779,1,0.0,61.49545461256268,42.41421749193663
3781,1,0.0,165.84434904432396,114.411742321303
3782,1,0.0,168.71657875962393,116.39321295880816
3783,1,0.0,146.65889468187964,101.1760879757513
3784,4,0.0,6280.119959545141,4316.211964254573
3785,5,0.0,6269.990991279695,4326.940137756403
3786,1,0.0,1252.297540103449,860.3243430015367
3787,3,0.0,15194.268621712836,8901.479485399033
3788,1,0.0,5774.422919537727,3635.457573310005
3789,3,0.0,8997.745284077468,6681.160339288327
3790,1,0.0,1641.9735694326027,1127.6585739354937
3791,1,0.0,478.8917179274219,360.85460957266326
3792,1,0.0,672.2632901061526,429.1375637725976
3793,5,0.0,5387.812446094283,3793.956466716801
3794,1,0.0,3834.823971125153,2648.862833415993
3795,1,0.0,5192.387879551659,3581.6506274543067
3796,1,0.0,402.3758829814447,277.37720950748303
3797,1,0.0,4652.272786959726,3005.3043518628806
3798,1,0.0,409.642735131077,297.83846912037575
3799,1,0.0,226.71069790721728,157.24550575550987
3800,1,0.0,368.9562264450447,253.4217680054024
3801,1,0.0,122.06750235880838,92.9136525452202
3802,1,0.0,78.16864627642606,55.0848114299971
3803,2,0.0,8007.109986013638,5804.891717584742
3804,2,0.0,811.55985230578,559.1044407966436
3805,2,0.0,554.9463502739017,382.3135407383299
3806,1,0.0,256.6728453324225,176.82695078383722
3807,2,0.0,298.0579923605666,205.3378766951393
3808,1,0.0,8904.743055376743,6132.507304529408
3809,2,0.0,202.5388846078312,139.2471774302526
3810,1,0.0,1355.1878676488109,935.1867100278042
3811,1,0.0,581.0027214200019,399.7026950490989
3812,1,0.0,310.947954825491,213.73660649617543
3813,1,0.0,269.97652556041,184.91673757831265
3814,1,0.0,186.52425083318585,129.12781394105892
3815,2,0.0,2364.2090659608307,1561.095568898866
3819,1,0.0,448.54844117469577,304.6611138264616
3820,1,0.0,3858.4751504426577,2656.4634854321016
3821,1,0.0,1995.9464251333795,1247.4481545848091
3822,4,0.0,2307.176184660972,1590.618949720278
3823,3,0.0,17573.342978566605,12100.253839736675
3824,3,0.0,10398.84237678701,7161.311117020794
3825,2,0.0,599.0342633309343,413.2563733692093
3826,3,0.0,39833.54194162114,27478.626353862048
3827,1,0.0,32698.15715144917,22555.68983869129
3828,1,0.0,1614.324209497487,1111.48044639187
3829,1,0.0,472.715206528528,324.89063984921546
3830,1,0.0,4859.44979689044,3353.3510922770133
3831,1,0.0,136.3068414541922,93.64619237181992
3832,1,0.0,356.8865151202131,251.69524053757067
3833,1,0.0,182.4220007484132,125.3228394814514
3834,1,0.0,88.83896079572382,61.03193328141134
3835,1,0.0,50.84661685218916,34.93135095367384
3836,1,0.0,204.6100786745046,140.6711589297986
3837,1,0.0,43.27383516437339,30.44612874178545
3838,1,0.0,81.36884745393566,56.17454977351771
3839,1,0.0,508.3128749002242,349.44032801737666
3840,1,0.0,134.11453039136842,92.21486677257334
3841,7,0.0,7977.66297061938,5184.460759431238
3842,1,0.0,54.27122452046875,37.336509676684784
3843,1,0.0,107.0029816897238,73.61372972439949
3844,1,0.0,177.31118360855814,121.98314538285712
3845,3,0.0,2654.806777388061,1833.4223614012888
3846,2,0.0,373.44278412663897,257.75105193732134
3847,2,0.0,8117.644034837163,5590.07682751788
3848,2,0.0,28654.50272023212,19729.875252778747
3849,1,0.0,1182.0274561368867,815.1866321090071
3850,2,0.0,1353.3384473100973,932.5363445245448
3851,2,0.0,964.6723697491104,664.7219166474657
3852,1,0.0,47.00946131631893,32.38778546911004
3853,2,0.0,128.5508240175546,88.56656596759296
3854,1,0.0,630.2720504944233,434.3022773184085
3855,1,0.0,585.021578496113,403.1215379377584
3856,1,0.0,999.3464839027024,670.3178704192719
3857,1,0.0,894.700659487258,616.5423030934028
3858,2,0.0,918.998440089338,632.4304014565494
3859,4,0.0,28673.052614612498,19745.471798121547
3860,1,0.0,2407.769567430784,1662.2811521347944
3861,1,0.0,400.90861532024087,276.3476047266538
3862,1,0.0,291.8600336025983,201.1785945330581
3863,1,0.0,537.9511383258508,370.8096821920336
3865,3,0.0,8768.161429747726,6055.378743905246
3866,3,0.0,234.3128964191822,161.667058904207
3867,1,0.0,1039.949366362339,712.3045913603171
3868,1,0.0,2686.779036187117,1858.29073461794
3869,83,2581.0,2292680.5389758064,1581881.0073045024
3870,1,0.0,493.5642245418427,340.1181753031204
3871,1,0.0,285.3527536050779,196.6374366377009
3872,1,0.0,1660.4747378979089,1144.2577966523197
3873,1,0.0,1074.6450880410669,740.5648024338335
3874,1,0.0,2510.440967158471,1534.8365907396992
3875,2,0.0,7422.47866655247,5105.165580552504
3876,1,0.0,179.8976770252798,125.39658291730838
3877,1,0.0,576.8276598098989,396.7900361469602
3878,1,0.0,540.4734669689789,371.7804869881985
3879,2,0.0,1111.3304499603246,764.697745494319
3880,2,0.0,2978.876141842099,2068.01612660489
3881,2,0.0,882.6591660973223,609.2502721740696
3882,1,0.0,739.9377751765526,508.2229271700992
3883,1,0.0,231.6054963385088,160.09057519149096
3884,1,0.0,13051.429865958626,9012.04807208022
3885,1,1.0,203.78772375995956,141.02743947238065
3886,1,0.0,104.92026596800416,73.02428326947543
3887,2,0.0,382.8623918600696,270.8945005031617
3888,2,0.0,2945.2959245513657,2039.2979167009091
3889,1,0.0,31.760034981889035,21.9889857412778
3890,1,0.0,33.29103843112079,23.04899763026661
3891,1,0.0,98.17572585794836,67.97176956125548
3892,1,0.0,28.169946400380955,19.50202196110952
3893,1,0.0,31.12513259207805,21.569982244522578
3894,1,0.0,73.09182916360557,50.60132467071606
3895,1,0.0,33.663539226533004,23.341061243832502
3896,1,0.0,22.9254682148132,15.86928255659189
3897,1,0.0,99.30396921394058,68.73940501690122
3899,1,0.0,3260.76930393726,8254.97142173193
3900,3,0.0,1658.6520377294266,1148.7086742925871
3901,3,0.0,1837.5431184045176,1272.4481783848992
3902,1,0.0,1171.4494667289036,811.5212565183613
3903,1,0.0,1440.556925050515,1246.488478803681
3904,2,0.0,2047.3400811882248,1424.8029302529428
3905,1,0.0,114.60957847294604,79.34469271799549
3906,1,0.0,114.68215986535124,79.4083092723443
3907,1,0.0,133.10206060008005,92.16006884634382
3908,1,0.0,77.51107045414531,53.66748873425495
3909,1,0.0,93.58412682711128,58.141465225987325
3910,1,0.0,140.47722380981247,97.26852900787046
3911,1,0.0,145.90089321711469,101.02410646302884
3912,1,0.0,136.69933703963147,93.93887813558447
3913,1,0.0,139.1015341912024,91.94344581737674
3914,1,0.0,7738.081173584713,5352.01755689288
3915,2,0.0,14920.019548468756,10977.917542612357
3916,1,0.0,883.7402209260479,610.4363580974264
3917,1,0.0,1495.8152626960184,877.0747727897406
3918,1,0.0,1366.5589813137058,953.8444628763556
3919,1,0.0,173.983925449803,120.15011912602374
3922,1,0.0,1024.4519375798614,699.4433992576543
3923,2,0.0,475.8040531596812,327.9141494789457
3924,2,0.0,177.61610806114342,122.4092733768097
3925,1,0.0,123.9483934417591,85.42287197857792
3926,2,0.0,89.29999105891076,61.54367323390783
3927,1,0.0,76.59264238850778,52.78589227127723
3928,1,0.0,1817.914836365023,1256.108381089672
3929,1,0.0,4619.7748828971335,3189.901959035879
3930,2,0.0,819.5157275914835,567.3473351903112
3931,2,0.0,212.92858814643515,147.07938284189711
3932,2,0.0,252.0092372669758,174.0394165794211
3933,1,0.0,18019.53739253097,12431.591521285987
3934,4,0.0,515.112830792794,355.55320905465805
3935,1,0.0,104.34916360809122,72.05317181500443
3936,8,0.0,7718.812142233694,5329.894229889652
3937,2,0.0,2486.442094381061,1716.927361611193
3938,1,0.0,982.4420118800542,677.8063021550452
3939,1,0.0,378.4853548508624,261.12287619577893
3940,1,0.0,3643.450403102584,2948.876619272497
3941,2,0.0,242.6246124836869,167.55725625502768
3942,6,0.0,18920.946068492434,13077.603798365915
3943,1,0.0,261.75439240796294,180.705770523328
3944,1,0.0,24473.725923916336,16902.05217012337
3945,1,0.0,1659.2476285130183,1145.3957456726616
3946,1,0.0,196.3463086474277,135.42993487449868
3947,1,0.0,6694.599274541811,4618.895444775876
3948,2,0.0,290.1802244159795,200.1534990247864
3949,1,0.0,177.1436158103416,122.33193935868078
3950,1,0.0,280.240637407366,197.0997505513107
3951,2,0.0,45.58695600140266,31.480686550119955
3952,1,0.0,237.17328699966075,163.83731645228136
3953,1,0.0,4664.4337653169005,3227.872958040322
3954,2,0.0,97.4197102925792,67.27447525190487
3955,2,0.0,231.4166819486161,159.85415059847716
3956,6,0.0,8080.657092099664,5581.729530362634
3957,2,0.0,217.04991392461557,149.893622444492
3958,2,0.0,1369.2643942968202,948.2043847160272
3959,1,0.0,1191.6563410740584,822.4898940206573
3960,1,0.0,387.8674017843374,267.6285707436306
3961,1,0.0,2498.4140213647715,1723.7267901415446
3962,1,0.0,195.1828160138308,134.7889323860638
3963,1,0.0,7059.116507778601,4878.032419551198
3964,3,0.0,39657.63155039126,27355.85100388856
3965,10,0.0,55069.00288375983,37984.13750730942
3966,1,0.0,512.4468742763019,353.4754269631521
3967,1,0.0,447.78836928002846,180.76796252866876
3968,2,0.0,269.66557691302944,186.1473262059344
3969,1,0.0,163.50453738886452,112.91477955722723
3970,1,0.0,370.34036959057033,255.43944888076328
3971,3,0.0,619.4544296264601,427.96642182299337
3972,2,0.0,253.84940171596983,174.93688157433212
3973,1,0.0,338.35512155458,233.5168226639052
3974,1,0.0,256.8339126345164,177.12443913254458
3975,1,0.0,145.6185000030162,101.8364051056733
3976,1,0.0,420.41675849055576,290.1511680810993
3977,1,0.0,2677.205817874321,1849.3218605284085
3978,1,0.0,150.07915526879734,103.63246958896542
3979,2,2.0,26146.184918552262,17953.859868751653
3980,2,0.0,315.740566607477,217.88521172560803
3981,2,0.0,446.6577759258388,307.8493740264133
3982,1,0.0,233.39089331263543,161.17252579843063
3983,1,0.0,78.1519221091575,53.969321877914055
3984,1,0.0,156.3414900615827,107.88681984364656
3985,1,0.0,350.50905849251734,242.036036595238
3986,1,0.0,316.225785784369,218.3672036837453
3987,4,0.0,20525.10431115336,14177.58602894161
3988,3,0.0,10223.53432166639,7059.195187375021
3989,1,0.0,268.6897069350827,185.5309599422792
3990,1,0.0,267.58279281914406,184.69645121909656
3991,1,0.0,174.2707469707318,120.4306204980492
3992,1,0.0,172.02982069925704,118.88436409564986
3993,6,0.0,1624.531046801289,1122.6627068295795
3994,1,0.0,358.60369337358327,247.76459981897185
3995,1,0.0,406.42800212161416,280.64556226729667
3996,1,0.0,695.5283624705952,480.5515206228509
3997,1,0.0,658.0902602961037,451.0038170228951
3998,1,0.0,429.685612248017,296.87695234683764
3999,1,0.0,2213.58288770744,1528.3829140117607
4000,1,0.0,460.5076797725695,317.8666069319476
4001,1,0.0,220.38395026077177,152.14822717712872
4002,2,0.0,1672.9072107923496,1154.9234871197882
4003,1,0.0,350.41395505356144,241.71971529746824
4004,1,0.0,168.6047321414781,116.39238073317075
4005,1,0.0,240.9572674192592,166.3903080411088
4006,1,0.0,519.3434561342142,359.0319249724391
4007,1,0.0,507.66825715988057,301.5716245482941
4008,1,0.0,555.1760021208879,362.8973295940556
4009,2,0.0,608.6038798246702,402.4891239578978
4010,1,0.0,431.0732999359635,297.0141641988057
4011,1,0.0,311.75621703281723,215.34100237236865
4012,1,0.0,220.52926196937287,152.2306981562086
4013,16,760.0,390051.8454818816,269585.92335496214
4014,1,0.0,204.00608587907885,140.9971736328974
4015,1,0.0,291.73603027697993,214.0113867989945
4016,2,0.0,232.15145290886983,160.1584929595283
4017,1,0.0,572.5821845229151,395.2587053984966
4018,1,0.0,559.1702532920838,386.53387029561
4019,1,0.0,2281.3391019350297,1577.0078711483925
4020,2,0.0,334.0746113143997,230.57895130739556
4021,2,0.0,204.884631802716,152.13391557429935
4022,1,0.0,649.8444024911298,455.2118239374775
4023,4,0.0,10792.554982684092,7466.973322544682
4024,1,0.0,1396.6047006927463,964.8419032041668
4025,1,0.0,214.89167577951417,148.4605002527616
4026,2,0.0,197.2018413816945,136.19799600414734
4027,2,0.0,187.16362641256623,129.33535189594772
4028,1,0.0,273.3699192821252,188.6727795444272
4032,1,0.0,1213.09547369347,707.6094507469126
4033,1,0.0,86.0184887655137,59.42682867394498
4034,2,0.0,702.1166096064736,494.7977372787245
4035,1,0.0,566.7749744622192,391.8143023478364
4036,1,2.0,231.65076647960143,160.14149759872367
4037,1,0.0,342.2563330921537,236.221863316435
4038,2,0.0,5814.244859924955,4500.849268584587
4039,3,0.0,1925.9111001048905,1331.430771148854
4040,1,0.0,127.28762431469868,94.5190811696476
4041,1,0.0,959.034548477858,730.9729825652475
4042,1,0.0,1199.1689215916683,6313.07346071203
4043,1,0.0,3204.899434623946,2647.3219063951
4046,1,0.0,335.3867561288752,231.8711611340783
4047,2,0.0,287.8208540354009,198.99672497759397
4048,1,0.0,5153.065517951478,3564.2730829743427
4049,1,0.0,558.5839538705802,386.21147520990365
4050,12,0.0,16110.62361555163,10861.541223794657
4051,1,0.0,72.3466934898101,87.91518903534357
4052,1,0.0,466.3520592245017,321.99497153580666
4053,3,0.0,12602.837673970924,8708.861244281617
4054,1,0.0,340.70924186435275,235.4708432822846
4055,1,0.0,122.72847581112453,84.86013748463932
4056,1,0.0,150.4284624597853,103.99204562069713
4057,1,0.0,1036.4065842564023,715.6171202241737
4058,1,0.0,359.4973469617736,249.5914212901828
4059,1,0.0,288.6319765022887,199.4530701080806
4060,1,0.0,2411.5512538360103,1680.31668798173
4061,1,0.0,697.07423695547,480.7836141236736
4062,2,0.0,1872.267051853574,1293.7121490118643
4063,2,0.0,901.199443928242,626.6276728953717
4065,1,0.0,1026.3276273050706,710.148235338102
4066,1,0.0,671.3491761127209,442.6869710450172
4067,2,0.0,165.0439623411366,113.83014409422222
4068,1,0.0,476.0390086889235,328.6149867150264
4069,1,0.0,122.27574390549448,84.40878335135733
4070,1,0.0,165.06490165617606,113.94667622856718
4071,2,0.0,11687.78633963485,8068.174475642252
4072,1,0.0,145.48351148453835,100.3143258061011
4073,2,0.0,1392.7576916997702,932.8219827576396
4074,1,0.0,780.738794992159,539.2493313477038
4075,1,0.0,83.82668683791735,57.11285897739968
4076,1,0.0,54.34241448089748,37.506865869009246
4077,1,0.0,4565.511201844807,3163.2454540147146
4078,1,0.0,265.00113113524685,182.98013561914777
4079,1,0.0,172.91545139155073,119.36622093937174
4080,1,0.0,145.8084357245566,117.4722980130291
4081,1,0.0,184.4898291225562,132.4522711473395
4082,1,0.0,710.4158866613831,490.41393141476783
4083,1,0.0,307.0631618999713,215.5990261743873
4084,1,0.0,188.5920405510019,130.18878278679625
4085,5,0.0,1897.7018313385763,5851.324455244451
4086,1,0.0,207.1664450665873,143.13829524201998
4087,1,1.0,198.75590230091595,137.21969768917384
4091,1,0.0,217.44583301511332,150.0551864088527
4092,1,0.0,303.58039924007704,261.6761961905365
4093,1,0.0,2446.499326629562,1693.2506310870156
4094,1,0.0,40.16099721031645,27.79270551305128
4095,1,0.0,45.86290399603412,40.14308014581602
4096,1,0.0,17.137892628595722,11.859936610829262
4097,1,0.0,139.88686992528136,96.58925855002188
4098,1,0.0,323.2332733257014,223.18574111897527
4099,2,0.0,7283.459996874539,5015.75908930447
4100,2,0.0,6734.922842075163,4640.1893846490775
4101,1,0.0,5246.367595526987,3597.576978021077
4102,1,0.0,19021.5601083538,13135.282828681557
4103,1,0.0,292.1698876917972,201.232109258075
4104,1,0.0,455.9260649700086,314.18886493662126
4105,1,0.0,526.1944436569589,362.6139908312236
4106,1,0.0,279.90041185160885,192.8864377066264
4107,1,0.0,290.7954274571827,200.5059628319412
4108,1,0.0,129.4240140013065,89.3413697437238
4109,2,0.0,547.7537333195191,378.1139808471247
4110,1,0.0,141.68829111744452,97.89633784622929
4111,1,0.0,473.2461289017699,325.5374596121543
4112,1,0.0,1175.1496276241585,808.4196774596764
4113,1,0.0,56.08533423855003,38.58496304236068
4114,1,0.0,62.16225547892007,42.76579470256637
4115,1,0.0,167.3421143708409,115.12628984196488
4116,1,0.0,11.36587370631644,7.851569476259104
4117,1,0.0,944.19182055337,657.3835767735375
4118,1,0.0,158.6739541675572,109.40354958155412
4119,1,0.0,262.08262290567194,180.70296482681084
4120,1,0.0,193.60569897845187,133.72961312494687
4121,1,0.0,343.8394370342081,221.11693438796212
4122,1,0.0,5753.426259008709,19858.800925028198
4125,3,0.0,710.3350929384068,489.56785497986255
4126,2,0.0,630.642836056632,434.6668042266963
4127,4,0.0,2708.2036171377654,1809.9356601044587
4128,1,0.0,276.9428224513888,191.15163986939783
4129,2,0.0,1934.4364534828571,1328.6822070342948
4130,2,0.0,399.42207504217566,300.6408277254959
4131,3,0.0,7825.685570958905,5408.484339709822
4134,1,0.0,234.33593816927885,168.53775175011512
4135,1,0.0,690.2812085115074,430.4730757580836
4136,1,1.0,3569.0697145270137,2466.5970929206887
4137,3,0.0,8686.569408397432,6002.996481440945
4138,2,0.0,3369.039443252012,1805.616528086204
4139,1,0.0,1769.2406322063573,1498.963347456056
4140,1,0.0,3480.809981118186,2038.27228214704
4141,1,0.0,88.27191910447777,60.92546183841818
4142,1,0.0,1548.8700291101968,1069.0554489404294
4143,1,0.0,3646.597934926764,2516.8510230667985
4144,2,0.0,1816.89672884836,1254.0083819787376
4145,1,0.0,328.9047735200133,227.0989773710409
4146,4,0.0,12932.450200510517,8756.637385517142
4147,1,0.0,123.0407599032967,84.91835858654476
4148,2,0.0,1824.4867837039928,1259.1770591218742
4149,1,0.0,712.2656251445396,491.23568993315087
4150,1,0.0,2326.5851710711763,1604.5817184295363
4151,1,0.0,612.6288956571843,422.75846991263626
4152,1,0.0,215.85708043944123,148.8025582660928
4153,1,0.0,179.4674092113963,123.71705913588367
4154,1,0.0,242.74881566829723,171.69897749141245
4155,3,0.0,164.19828607809484,113.16098977800412
4156,2,0.0,2616.4706605171327,1803.238040249684
4157,1,0.0,227.5147221016599,157.2341509841017
4158,4,0.0,14709.223088445538,9975.378450244987
4159,1,0.0,366.09477109625175,252.9283907630681
4162,2,0.0,1718.5694240098326,1188.0456193610585
4163,2,0.0,1067.9528596151742,734.8224066050711
4164,2,0.0,2496.30124443628,1653.5259204148797
4165,2,0.0,1057.9607768832234,612.7997395552636
4166,2,0.0,1335.5544085220515,913.0996050407872
4167,1,0.0,759.9541730987486,523.0485822966873
4168,1,0.0,526.6078715288322,451.7935905430284
4171,1,0.0,2658.8003848660283,1837.7083047710787
4172,3,0.0,467.6390611631432,321.85772030226104
4173,1,0.0,229.5697989782909,158.42080089676583
4174,1,0.0,109.96898521523288,75.88653839751275
4175,1,0.0,1272.0358954766218,877.8080743523276
4176,1,0.0,1263.74523456063,872.0649076379809
4177,1,0.0,1106.0177381637588,760.7490003597964
4178,1,2.0,489.6423399241367,338.545751332184
4180,4,0.0,1466.3361392058491,1013.0468857900933
4181,2,0.0,2436.173830774608,1683.1182167745778
4182,2,0.0,4864.0327080684565,3345.512289482971
4183,1,0.0,220.5420617774309,150.89427785732002
4184,1,0.0,1992.895599832248,1377.782968221132
4187,1,0.0,557.722450212948,377.2098251374621
4188,2,0.0,1470.3228364293032,1011.5127930426216
4189,1,0.0,661.8169253385385,548.533841957556
4190,3,0.0,8445.344649969411,5691.722355764538
4191,1,0.0,4113.049101121863,2818.780829450044
4192,1,0.0,858.787903889141,592.8276137916432
4193,2,0.0,550.8911982768675,379.1089369867005
4194,2,0.0,917.5482304304556,666.4896094225008
4195,2,2.0,845.0924484670561,582.04434345208
4196,2,2.0,2368.5811346237524,1577.6761492081484
4197,1,0.0,530.05338596303,401.9078330457097
4198,1,0.0,512.6509895266638,441.72107697016986
4199,2,0.0,1818.8380201152297,1092.158606987132
4200,1,0.0,197.6409647269155,136.24748654304648
4201,1,0.0,490.00069446957576,337.79323756832923
4202,1,0.0,186.01892923581343,128.44597690248156
4203,2,0.0,31.435929685281916,21.71829468158989
4204,2,0.0,130.4715040491106,90.1395797056586
4205,5,8.0,27050.37235829857,18645.98074163105
4206,4,0.0,6251.140751640074,4306.292218676969
4207,1,0.0,187.92635573349304,129.29651097785307
4208,1,0.0,14764.393670710138,10062.18946991897
4210,1,0.0,3959.064512538501,917.1459757079348
4211,1,0.0,49.65654323756736,273.02602504479324
4213,2,0.0,173.5165686462437,119.39421696527936
4214,6,0.0,14975.020010873926,10305.21484692421
4215,1,0.0,575.0633212259117,395.7119345629241
4216,1,0.0,96.61366562208224,66.48210151403
4217,1,0.0,389.7253808669285,268.18025150472585
4218,1,0.0,217.41278929663991,149.59706499519294
4219,1,0.0,869.881925997544,598.5436720311495
4221,1,0.0,12581.25332881034,8657.298030775088
4222,2,0.0,481.62968148325416,331.42192137681275
4227,2,0.0,267.936969299148,184.49087833766905
4228,1,0.0,587.9650549700972,404.8492337561911
4229,1,0.0,370.2538307236276,254.94161132292152
4230,1,0.0,170.7500943743339,117.57158765800688
4231,2,0.0,393.60727257332906,270.96818749370175
4232,3,0.0,4066.2140278683246,2799.0142834587937
4233,9,0.0,26273.703080597686,18103.6079227945
4234,1,0.0,493.2406593750595,339.6354627042691
4235,1,0.0,335.67333851900025,231.45575985939712
4236,2,0.0,11518.476527377155,7942.75723654603
4237,1,0.0,246.1994508886256,169.7800398318253
4240,1,0.0,425.8099408354527,292.96585553068894
4241,1,0.0,387.4197619193132,266.67715703484305
4242,2,0.0,12125.386221243178,8346.42156087202
4243,3,0.0,9163.674754278694,6307.704025231072
4244,2,1.0,12582.712334932892,8661.619101106744
4245,3,0.0,9164.624186337229,6308.497562071242
4246,5,0.0,15102.300078327788,10397.275924229092
4247,1,0.0,762.15306728561,525.4776338307096
4248,1,0.0,416.2702530054691,286.6971785176461
4249,1,0.0,157.25747179410823,108.2281893788744
4250,4,0.0,5909.500703604572,4064.854338271962
4251,1,0.0,45.514389378239805,31.37070777916424
4252,1,0.0,49.67160439910209,34.23607289990771
4253,1,0.0,199.44400832651152,137.46645955073137
4254,1,0.0,112.56397248940893,77.91176364861569
4255,1,0.0,141.36565203303687,97.84755635647916
4256,1,0.0,241.07876370297888,166.86440043273447
4258,1,0.0,30.60350389319401,21.08846852656823
4259,1,0.0,31.818532531352268,21.925727723427272
4260,1,0.0,258.1302946324949,177.87416083028882
4262,1,0.0,1044.5609568284956,719.770262035071
4263,3,0.0,599.0159952825111,412.3395480630094
4264,8,3.0,43486.55107566612,29940.684926590668
4268,2,0.0,2137.1998935421016,1471.506961890419
4269,1,0.0,433.10162015475066,298.2911404123567
4270,3,0.0,13877.704997795146,9558.016565831773
4271,3,0.0,2869.240193432064,2164.4620046808136
4272,1,0.0,7594.723615693831,5226.503087501695
4273,1,0.0,9489.329443244666,6530.967199116142
4274,1,0.0,1138.6746819585003,783.5903644732911
4275,1,0.0,196.19730066074413,134.96714452884774
4276,1,0.0,224.47063123345924,154.41665257973727
4277,1,0.0,6760.300749040986,4650.669510458596
4278,2,0.0,4577.345101522224,3152.555259810405
4279,1,0.0,311.5914009572111,214.57855465470448
4280,1,0.0,631.3420582631908,434.3786107919804
4281,2,0.0,237.8990803791699,163.7209638130799
4282,1,0.0,4500.261847087919,3097.122843221264
4283,2,0.0,237.0463899901651,163.13944421654313
4284,2,0.0,366.76588133222566,252.217652575774
4285,1,0.0,208.6627990400108,143.61716517604287
4286,1,0.0,1302.724368973821,897.2969236546677
4287,1,0.0,539.4584202515665,371.7008583962883
4288,1,0.0,552.6876910896664,380.8104346300498
4289,1,0.0,857.4870550672663,590.8264927618129
4290,1,0.0,1333.752036725746,931.1306383065238
4291,1,0.0,917.3308211547204,675.4592277069548
4293,1,0.0,68.17421104472346,46.95199728298405
4294,1,0.0,632.1257357274975,435.3455831549011
4295,1,0.0,497.7597723301986,342.81216657792106
4296,2,0.0,554.5817859726617,381.86777103010417
4297,1,0.0,279.52833940877565,192.56788306211848
4298,3,0.0,259.7626460046416,179.13570370891318
4299,1,0.0,255.62088234123885,175.58464183867585
4300,1,0.0,268.9925218544164,185.1428088984052
4301,1,0.0,376.796321582593,259.3423378932292
4302,1,0.0,338.78280370844726,233.1770775876116
4303,1,0.0,110.93651240034968,76.35545195115357
4304,1,0.0,531.8359838250391,366.3817268081215
4305,1,0.0,130.02738947829857,80.7852909328546
4306,3,0.0,2215.654356662652,1526.7763399402022
4307,1,0.0,430.0751751576344,296.3409694178193
4308,1,0.0,350.0451640359847,241.0944744239068
4309,1,0.0,227.1317555496154,156.46890602848578
4310,2,0.0,941.7962237858704,647.9211810884037
4311,1,0.0,888.3233873057367,611.1289673686942
4312,1,0.0,1281.085090789109,881.3369173686746
4313,1,0.0,174.24808329852226,119.89080852907038
4314,1,0.0,1054.288994941591,721.6335180217186
4315,1,0.0,5876.381198538834,4053.0008400252327
4316,3,0.0,9312.14372607374,6504.266862977936
4317,1,0.0,196.02466991442665,125.24769445335544
4318,1,0.0,42.47761820445034,29.22022213583869
4319,1,0.0,60.32462807321631,37.13319171152119
4320,1,0.0,105.79603611754736,72.73999578919914
4321,1,0.0,39.38004466675057,27.089941504619343
4322,1,0.0,54.7234655298237,37.64487120554358
4323,1,0.0,190.09925145368103,130.77130964202823
4324,1,0.0,90.49939163398108,62.25690818530063
4325,1,0.0,82.38644159590439,56.67569532447181
4326,1,0.0,174.55280964113828,120.07949650115144
4327,2,0.0,218.29050541200425,139.39771613276127
4328,3,0.0,204.61404586460367,243.9341919683322
4329,2,0.0,632.4565334663857,435.7571478378419
4330,6,0.0,935.4089248629422,633.064835558532
4331,1,0.0,541.8723805533243,373.4586212236208
4332,1,0.0,681.4841904169455,469.6810680630798
4333,2,0.0,314.2293049532038,216.70819634197795
4334,2,0.0,584.4197078766509,419.34588872132025
4335,1,0.0,240.5912309298736,165.53040333926393
4336,1,0.0,2209.78989243164,1313.712838366257
4337,1,0.0,206.4711306387376,120.19059233108749
4338,3,0.0,1385.1359822328377,953.2817215202342
4339,2,0.0,803.718423853426,554.727805517426
4340,1,0.0,100.6346209233157,60.88656351345402
4341,1,0.0,44.612794713786336,30.6853701479976
4342,1,0.0,168.75267421739727,116.25959911577274
4343,1,0.0,77.35835229337587,53.2137988280932
4344,1,0.0,93.78819941029812,64.51570151006106
4345,1,0.0,191.97082778302797,132.05421264182775
4346,1,0.0,67.42921342398037,46.38418130017056
4347,1,0.0,72.7617526012009,50.05236133972946
4348,1,0.0,236.7301008653416,162.84524302253095
4349,6,0.0,5222.154876945385,3597.124699948639
4350,2,0.0,2999.7175901713595,2057.00894209631
4351,1,0.0,1684.33443115751,1145.4258341567747
4352,1,0.0,191.2193051303913,131.6076348102753
4353,2,0.0,229.06899366867185,158.3503263368634
4354,1,0.0,4277.024224770076,2957.349383620382
4355,2,0.0,210.04687320354395,145.2598872532045
4356,1,0.0,224.4222543027329,155.137151204321
4357,1,0.0,1044.085494957484,716.8860946114122
4358,1,1.0,673.9918414930725,463.81374747066775
4359,1,0.0,4155.556794575812,4634.169823969751
4360,1,0.0,1724.6568505714772,706.3772184563926
4362,1,0.0,1356.6636396927518,935.0785921750012
4363,1,0.0,221.6668161024905,153.34180673666424
4364,1,0.0,643.055425603394,444.8458855307568
4365,1,0.0,1752.8264948591714,1230.4192840547507
4366,1,0.0,144.48035678216354,94.585306025577
4367,3,1.0,641.9497186059286,441.3411982644639
4368,1,0.0,87.17910914450073,59.93628302649421
4369,1,1.0,852.0178965578259,585.7745221979993
4370,1,1.0,156.34379891106647,107.53524683173296
4371,4,0.0,498.2268239239218,343.2077093874758
4372,4,0.0,606.6644876014861,418.02339958023833
4373,1,0.0,461.4563351994331,319.0085665210622
4374,1,0.0,4796.735851609169,3315.762532569149
4375,1,0.0,172.42946130221827,119.19301874849202
4376,1,0.0,331.9215385486681,506.614829668382
4377,1,0.0,131.60082974868826,90.62045535693944
4378,1,0.0,191.4330695019168,131.8214754236677
4380,2,0.0,197.5707096955874,136.09899430011737
4381,1,0.0,1065.8263718223616,734.9929160438473
4382,3,0.0,3180.200345433776,2229.8386976920947
4383,1,0.0,100.30659623445533,69.11756427347342
4384,2,0.0,943.8121117957172,650.3531366728374
4385,1,0.0,443.0130209544228,315.80757362307094
4386,1,0.0,256.09391045782013,218.38116202623323
4387,1,0.0,104.84906557396616,104.31855324124216
4388,1,0.0,85.61541661214362,52.13081605053536
4389,1,0.0,154.55015907416362,106.92762427027372
4390,1,0.0,126.0359754046778,87.11571289855002
4391,1,0.0,291.36473996174345,201.73929433317144
4392,1,0.0,662.9654750260873,456.7304776847491
4393,2,0.0,634.1630841904097,558.9070839598935
4394,1,0.0,2351.467398371939,1619.5974559225206
4395,2,0.0,227.74765227047877,156.8670343632178
4396,1,0.0,71.29783382969674,49.26755040147688
4397,1,0.0,77.70496828838277,53.69516228697296
4398,1,0.0,200.022118751008,138.217662435712
4399,2,0.0,279.6773051017834,192.63447905208196
4400,1,0.0,195.0789708856672,134.8117846962062
4401,1,0.0,57.62772640932359,43.02612023872573
4402,1,0.0,215.55270529827268,148.9758886814841
4403,2,0.0,180.54674030330537,124.35571711699232
4404,1,0.0,502.2316518530911,361.43634298868267
4405,1,0.0,192.12525856454107,132.354006806048
4406,1,0.0,212.09799453683576,146.11371220763525
4407,1,0.0,261.3702856789371,180.05707844612388
4408,3,0.0,257.5689804173456,194.38539488711703
4409,1,0.0,566.0380034746298,390.06766193713554
4410,1,0.0,513.30322004468,353.72794697446307
4411,1,0.0,208.90774124392013,144.01734017436263
4412,2,0.0,12429.84312092086,8615.670681042291
4413,2,0.0,107.88557610624297,74.77532910365875
4414,1,0.0,301.72417845177944,208.7923455337977
4415,1,0.0,1372.062075632376,1176.207520838844
4416,1,0.0,331.8402911009131,228.87698998917813
4417,2,0.0,203.91607506560104,140.57274578681373
4418,1,0.0,493.5129053362324,371.2008180651218
4419,1,0.0,676.6098139777498,467.65752256955193
4420,1,0.0,579.9443517036657,399.20948214584416
4421,1,0.0,111.344717958219,76.36979043316978
4422,1,0.0,37.50145101575792,23.90353110796548
4423,1,0.0,1714.2936545038767,1171.6936053286431
4424,1,0.0,60.79316547712976,41.91765082954108
4425,1,0.0,43.17219196943895,33.35676537786121
4426,1,0.0,94.20032237418155,64.95224908314079
4427,1,0.0,132.15921644720234,90.87347715338149
4428,1,0.0,140.000211799762,96.26525008869088
4429,1,0.0,155.2041435167036,106.71911374885678
4430,1,0.0,130.00307982732778,89.39109773960526
4431,1,0.0,188.4573484873252,129.6415974417529
4432,2,0.0,271.1329366178542,187.3716632435647
4433,1,0.0,156.76450957341407,107.78850799877884
4434,1,0.0,119.59448469763636,82.23071118158536
4435,1,0.0,201.93079798712745,139.2692008262088
4436,1,0.0,341.8224855076431,234.986983709219
4437,1,0.0,161.2194219690668,110.83072006823356
4438,2,0.0,1047.4042498541337,675.5670920040704
4439,2,0.0,502.41425236306566,346.422773902837
4440,1,0.0,1024.393305065861,505.7926371388148
4441,1,0.0,162.00446180028365,111.37327565635108
4442,1,0.0,156.32289654207332,107.47427077601348
4443,2,0.0,258.7281239299267,179.2688721167105
4444,2,0.0,378.9181217453525,262.5475952545246
4445,2,0.0,279.0842272509413,193.3750145856551
4446,3,0.0,775.7410084264831,537.5017420241122
4447,1,0.0,1985.6234525661057,1366.8973975691383
4448,2,0.0,1150.6837508657268,792.1764371531643
4449,3,0.0,17088.030748331745,11821.518475730629
4450,1,0.0,256.64259260751334,179.64925754791798
4451,1,0.0,273.19502787759444,191.93213669825735
4452,4,0.0,1994.5939104852196,1387.281007469712
4453,2,0.0,207.5860815374276,143.6150795986818
4454,1,0.0,378.9077319124058,238.7209319183109
4455,1,0.0,223.2049071955469,161.54752940662758
4456,2,0.0,388.0904879363704,268.49316348307497
4457,1,0.0,71.20481722467005,48.9611595684108
4458,1,0.0,99.06724126011706,68.11951130624306
4459,1,0.0,182.98891564923088,125.82496470815472
4460,1,0.0,126.04997996727008,87.65793695634025
4462,1,0.0,354.30051472094146,245.6589421859834
4463,1,0.0,2752.571241194865,1908.514192342335
4464,1,0.0,1783.335859488843,1226.346058532712
4465,1,0.0,136.43650939674762,98.4906287554541
4466,1,0.0,181.99143299161412,108.37930249726044
4467,1,0.0,206.12543500619125,141.80761791995846
4468,1,0.0,870.8569025771145,624.4488434253271
4469,1,0.0,2193.6084529126583,1484.4502213330206
4470,1,0.0,1689.6076342231988,1152.037137298784
4471,1,0.0,322.43196264246615,223.44829619571584
4472,1,0.0,192.83819091790892,133.03456364319575
4477,3,0.0,1828.3906509516607,1258.1429998464916
4478,1,0.0,187.90925280017004,129.285348010615
4479,3,0.0,151.84537903011892,104.47236362164328
4480,1,0.0,288.66086436297775,198.60406899000864
4481,1,0.0,1175.671949353812,814.5387110376819
4482,1,0.0,3604.2823549620175,2496.759413989979
4483,1,0.0,8437.735756206228,5790.369213009162
4484,2,0.0,5497.54417667743,3783.5091608504704
4485,1,0.0,5113.804818129676,3546.055589257953
4486,1,0.0,443.8681676745621,307.7817421747157
4487,1,0.0,4182.323081853381,2899.948952313144
4490,1,0.0,2297.4403592651265,1568.9539898506064
4491,2,0.0,130.20591893707672,89.70022210310137
4492,1,0.0,56.71907168635872,39.1350233773482
4493,1,0.0,142.70290971414553,98.46213488195006
4494,1,0.0,162.14001398744705,111.87344712114316
4497,1,0.0,290.80244584750875,200.63814724611947
4498,1,0.0,3053.6021015707506,2106.781366697203
4499,2,0.0,227.43201995264528,156.61419702718447
4500,2,0.0,237.70460104618903,163.68783462117773
4501,1,0.0,178.60129428012158,123.03788442515352
4502,1,0.0,75.1701143854455,51.03062631373501
4503,1,0.0,40.94227571030514,28.224239296825598
4504,1,0.0,154.43329821163462,106.57326734837731
4507,3,0.0,2145.5312352975197,1472.6211178928943
4508,2,0.0,2320.237390258708,1604.5506418668465
4509,1,0.0,178.1290445954725,122.82608241863628
4510,2,0.0,832.108864025792,729.2842032032994
4511,1,0.0,138.15448423252056,95.25702157028611
4512,2,0.0,13048.084581504256,9049.474567316787
4513,5,0.0,6411.402077452095,4429.649431023733
4514,1,0.0,220.89644819750632,147.06317619392286
4515,1,0.0,152.86443758416826,105.27019217170836
4517,2,0.0,136.4793736525958,93.71825012811712
4518,2,0.0,31.397739197495493,21.27167866610369
4519,2,0.0,110.7342172617318,76.05768467205198
4520,1,0.0,16.080195015335676,11.083993732384595
4521,2,0.0,208.22484651411287,143.52833734864004
4522,2,0.0,2524.764694507882,1735.233715285979
4523,1,0.0,878.5468490974099,607.0561559220691
4524,2,0.0,9766.906546091028,6720.505881841392
4525,3,0.0,15744.76267750072,10808.648197468034
4526,17,0.0,16151.792205023075,11126.452028242236
4527,2,0.0,356.4354218131036,191.5149170925352
4528,4,1.0,4030.531342031204,2793.284743935844
4529,1,0.0,192.90862260974663,132.4426053621036
4530,1,0.0,8992.700216340183,6175.690821401994
4531,2,0.0,880.0662494457156,610.00586652983
4532,1,0.0,476.9540492563582,330.5906000914455
4533,2,0.0,593.8589411270274,408.61340859692535
4534,1,0.0,248.1021171071581,170.80439801224327
4535,1,0.0,38.72152104905349,26.595869279689826
4536,1,0.0,36.636850995487926,25.16390295893433
4537,1,0.0,363.8000140435415,249.8754286039324
4538,1,0.0,310.818194584903,213.6678823038392
4539,1,0.0,55.84594704131106,39.07925036370917
4540,1,0.0,60.038893306572064,41.27292783725824
4541,1,0.0,1411.7839589906437,1005.5883312473072
4542,1,0.0,26.968128559668543,18.71710870798436
4543,1,0.0,22.98513309218288,15.952729136986203
4544,2,0.0,154.85301241027443,107.47501644267332
4545,2,0.0,308.87877555368885,214.172132801016
4546,1,0.0,1149.8726750075905,717.4486826213398
4547,2,0.0,23.71632282397477,16.460198439475555
4548,2,0.0,22.613972478079333,15.838528566102957
4549,2,0.0,150.13837176633535,104.22155564187992
4550,1,0.0,29.667393001863356,20.588983982990985
4551,1,0.0,17.828664008305047,12.373019753424968
4552,1,0.0,152.86367513475204,106.08659633588404
4553,1,0.0,18.8758178053045,13.099157741402138
4554,1,0.0,16.502961923841056,11.452460443679268
4555,2,0.0,17.23041797989158,11.957303485808607
4556,1,0.0,98.77110180553213,68.65688348053453
4557,1,0.0,36.01104923640866,24.99028694259289
4558,1,0.0,16.558879879733524,11.491230810317251
4559,1,0.0,168.46579968701965,116.90879969087456
4560,1,0.0,26.82862095030026,18.61841043790291
4561,1,0.0,20.306789589306007,14.09240777672441
4562,3,0.0,25.77572273278724,17.88774849162182
4563,2,0.0,159.5012607604811,110.69006912570032
4564,1,0.0,26.925854495109057,13.652147128270716
4565,1,0.0,38.48650990106945,26.707229822909955
4566,1,0.0,124.47057218965028,86.37467349073023
4567,1,0.0,249.12271052378955,193.66709595557683
4568,1,0.0,23.307303552401383,16.20919134097205
4569,1,0.0,17.506729496103834,12.147348725320152
4570,1,0.0,12.608980806737671,8.748976371527954
4571,2,0.0,156.91542849582063,108.87855183592325
4572,1,0.0,87.11454116378964,59.849928574593065
4573,1,0.0,2382.864991109278,1636.687352940866
4574,2,0.0,1489.1566325720776,1023.5277866854136
4575,2,0.0,17.09889600107537,11.864423659862506
4576,1,0.0,16.59573947365537,11.51527791731244
4577,2,0.0,18.837879054412834,13.071045338674384
4578,2,0.0,144.92539798936514,100.55945845720534
4579,1,0.0,948.8420981343088,651.90873229793
4580,2,0.0,1534.415685441522,1038.4640165274932
4581,1,0.0,188.828476131917,129.7992524432743
4582,1,0.0,22.51543463810077,15.623683823502551
4583,1,0.0,19.85443001951909,13.77721874192298
4584,2,0.0,158.6795376817079,110.10943852556092
4585,1,0.0,18.76722240784346,13.022941308902864
4586,1,0.0,15.658007837075765,10.86542163008411
4587,2,0.0,145.5649772259569,101.0104896393364
4588,1,0.0,251.537221207424,174.46512336970113
4589,2,0.0,2169.0058346733763,1504.3950083355833
4590,1,0.0,21.386429798362848,14.840886015296627
4591,1,0.0,20.511287314071154,14.233622776258825
4592,2,0.0,149.10674719668614,103.47116503232766
4593,1,0.0,329.9326308509327,226.80336022444249
4594,1,0.0,879.2997555562455,607.767303498705
4595,1,0.0,236.4178364271937,268.00162120038624
4596,1,0.0,817.5967354271187,545.559754316745
4597,5,0.0,34307.93714560791,23777.651596656862
4598,2,0.0,20358.831765068207,14130.736544417929
4599,1,0.0,548.3233771690531,391.1676739965854
4600,2,0.0,275.4255523937013,184.5076089091152
4601,4,0.0,3929.8619796328767,2723.911442998801
4602,1,0.0,3133.450970007927,2167.02590709232
4605,2,0.0,186.8664459956985,875.8870679165118
4607,1,0.0,130.69418198586098,90.1437489248432
4608,1,0.0,107.0894397113033,73.61660663351849
4609,1,0.0,236.782948258214,162.78519003623668
4610,1,0.0,94.6134417234876,64.9728973604106
4611,1,1.0,181.88894089307195,125.03563778706273
4613,2,0.0,239.0128886181034,147.386426137678
4614,1,0.0,266.5482285461524,195.96175746173213
4615,1,0.0,3382.8590139769776,2366.110852489548
4616,1,0.0,599.5576032104436,413.80232237825066
4617,2,0.0,70.97394734622347,48.98444563431164
4618,2,0.0,551.582503834282,380.6871437581327
4619,2,0.0,236.9592828835432,148.55801638136492
4620,2,0.0,169.4490077013676,116.97036043656568
4621,2,0.0,392.38992107110187,270.0370361113416
4622,1,0.0,2548.383898312733,1514.9826781321224
4625,1,0.0,2290.1173906282806,1276.6693314552138
4626,1,0.0,256.23735615197563,152.65148472206883
4627,1,0.0,2002.390568969568,1378.0396979113991
4628,1,0.0,373.63011103191496,257.2854999233498
4629,1,0.0,451.14734819985006,310.66797214334304
4630,1,0.0,166.16464754445678,114.42329285018276
4631,1,0.0,195.90165397814437,134.81110356355416
4632,1,0.0,513.578973061066,353.43514363051224
4633,1,0.0,434.0586392627303,298.91206706323123
4634,1,0.0,160.86838514533528,110.78043910181351
4635,1,0.0,905.87300285115,623.1946752276659
4636,1,0.0,564.5993436510219,385.032618256151
4637,4,0.0,2568.3285783686024,1769.9143788753388
4638,1,0.0,6.109613564786464,36.30416328545533
4639,1,0.0,53.49132519781812,36.79358868925453
4640,1,0.0,72.92588065490511,47.83503151108575
4641,2,0.0,20367.17116823916,14239.398317333173
4642,1,0.0,82.34128362349684,49.474998701942
4643,1,0.0,506.2089146998124,347.7879508502363
4644,6,0.0,18130.12045759964,11994.599432471765
4645,1,0.0,438.4365272888661,215.24157042059505
4646,2,0.0,724.4929693400285,496.1991294046642
4648,1,0.0,5.131226067253964,83.96765019758242
4649,1,0.0,39.60696126832317,27.429916250455868
4651,2,0.0,5209.925606982913,3604.534510954122
4652,1,0.0,11.909451734644096,39.70522006236172
4653,1,0.0,10.76454164711554,36.61594542762575
4654,2,0.0,101.14727976628085,70.43511871357721
4655,1,0.0,46.019377451257306,32.04496657025677
4656,1,0.0,72.50225058959934,50.48614783098938
4657,1,0.0,184.56591823146044,128.52018817532098
4658,1,0.0,2990.177226815242,2054.7660125540947
4659,1,0.0,64.44461504795987,44.37358568017637
4660,1,0.0,92.72666425869475,63.84699806803488
4661,1,0.0,1187.1865055932603,820.730066315481
4662,1,0.0,1106.2939207268716,764.8123178781054
4663,1,0.0,403.0986476814403,199.35518132120995
4664,1,0.0,916.2761822049724,634.2211329702823
4665,1,0.0,459.93959510586654,320.0600660502277
4666,1,0.0,248.63617786159963,173.01891992659785
4667,1,0.0,220.825361785088,153.66714679368403
4668,2,0.0,538.931236748513,373.5344402356797
4669,1,0.0,164.0060249824142,113.67190274420602
4670,1,0.0,47.514839832267214,26.47693176558661
4671,1,0.0,145.54571484813027,102.27234354163612
4672,3,0.0,1289.3943704593908,886.1808024565422
4673,11,0.0,9633.550270523763,6631.618226374761
4674,1,0.0,660.041415074342,455.32614196742577
4675,1,0.0,29.13942010025525,15.943934504888489
4676,1,0.0,218.44289237335232,150.68943242836565
4677,1,0.0,449.9972521190904,440.7660179868205
4678,1,0.0,716.9882019640283,418.0865803484912
4679,1,0.0,1045.5888592507547,689.1357109804334
4680,1,0.0,232.64990225392995,160.0311965244399
4681,1,0.0,51.87427450454335,35.682446137875345
4682,1,0.0,64.24299058788698,44.19027858731165
4683,1,0.0,109.40254739271914,75.70637467963572
4684,1,0.0,282.6631615447224,196.84640287064
4685,1,0.0,1438.712448159527,993.9544756768368
4686,1,0.0,1573.619935006693,1087.1563349192452
4687,1,0.0,1440.443491801234,995.149617203592
4688,2,0.0,44.26233446226732,30.53570933206249
4689,1,0.0,296.80015455882653,203.8862180184624
4690,1,0.0,100.98388588077005,65.47505572175643
4691,1,0.0,2883.3266910340367,1730.4499964507002
4692,1,0.0,1734.2061152152207,1191.6897755806228
4694,1,0.0,1209.042055169249,834.771962973042
4695,1,0.0,986.283959649358,680.5307873711868
4696,2,0.0,1507.0061482036826,1037.6499730114676
4698,1,0.0,2137.6038459473266,1473.9222237601994
4699,2,0.0,3714.86387216358,2203.159616694666
4700,1,0.0,738.271762859162,561.8326744479562
4701,1,0.0,1299.1229154601258,888.1782795395216
4702,1,0.0,1452.662958500751,997.0852252783004
4703,1,0.0,57.13763158733193,40.57898377938327
4704,1,0.0,1264.4280608299837,872.1970149788931
4705,2,0.0,1592.8237026157751,1118.2679343176414
4706,1,0.0,677.8162635503452,468.5466890903589
4707,1,0.0,647.3914318256963,446.9064467847822
4708,1,0.0,5745.268987864518,3563.027510506627
4709,2,0.0,663.497588138353,437.5218740311341
4724,1,0.0,171.79233071096428,970.7348304038928
4730,1,0.0,303.7789403424616,209.89675161309677
4736,1,0.0,1996.8411276280008,1217.8960994924364
