r0,c0,rule,n_bldg,footprint_m2,cleared_m2,dJ_lin50,windows50,seconds
100,400,STRIP,3,71.19497031162841,71.21875,-321764.7240037776,53,1.8045873619848865
100,300,STRIP,9,143.7263182812776,137.515625,-328012.3763419237,65,2.093648427980952
200,400,R20,9,128.1987548600868,125.703125,-373318.89052442,75,2.257367951096967
100,400,R20,6,115.37552776795224,115.3125,-569897.8210664944,79,2.3892555930651724
200,200,R20,6,131.81032606394305,128.40625,-459166.6159146774,73,2.38907414895948
200,300,STRIP,7,149.1657206766389,149.203125,-483071.8720170214,75,2.391238329000771
200,200,STRIP,11,222.8283437048221,210.859375,-900074.5531747008,78,2.5372563069686294
100,300,R20,8,155.98689616081202,155.984375,-389316.58602894464,87,2.5767355340067297
200,300,R20,7,131.8605396184722,131.84375,-470719.1857050664,84,2.6215730090625584
200,400,STRIP,6,85.02924701809044,82.5625,-342298.95823507605,53,1.7962041740538552
200,500,STRIP,6,137.91048436863625,136.515625,-1374287.7867125322,63,1.8816594140371308
300,200,STRIP,7,138.8477827876082,135.125,-1227316.9708540502,52,1.9998203900177032
300,300,STRIP,3,64.76692535597546,64.765625,-236933.29309419304,54,1.9051923080114648
200,500,R20,5,93.52819034931672,91.234375,-1053329.8002006686,80,2.432461922988296
300,400,STRIP,7,149.4218895472786,149.265625,-695909.712282253,63,2.076185398036614
300,300,R20,4,123.37131916799436,120.453125,-464254.7328878795,71,2.344729617005214
300,200,R20,6,191.71277621817825,191.71875,-1214831.2139480244,84,2.6164163229987025
300,400,R20,6,116.8082719890834,116.828125,-481648.0977379433,80,2.5016579339280725
300,500,STRIP,1,31.8158406688871,31.78125,-269619.0191607782,36,1.423298185924068
300,500,R20,5,65.62520327179911,65.53125,-403084.00184701046,67,2.106904265005141
300,600,STRIP,7,142.4400848338202,140.546875,-2473793.379638248,53,1.9097382730105887
400,300,R20,2,100.61177195889934,99.03125,-592278.5888704255,36,1.4657855960540471
300,700,STRIP,10,184.0178060614146,184.0,-5153532.556039479,68,2.1900764330057427
300,700,R20,10,138.76328503169236,135.875,-2883927.583352576,75,2.380894912988879
300,600,R20,7,159.4815625123517,157.453125,-2592078.7341015567,79,2.525441981037148
400,200,STRIP,6,125.69596875218896,125.625,-1305573.1451461357,60,1.9866426949156448
400,200,R20,7,136.9188582198991,135.40625,-936194.882766358,76,2.3165787790203467
400,300,STRIP,7,115.1254141915637,115.09375,-770941.6701837496,62,2.154472478083335
400,400,R20,9,150.30883875699786,150.1875,-1451272.2347228616,86,2.7294278800254688
400,600,STRIP,6,118.3178778632808,116.265625,-1687371.5730886231,52,1.789409806020558
400,500,R20,7,119.73985085087824,117.46875,-891881.1305380942,66,2.192452434101142
400,500,STRIP,9,139.88156664528705,138.25,-1170603.3570057228,56,1.8883631390053777
400,400,STRIP,11,192.3329305742617,186.15625,-2057250.2474224465,78,2.450712888967246
400,600,R20,6,94.22402675101227,91.5,-1154562.9193231333,60,1.955679569975473
400,700,STRIP,7,187.1443286837845,185.0,-4058306.531024996,59,2.058985998039134
400,700,R20,6,153.67704356900265,151.34375,-3367756.339395887,72,2.251641387003474
400,800,R20,7,136.91138899545592,135.03125,-3939648.659087381,66,2.2025415028911084
500,200,STRIP,7,144.5567356000984,142.84375,-2126692.078576445,58,1.7206440949812531
400,800,STRIP,6,133.75529088615772,128.65625,-3613072.7354713297,67,2.188899062923156
500,200,R20,6,140.68099136074068,140.375,-2122800.764329974,67,1.939390580984764
400,900,R20,11,201.8485245856067,201.890625,-8845414.626633,78,2.3415696979500358
400,900,STRIP,15,336.69183583775816,333.890625,-14638291.91449163,78,2.407941045006737
500,300,STRIP,7,107.57028805710188,107.578125,-1554744.0763496216,72,2.281903145951219
500,300,R20,6,134.25408064840153,134.640625,-1314469.7536991178,90,2.6997917720582336
500,400,R20,4,113.47044700468652,113.65625,-1235841.7312251695,69,2.3719995110295717
500,400,STRIP,4,48.94942578206098,49.046875,-469210.5288786549,67,2.4637993939686567
500,500,R20,8,150.4416082082148,145.703125,-2541692.884111722,67,2.173833260079846
500,600,R20,6,127.6626479431225,127.71875,-1761790.3575097655,67,2.171131993061863
500,500,STRIP,8,150.53616214478035,149.203125,-2092994.5794877885,69,2.28170771303121
500,1000,STRIP,0,0.0,0.0,0.0,0,0.0047708380734547
500,600,STRIP,6,135.4171540113409,135.53125,-1964384.236972032,65,2.09434136596974
500,700,STRIP,5,79.46971596824936,79.40625,-1783744.3661762765,50,1.7928877749945968
500,700,R20,5,99.7272232687309,99.21875,-1944236.6325409047,70,2.2928680449258536
500,800,STRIP,11,170.1974046297846,165.125,-4666160.496189312,59,1.9410402099601924
500,800,R20,10,163.02625351250435,157.28125,-4361200.935646154,80,2.4480484280502424
500,1100,R20,1,146.32884534240205,146.328125,-45147181.5859222,42,1.272921906900592
500,1000,R20,1,17.08577736971813,17.109375,-1348534.4095949396,36,1.339560394990258
500,1100,STRIP,1,311.2812816051488,309.53125,-38859963.27148996,54,1.455751974019222
500,900,R20,6,175.36528379473592,173.140625,-5747396.34480305,79,2.252227885066532
500,900,STRIP,9,255.6274206780891,255.5625,-10564125.990646526,79,2.295715947984718
500,1200,R20,1,1018.8529904066944,1018.859375,-461004561.1310349,76,1.8319393768906596
500,1200,STRIP,1,1018.8529904066944,1018.859375,-461004561.1310349,76,1.878257252974436
600,200,R20,6,124.88515278116851,124.84375,-2754905.419810514,72,2.066667670966126
600,200,STRIP,8,130.65882064255402,130.546875,-2482621.7668960383,74,2.138275807024911
600,300,STRIP,6,96.78805276038231,94.40625,-1046560.5517728644,66,2.122152304975316
600,400,STRIP,8,111.43319074745298,107.703125,-1563913.267911252,58,2.0844704299233854
600,300,R20,8,154.28794932718554,151.71875,-1273012.525289348,88,2.669090146082453
600,400,R20,8,97.83238261173688,92.71875,-1136274.6054977127,65,2.306304375990294
600,500,R20,4,108.947124790531,108.9375,-1171636.6984781588,60,2.0060008469736204
600,500,STRIP,10,156.86291049958112,156.140625,-1735617.8106775156,75,2.467249226989225
600,1000,R20,0,0.0,0.0,0.0,0,0.0001769909868016
600,1000,STRIP,0,0.0,0.0,0.0,0,0.004500395967625
600,600,STRIP,9,167.03738271870597,167.46875,-2061020.3121362696,62,2.0088677280582488
600,600,R20,7,146.90903626277384,146.71875,-1705084.6246682394,74,2.356808281969279
600,700,STRIP,10,224.24271154789528,224.15625,-3849910.161171798,65,2.111357867019251
600,700,R20,9,127.59357865713464,127.578125,-2574677.104224176,76,2.368454947019927
600,900,STRIP,4,126.44253297839464,126.53125,-3104847.1380834687,57,1.7331873330986127
600,900,R20,6,140.13644174941282,140.25,-3144174.99689794,64,1.8396528580924496
600,1100,R20,1,151.19421941031896,151.140625,-16337471.768366262,42,1.2635046449722722
600,800,STRIP,6,134.72474307278392,134.640625,-2804377.1738362126,63,1.9038598750485107
600,800,R20,8,129.15331911612503,126.265625,-2434556.256679335,71,2.0888956369599327
600,1100,STRIP,2,202.47948617767824,201.765625,-28496461.221090466,53,1.467643358046189
600,1200,R20,1,737.2921117346883,737.265625,-116297322.6276734,78,2.303900073980913
600,1400,STRIP,10,184.1594288781254,181.515625,-69970187.44301938,62,2.252526234020479
600,1300,R20,10,296.7543931514547,291.0,-70913456.09898895,74,2.496746003977023
700,200,R20,10,141.7727574300512,139.203125,-2574306.679123358,64,2.0038992690388118
600,1500,STRIP,10,176.65973036029004,169.703125,-63548738.60298158,62,2.295300536905416
600,1500,R20,10,183.539506487786,175.140625,-58257478.56888171,74,2.5504656619159505
600,1200,STRIP,3,2155.333807611856,2154.09375,-1110375076.0688603,127,2.899019790929742
600,1400,R20,12,195.88823286771373,188.8125,-59773440.0695514,86,2.784710966050625
600,1300,STRIP,4,1595.4095589712258,1594.625,-659636745.204469,108,3.009816798032261
700,200,STRIP,9,191.90782441050249,189.5,-5272969.5394089855,61,1.908960354980081
700,400,STRIP,6,83.21735378309556,79.734375,-1470120.005067456,51,1.7813786219339818
700,300,STRIP,7,179.16728162680565,174.140625,-2648523.1646314887,67,2.197918092017062
700,400,R20,4,107.44021274031653,107.484375,-1449547.1594306943,72,2.3815687500173226
700,500,STRIP,7,133.1784476977965,129.078125,-2225496.8832404367,66,2.174386624014005
700,300,R20,6,134.8804761478541,132.0,-1847642.971468116,85,2.5836177499732003
700,500,R20,8,165.97826681250297,161.953125,-1700039.9410404433,75,2.359251796966418
700,600,R20,9,144.4906617755516,138.828125,-2269723.205439788,77,2.4201595139456917
700,600,STRIP,16,225.5119565164653,215.03125,-3819899.636053305,86,2.7096700810361654
700,700,R20,6,108.212528139161,101.46875,-1804864.3922960544,86,2.682248511002399
700,700,STRIP,6,168.91065210380998,168.90625,-2607259.5474965847,64,2.1225801430409774
700,1000,R20,3,51.22149940710294,51.28125,-4923148.137830716,44,1.4116919409716502
700,1000,STRIP,2,46.58145914962931,45.90625,-4351421.372512538,30,1.190378541010432
700,800,STRIP,4,116.89667977542248,116.84375,-3577734.289505345,62,1.9398687420180067
700,900,STRIP,7,179.5960889127962,175.640625,-5809944.819271786,71,2.076073060045019
700,900,R20,5,115.4753199883144,111.625,-4733227.117867529,75,2.1749365869909525
700,800,R20,6,146.6754392269444,146.625,-3637375.593478453,85,2.51822547300253
700,1100,R20,2,175.60088888023037,175.484375,-21882558.67210773,57,1.717258309945464
700,1100,STRIP,7,302.5777108133677,302.609375,-32565358.28541901,76,2.183567470056005
700,1200,STRIP,9,227.86049117058133,227.9375,-15981178.640315348,54,1.819846534053795
700,1200,R20,9,148.38729403019744,145.75,-12299541.583789548,60,2.016317519941367
700,1400,STRIP,11,183.7296046803064,183.03125,-19720275.58197848,52,2.0436867979587987
700,1300,R20,9,202.48737259698368,201.390625,-23356475.08610336,87,2.9069042899645865
700,1300,STRIP,6,398.369311365661,389.390625,-43796634.36709678,81,2.654640484019182
700,1400,R20,8,201.08754069765263,197.03125,-39701891.31498575,72,2.6050730800488964
700,1600,STRIP,1,99.53308018551002,99.6875,-41451545.34535073,36,1.6055638550315052
700,1500,R20,9,267.6851790235204,261.703125,-42749501.66325244,79,2.9001687520649284
700,1600,R20,3,210.40929509985125,210.515625,-82501659.06207523,52,2.0592054050648585
700,1500,STRIP,10,251.79493954232035,249.359375,-40084224.75961248,73,2.667625084985048
800,200,STRIP,3,225.91346084475703,225.9375,-2892228.5966025176,52,1.625599968014285
700,1700,R20,10,257.25655494960995,253.828125,-104128791.27702276,96,3.241943938075565
800,300,R20,6,114.50002678144564,111.015625,-1671447.609262399,66,2.043452594080009
800,300,STRIP,10,203.43134489910028,200.453125,-3822009.33643438,58,1.8663324060617013
800,200,R20,4,72.70353169285669,70.125,-1490285.2335617626,84,2.339861945947632
700,1700,STRIP,7,262.0189805740975,260.453125,-116772879.49153252,72,2.6669952899683267
800,400,R20,5,133.12790878213417,131.8125,-2115711.8790582446,72,2.2867685199016705
800,400,STRIP,7,173.3843294805754,167.34375,-2868360.979426578,63,2.113300670054741
800,500,R20,8,82.54875902965841,80.9375,-1146596.546320347,75,2.212514679995365
800,500,STRIP,3,42.9091014995324,42.859375,-908875.0995594813,41,1.497975073987618
800,700,R20,4,90.92287882997286,90.90625,-1587835.7298888213,58,1.9606207030592488
800,600,STRIP,10,140.59413680562076,136.90625,-2470623.131670524,67,2.1982222800143063
800,600,R20,6,142.9406468127067,141.6875,-3260892.386442787,74,2.3392294049263
800,800,R20,7,120.1061123962094,120.046875,-2965315.0414631367,68,2.2103977240622044
800,700,STRIP,8,195.9317790191753,195.109375,-3565219.9757818407,73,2.3559064699802548
800,900,STRIP,10,180.64894436348328,180.828125,-6499365.007365899,63,2.0168153569102287
800,800,STRIP,12,219.9709643108781,219.90625,-6060463.669809586,73,2.306798444944434
800,900,R20,10,164.82669899509744,164.75,-6030624.965864424,82,2.5604956949828197
800,1000,R20,8,116.3583728212972,114.0,-8548938.49466902,86,2.49424608098343
800,1000,STRIP,5,140.52969828035515,140.59375,-9851384.758354094,56,1.8089556520571928
800,1100,STRIP,8,138.71035975492367,138.296875,-11400788.856473671,65,2.0937535889679566
800,1100,R20,7,154.6737736639356,150.640625,-9786824.539759036,74,2.2620072619756684
800,1200,STRIP,10,231.74253444602147,231.109375,-13400294.490560943,63,2.091525426018052
800,1200,R20,9,158.28089889409347,150.8125,-7946940.476439988,74,2.2605985769769177
800,1300,R20,5,148.57857218083606,146.78125,-9262186.21317206,58,2.0171878990950063
800,1300,STRIP,6,166.93221214791296,165.453125,-10474565.726975664,58,2.0803947569802403
800,1400,STRIP,9,159.7379904224347,156.953125,-62274802.19258989,61,2.295554904034361
800,1400,R20,10,204.5961671436536,203.84375,-65639914.49554178,82,2.753980092005804
800,1500,STRIP,6,150.1412150722931,146.53125,-36806159.24439044,48,1.967962087946944
800,1600,STRIP,7,213.97998008999065,213.21875,-78719262.42586572,47,2.0766476719873026
800,1500,R20,5,131.0127996690848,126.84375,-13971295.55637694,87,3.1405156640103087
800,1800,R20,6,267.6424749257709,259.359375,-176191503.710752,57,2.1795104070333764
800,1700,STRIP,8,353.8436291007961,353.890625,-101261980.99095216,70,2.469168336945586
800,1600,R20,8,196.0762480457228,193.25,-40839890.38536115,69,2.82673792692367
800,1700,R20,8,241.0725512780016,233.46875,-90073700.46631712,90,3.0980649939738214
800,1800,STRIP,5,245.1036409300546,238.65625,-170615144.44851944,62,2.4439083710312843
800,1900,STRIP,3,76.85969459281938,76.859375,-17000135.12690015,47,2.270129755954258
900,200,R20,4,87.3445445838496,83.46875,-2678566.494340626,51,1.641257463954389
900,200,STRIP,4,60.42103445300827,60.609375,-2305342.1937641734,51,1.6464772230247036
900,300,R20,5,113.96716181498748,112.1875,-3189290.617977841,60,1.8366357430350035
800,1900,R20,9,227.65136202517365,225.59375,-75733490.62441704,83,3.4257594590308145
900,300,STRIP,8,142.64828511049296,140.8125,-4468583.550008165,58,1.8143637590110304
800,2000,STRIP,4,124.53584064713098,124.265625,-45245137.53456248,70,2.853473740047775
900,400,R20,3,60.07025359138536,60.125,-915590.778061362,55,1.7773689489113167
800,2000,R20,8,198.94902296733144,194.015625,-55920711.3265008,94,3.481602084008045
900,400,STRIP,3,102.83985871838146,101.59375,-1569767.2157430905,54,1.8290518389549104
900,500,STRIP,10,169.90636617386326,164.5,-3960341.042055501,61,1.958509149029851
900,500,R20,5,111.2014539151447,109.421875,-1957427.704730454,65,2.063072099001147
900,600,R20,6,151.2767306809986,151.328125,-3413440.2520401115,69,2.145841305027716
900,600,STRIP,5,121.64135272725164,121.65625,-3133726.5736927483,58,1.972946260939352
900,700,R20,8,143.3896128525236,143.4375,-2526982.7548667258,76,2.381460911943577
900,800,STRIP,3,85.34648256038133,85.265625,-2381866.842789126,59,2.026843957020901
900,700,STRIP,12,213.9337736291856,211.015625,-4726200.990054384,74,2.3127608820796013
900,800,R20,6,136.93351830988087,136.875,-4599447.199693592,73,2.3428484350442886
900,900,R20,6,141.25341128555775,136.4375,-4859387.560046874,77,2.3155659629264846
900,1000,R20,8,164.4202074603313,164.34375,-6433950.530240503,75,2.2480404910165817
900,1000,STRIP,10,176.94258580825212,176.84375,-8726681.359715842,67,2.084212179062888
900,900,STRIP,9,204.6712155956944,202.78125,-7714042.2632369455,87,2.543367046979256
900,1100,R20,8,159.36087565167577,153.21875,-8764564.403850242,78,2.36083374498412
900,1100,STRIP,12,217.06989062414016,212.953125,-12963547.980891593,70,2.248438510927372
900,1200,R20,8,246.2561417380072,246.28125,-15424009.14979457,64,2.0807887410046533
900,1200,STRIP,12,357.2218322067872,357.234375,-22022728.487576485,80,2.457235425012186
900,1300,R20,10,218.481981179838,217.109375,-16291211.09395004,84,2.5480720589403063
900,1300,STRIP,10,280.2154484470346,275.203125,-17322378.042690888,70,2.2352041760459542
900,1400,STRIP,7,170.16041401138065,170.1875,-16481251.270857932,61,2.1666641699848697
900,1500,STRIP,4,110.50632829914042,110.53125,-9502843.805413472,42,1.852305487031117
900,1400,R20,12,210.66417239763908,205.359375,-49787976.82463503,73,2.452148223062977
900,1500,R20,12,247.97509268026064,243.1875,-36250561.96070153,76,2.845799040980637
900,1600,STRIP,9,265.8787390853406,262.328125,-75639737.59347144,59,2.5623746280325577
900,1700,STRIP,5,244.673370094996,242.9375,-73233233.60007495,67,2.5348072350025177
900,1600,R20,9,313.9784452867133,307.65625,-73445043.43280874,82,3.204784229048528
900,2100,STRIP,0,0.0,0.0,0.0,0,0.0043782879365608
900,1800,R20,6,189.4817920070619,186.328125,-50587721.76663282,57,2.506549726938829
900,1700,R20,5,210.2228306186604,210.234375,-49840633.69572967,77,2.984100299072452
900,1800,STRIP,7,516.9697875830905,516.640625,-153182933.05234516,76,2.6905589930247515
900,1900,R20,8,267.9261557897969,264.03125,-67854082.78321311,78,3.072115642018616
900,1900,STRIP,9,353.7492087678419,352.796875,-150913549.2864784,82,3.672665058984421
900,2300,R20,1,768.4592124833686,768.4375,-362003332.4396597,72,1.9109911259729413
900,2000,STRIP,8,296.4509437587752,295.46875,-250673280.29591447,70,2.7470434269635007
900,2000,R20,8,183.35227035081343,183.34375,-81832224.07535928,86,3.4051675089867786
1000,100,R20,2,102.74874942932956,102.734375,-3201696.114162717,40,1.2806298719951883
900,2300,STRIP,2,803.4725905672643,803.453125,-370417098.3355508,79,2.074800848029554
900,2200,R20,1,911.8907636445902,911.890625,-322678753.2643964,84,2.968877193983644
900,2200,STRIP,1,911.8907636445902,911.890625,-322678753.2643964,84,2.959551336010918
900,2100,R20,5,989.8606806627658,989.734375,-1150394393.8723032,108,3.260200662072748
1000,100,STRIP,6,179.38716166087514,176.6875,-5952300.390575685,58,1.6738496490288526
1000,200,STRIP,7,147.01319436390042,146.90625,-3432611.884840767,65,1.912886915029958
1000,200,R20,4,97.76023592826644,98.0,-2994559.034187166,76,2.108718566945754
1000,300,STRIP,6,85.90627781468504,81.5,-1725468.810854013,55,1.762653330923058
1000,300,R20,6,74.90711030483457,72.25,-1586148.7319702045,72,2.1040330739924684
1000,400,STRIP,7,98.08950383668252,96.34375,-2425112.595519084,50,1.6799976569600403
1000,400,R20,8,101.1019729604075,98.1875,-2393812.407529735,75,2.1895736379083246
1000,500,STRIP,4,88.72650234144842,88.828125,-4035401.380083859,58,1.8938245519530028
1000,500,R20,7,115.48549472108944,112.4375,-5929810.658955041,85,2.4617005869513378
1000,600,STRIP,4,98.50838886200565,98.4375,-2434778.743680082,59,1.954474505968392
1000,600,R20,6,151.25099986202113,148.96875,-3027473.521813514,80,2.4518116239923984
1000,700,STRIP,8,136.8354715241056,132.421875,-3084505.558623727,65,2.122317065950483
1000,700,R20,10,143.34693612305605,142.265625,-3628809.6238444583,74,2.2426170699764043
1000,800,R20,9,114.3662051401027,110.484375,-2983792.714030704,79,2.4883341030217707
1000,900,STRIP,5,90.06264801661527,89.984375,-2284692.963828217,51,1.831519644940272
1000,800,STRIP,7,142.27809757259936,139.5,-3660302.3006248455,73,2.337424013065174
1000,900,R20,9,189.09713603956536,182.546875,-3462835.4207768524,69,2.197382637998089
1000,1000,R20,10,128.28793879717907,128.359375,-4066208.1025556703,78,2.30456800700631
1000,1000,STRIP,6,101.5879841024178,100.765625,-3432899.075696445,68,2.142335145967081
1000,1100,R20,7,221.66500208975307,220.921875,-11959885.222208489,76,2.4370637339306995
1000,1100,STRIP,13,341.8333910119346,341.71875,-16196286.855598368,79,2.454442040994764
1000,1200,R20,10,219.43571179074343,214.953125,-8756446.09536644,78,2.410311536048539
1000,1200,STRIP,12,381.4145702604625,376.453125,-15009562.198335595,76,2.40967095294036
1000,1300,STRIP,12,212.3291861241687,205.15625,-10856845.409949284,81,2.6425850379746407
1000,1300,R20,7,182.9439569362389,182.421875,-6779638.380502818,85,2.779623623006046
1000,1400,R20,8,206.2460648106193,202.046875,-9007278.483326264,74,2.431985815986991
1000,1400,STRIP,10,230.49013804589904,224.90625,-16115672.095819306,63,2.174210533965379
1000,1500,R20,7,263.8798122434195,263.8125,-20326270.759209264,79,2.838788578985259
1000,1500,STRIP,8,395.874369245043,395.78125,-27399461.18367232,77,2.904828206053935
1000,1600,STRIP,5,202.6177081755241,200.921875,-33000283.796140265,68,2.8164196299621835
1000,1700,STRIP,7,289.7034213633774,289.78125,-68196705.61568874,68,2.5317188899498437
1000,1700,R20,9,203.8374925515564,202.015625,-45458330.59589852,80,2.919836551998742
1000,1600,R20,4,174.29421355457364,174.359375,-15678215.77007815,89,3.401935358066112
1000,1800,STRIP,7,270.5047241067357,265.875,-65288389.39727335,67,2.564416700042784
1000,1800,R20,10,253.75457476325383,252.140625,-54656740.662233606,77,2.864060202962719
1000,1900,R20,8,272.2080648764468,271.953125,-94460226.18272084,74,2.917928605922498
1000,1900,STRIP,10,399.5312567328388,394.84375,-167218865.40021554,75,2.8854732089675963
1000,2000,R20,8,222.8774005901217,218.40625,-62450776.049568325,78,2.808442282956093
1000,2100,R20,3,156.0310388880338,156.0,-133780103.21599331,59,2.324349411064759
1000,2000,STRIP,8,383.6563924388497,383.640625,-139372543.18558347,80,2.766825711005368
1000,2200,R20,3,952.9227400250412,942.984375,-1617060902.1769145,81,2.5391079830005765
1000,2100,STRIP,4,748.1181979513956,735.3125,-434895790.225773,85,2.8895647710887715
1000,2200,STRIP,4,1198.4416585732524,1198.53125,-2170577223.569518,125,3.613658503047191
1000,2300,STRIP,2,1828.8486750379125,1819.0625,-4994639248.378387,113,3.1965376989683136
1000,2400,STRIP,2,43.11246400571291,42.078125,-34376550.17899501,41,2.0040626110276207
1000,2300,R20,2,997.719731026908,997.828125,-1077873938.921662,107,3.6425728120375434
1100,100,R20,3,88.08868608565703,88.234375,-3497573.0873977207,58,1.7100321339676157
1100,100,STRIP,4,100.94994547961711,100.6875,-2929120.35158806,52,1.5551585789071396
1000,2500,STRIP,3,157.25999977131852,157.265625,-162176530.25777355,56,2.1852713910629973
1000,2400,R20,3,235.0614233061685,229.78125,-66887362.03114683,79,2.901646051905118
1000,2500,R20,8,302.9364560474697,295.625,-321189178.66896087,90,3.147076877998188
1100,200,STRIP,6,107.02756136124884,106.3125,-3995409.293208596,57,1.726999233942479
1100,300,STRIP,6,81.00679574138704,78.125,-2895859.0045243227,55,1.7326853750273583
1100,200,R20,6,150.96791007470148,150.375,-5189981.74303532,78,2.1114638730650768
1100,300,R20,7,106.47634968805774,101.484375,-3016643.738675181,64,1.8948982729343695
1100,400,R20,4,86.40515104865355,86.3125,-2012983.2817753705,65,1.9966031279182064
1100,500,STRIP,8,111.33127223559036,107.078125,-3056348.888497157,57,1.8023089210037144
1100,400,STRIP,6,92.36743905253412,90.96875,-2161811.5809098296,66,1.978099595988169
1100,500,R20,6,128.45949000649702,125.609375,-2814954.200229503,65,1.9680599899729716
1100,600,R20,10,150.28397819806267,147.9375,-4137775.764475949,76,2.2464391769608483
1100,600,STRIP,6,138.28654507217928,136.09375,-6606284.109008255,64,2.005489949020557
1100,700,R20,5,113.45343086888673,113.375,-1858041.2950570737,62,1.9721715199993923
1100,700,STRIP,5,89.52217440232774,89.5,-1628180.521300963,60,1.9536380890058356
1100,800,R20,7,134.4233617889703,134.390625,-5196079.212271805,75,2.2754892639350146
1100,800,STRIP,6,163.68791802988846,163.046875,-6833217.802123396,61,2.006557294982485
1100,900,STRIP,6,96.93252088931952,95.96875,-3710225.289786336,58,1.932793279993348
1100,1000,R20,10,146.16368534818602,143.21875,-4431832.896200217,75,2.365121181006544
1100,900,R20,8,136.3953169360351,133.796875,-4352541.108437745,80,2.452495646080933
1100,1000,STRIP,11,162.63623034219165,162.515625,-7964122.388227891,66,2.1601626339834183
1100,1100,STRIP,5,238.7521757300349,237.9375,-12622670.830909751,69,2.0996948649408296
1100,1100,R20,12,181.78712988378152,176.828125,-5990140.390338151,75,2.2360312649980187
1100,1200,STRIP,5,79.4252633824704,79.421875,-3189253.2703452427,61,2.0966877889586613
1100,1200,R20,6,130.07346842998973,126.90625,-2672292.929109908,83,2.5923469701083377
1100,1300,R20,6,224.12587505706747,222.984375,-10236231.898775391,72,2.3211030788952485
1100,1300,STRIP,9,249.33855575821224,249.171875,-13139601.798461646,76,2.48659128008876
1100,1400,R20,11,204.66311055914872,200.75,-6855899.808093731,91,2.921659433981404
1100,1400,STRIP,13,397.3029978638703,396.703125,-16303931.896327302,94,2.9288950249319896
1100,1500,R20,8,275.3818757122112,272.765625,-5989565.569212611,78,2.854689644998871
1100,1700,R20,6,277.9898141852614,277.71875,-14862563.381913695,70,2.380905035999604
1100,1600,STRIP,7,255.6741564924323,245.75,-15894505.662876554,67,2.550760998972692
1100,1500,STRIP,13,389.3134354541869,387.140625,-23200173.811194185,87,3.070895510958508
1100,1600,R20,9,352.7474604923617,351.8125,-17922885.79379983,94,3.2596958730136976
1100,1700,STRIP,12,332.10741968776586,327.390625,-16177949.361700367,72,2.585300237988122
1100,2200,R20,0,0.0,0.0,0.0,0,0.0002223170595243
1100,2200,STRIP,0,0.0,0.0,0.0,0,0.0054526660824194
1100,1800,R20,5,174.13119001265966,171.296875,-5058664.115979049,70,2.4207268399186432
1100,1800,STRIP,7,348.0346939305249,341.421875,-16977046.92814886,67,2.371021826984361
1100,1900,R20,2,161.98118310156497,161.890625,-9906496.0171634,59,2.3561921620275825
1100,2100,R20,4,312.3768886749659,312.390625,-50549713.00023191,60,1.9295070300577208
1100,1900,STRIP,5,252.85542507028103,252.5625,-13696901.202923082,59,2.3672206349438056
1100,2100,STRIP,4,564.9699323565,564.984375,-105868811.13762993,68,1.992139099049382
1100,2000,STRIP,7,388.8572830335367,387.359375,-53313256.78096242,75,2.4756586420116946
1100,2000,R20,3,158.04777236859087,156.6875,-13779451.523728292,76,2.511226215050556
1100,2300,R20,3,209.5167266190621,203.625,-248567357.30165783,60,2.404808428022079
1100,2300,STRIP,8,366.71931622380737,365.78125,-289641679.9897183,64,2.5010255289962515
1100,2400,STRIP,11,411.5018466939522,399.671875,-341097274.3673345,72,2.977517033112236
1100,2400,R20,9,289.8916936694426,287.84375,-149277816.19095656,85,3.296049433993176
1100,2600,STRIP,13,371.0883054423237,369.953125,-265959909.1703493,70,2.880827225977555
1100,2500,STRIP,10,458.8542205161582,453.3125,-414036591.017732,75,3.116636644001119
1100,2500,R20,9,288.0371330391637,282.328125,-183539781.4658268,84,3.424438319983892
1100,2700,R20,10,247.776629118964,244.8125,-142831152.89958978,77,3.1820444330805917
1100,2700,STRIP,9,673.3364773490848,664.90625,-695255588.8400713,78,2.932923177955672
1100,2600,R20,9,257.87283613381146,255.484375,-167534620.9511931,86,3.448467375012114
1100,2800,R20,6,548.5004324702236,548.546875,-661360385.7658383,90,3.4779885730240494
1200,100,R20,7,113.63692021925996,109.09375,-3111507.641551225,66,1.8719514310359957
1100,2800,STRIP,8,295.6486815435783,294.109375,-370876404.1093847,70,2.7172220890643075
1200,100,STRIP,6,95.0252856299571,91.625,-2876968.3213205137,56,1.7417845249874515
1200,200,STRIP,7,110.25606770318046,109.9375,-1849499.1640686623,50,1.6098063559038565
1200,200,R20,5,90.20349204380088,89.25,-2628309.325272608,63,1.8852226530434564
1200,300,R20,4,51.93866932344344,52.0,-740902.1500297467,55,1.7755100760841742
1200,300,STRIP,4,66.01761096134838,65.96875,-1711041.0479505437,57,1.8561775570269676
1200,400,R20,6,95.68471388593451,90.625,-2272677.54882109,66,2.026042688987218
1200,400,STRIP,7,102.29511583712728,102.859375,-2517997.3213699423,57,1.8426410040119665
1200,500,R20,7,123.63803759357236,112.84375,-3697010.2095796457,68,2.0532997460104525
1200,600,STRIP,9,187.4794690803823,184.5,-4894315.618119413,58,1.8068047780543568
1200,600,R20,8,162.60642489236625,159.59375,-3467315.515829762,64,1.9734676990192384
1200,500,STRIP,7,195.5319773026077,195.4375,-5253959.679516336,69,2.135842861025594
1200,700,STRIP,10,194.77764853025792,194.828125,-4241955.206938991,66,1.98786975198891
1200,700,R20,8,132.0043612514567,132.1875,-3509272.686345801,75,2.196868885075673
1200,800,STRIP,8,181.31305385014048,180.28125,-4304793.312032678,59,1.842171679949388
1200,800,R20,8,174.9140032605642,173.59375,-3695623.127353116,77,2.2247787419473752
1200,900,STRIP,9,214.4501246340866,210.78125,-8403871.633463714,64,2.035109107964672
1200,900,R20,8,187.5821905450523,184.390625,-4428764.158354195,92,2.606156347086653
1200,1000,STRIP,7,118.17213637350484,118.0625,-4142045.869625859,64,2.0963829909451306
1200,1100,STRIP,7,149.85574285302204,149.953125,-5343567.119536528,56,1.9640303900232536
1200,1000,R20,9,151.91828585191482,150.359375,-4872400.372685353,93,2.702505017980002
1200,1100,R20,7,209.37946325958245,209.421875,-4565448.945660885,78,2.478166955057532
1200,1200,STRIP,10,191.49101597823224,189.078125,-6265916.871719529,58,2.012456460972317
1200,1200,R20,7,126.17440509892582,124.296875,-3316028.616217088,73,2.41811482491903
1200,1300,R20,7,134.18535998242166,134.15625,-6560423.112283172,79,2.70142955891788
1200,1300,STRIP,5,129.7173771412377,129.59375,-4998164.701872814,59,2.074463892960921
1200,1400,R20,12,192.5197591026668,189.453125,-7647158.8128284225,73,2.471696880995296
1200,1400,STRIP,9,154.12640715594335,151.84375,-9596436.921545066,63,2.236155041027814
1200,1500,STRIP,7,191.5174197995668,190.28125,-12397726.1895685,68,2.486778695951216
1200,1500,R20,5,204.60639767557453,204.375,-11605169.448879285,89,3.001731766969897
1200,1700,R20,6,229.31872378981245,228.0,-7355561.932267121,74,2.6486821059370413
1200,2000,STRIP,0,0.0,0.0,0.0,0,0.0045010129688307
1200,2100,R20,0,0.0,0.0,0.0,0,0.0001953319879248
1200,2100,STRIP,0,0.0,0.0,0.0,0,0.0033689220435917
1200,2200,R20,0,0.0,0.0,0.0,0,0.0001417360035702
1200,2200,STRIP,0,0.0,0.0,0.0,0,0.0027194110443815
1200,1600,R20,4,212.47213345629424,212.375,-6976091.990357757,85,2.9782112650573254
1200,1600,STRIP,7,441.1041178361092,441.921875,-9452312.428574927,88,2.8872286829864606
1200,1700,STRIP,11,327.868107710929,325.21875,-17209405.44733538,66,2.369079726980999
1200,1800,R20,12,273.3023767297575,260.203125,-14579540.238734502,71,2.5398846139432862
1200,1800,STRIP,11,331.3520839426548,326.546875,-17893113.62722622,71,2.497831688961014
1200,2000,R20,4,120.3231166135704,119.078125,-4282884.541133088,41,1.8003500449704006
1200,1900,R20,9,253.37838416742227,250.40625,-25328055.32694664,93,3.491120700025931
1200,1900,STRIP,7,253.7037290366004,253.65625,-32809285.59291777,70,2.799775855964981
1200,2300,R20,5,208.69841639338512,204.8125,-20985904.91225301,67,2.5074350560316816
1200,2300,STRIP,10,426.7845668963545,413.703125,-84060735.0975929,71,2.6280431170016527
1200,2400,STRIP,11,369.8850582438613,369.96875,-132420881.9391026,68,2.8571735799778253
1200,2500,R20,9,232.50296197452184,230.234375,-83546269.00449888,78,3.2263556229881942
1200,2400,R20,10,244.1197117034464,243.6875,-129407070.49845448,95,3.7991680100094527
1200,2500,STRIP,10,259.81638657344087,256.40625,-105526717.4837353,68,2.9315680799772963
1200,2600,R20,6,277.8227434339218,274.65625,-134138008.39188722,81,3.297788140946068
1200,2600,STRIP,15,523.8391556611575,519.53125,-286280475.89707863,84,3.402387542068027
1200,2700,R20,8,268.63000698771475,267.078125,-138820570.69365948,87,3.573418666026555
1200,2700,STRIP,8,421.9639514934118,417.140625,-254568923.2592865,78,3.462316888035275
1200,2800,R20,7,269.6469350199606,266.984375,-92589728.85087489,77,3.761130995000713
1300,100,STRIP,0,0.0,0.0,0.0,0,0.0046849539503455
1200,2800,STRIP,12,548.9916456609756,545.578125,-229113563.416002,85,3.698188854032196
1300,100,R20,1,15.311934258408442,15.296875,-617729.596615175,25,1.1150834270520136
1200,2900,R20,10,247.48827134320385,242.5,-119778607.80955598,76,3.223389232996851
1200,3000,R20,9,226.28394575903823,226.34375,-111852025.0886423,81,2.861018456984312
1200,2900,STRIP,10,352.6190848300405,350.546875,-190199626.31628144,76,3.315575124928728
1300,200,R20,2,35.093416421535466,35.125,-583342.9281165109,35,1.2649444120470434
1200,3000,STRIP,11,430.4662990143769,415.109375,-192070045.25499305,81,2.803956188960001
1300,200,STRIP,1,28.03173890917167,28.015625,-504873.8566088132,30,1.1926402089884505
1200,3100,R20,5,230.83093980872363,228.90625,-98373588.86454584,77,2.6109701310051605
1200,3100,STRIP,8,340.67564112164735,335.9375,-95227857.59897044,72,2.575077232089825
1300,300,STRIP,2,33.35522855860399,33.40625,-671571.3497400014,48,1.4322164449840784
1300,300,R20,2,25.10862751172265,25.0625,-387018.4979329138,40,1.4641482590232044
1300,400,STRIP,3,28.21554183910904,27.984375,-638606.0903182114,38,1.3914446339476854
1300,400,R20,6,75.54683788692452,70.28125,-1891957.0553639124,63,1.9207406589994207
1300,500,STRIP,6,203.1004187445537,200.96875,-4412949.529081874,62,1.9222641279920936
1300,500,R20,6,85.83486502410024,83.796875,-2046636.713070354,65,2.04797511396464
1300,600,STRIP,3,51.962459621651455,51.984375,-1327616.1465032408,40,1.4543784619309008
1300,600,R20,7,118.22069762673934,118.109375,-2835838.342492377,72,2.1825231190305203
1300,800,STRIP,6,117.95620833725395,117.890625,-4976114.967781514,58,1.770544690079987
1300,800,R20,8,113.60561701855632,113.515625,-3978850.1166890576,65,1.966541387024336
1300,700,STRIP,6,117.44516555894222,117.625,-3657570.872098204,67,2.034838767023757
1300,700,R20,8,144.90922397687802,144.609375,-4368581.211649583,73,2.080462462035939
1300,900,R20,6,110.81915028458972,110.875,-3417583.404946248,70,1.9876995419617745
1300,900,STRIP,4,69.29687738761888,69.1875,-2409029.21899606,44,1.4612407279200852
1300,1000,STRIP,6,258.32534665581096,258.296875,-10544145.10313068,63,1.9383064729627224
1300,1000,R20,10,144.2664826316041,143.875,-4096811.266857229,78,2.2550235039088875
1300,1100,STRIP,9,306.5706294422816,306.0625,-13051051.9585523,75,2.174257135950029
1300,1100,R20,7,155.0088431160671,155.0625,-4706302.929396688,76,2.3358530949335545
1300,1200,STRIP,11,189.82046331850037,182.78125,-9877913.224599175,69,2.346285682055168
1300,1200,R20,8,172.80573240836827,170.296875,-7251749.0601238385,81,2.5613873010734096
1300,1300,R20,11,166.88301822545506,162.203125,-5607023.150670973,82,2.5556449269643053
1300,1300,STRIP,13,190.0021191057813,186.90625,-8382170.53822135,63,2.1382055920548737
1300,1400,R20,13,232.6235423591429,229.515625,-13465149.255244784,79,2.4704110749298707
1300,1400,STRIP,10,161.86805710411917,157.671875,-10852436.571689934,66,2.2861845010193065
1300,1500,R20,10,217.36789642786516,217.375,-6282407.746906214,85,2.8630121619207785
1300,1500,STRIP,7,192.52575368078607,189.671875,-11280028.192848803,69,2.400422740029171
1300,1700,STRIP,8,247.4452931341063,246.140625,-7418962.317790927,53,2.075163153000176
1300,1600,STRIP,10,272.526827258168,269.671875,-8022924.409210624,71,2.507311791996472
1300,1700,R20,7,235.2893192341831,234.0,-4602123.849778779,72,2.5081296699354425
1300,1600,R20,8,193.38468703855665,193.34375,-5405223.397284264,88,2.953932460048236
1300,1800,R20,4,132.79825171843217,131.21875,-5117734.742155233,86,3.1382782409200445
1300,1800,STRIP,5,329.336256269722,329.1875,-5736413.657323603,76,2.9634599960409105
1300,2100,STRIP,5,151.6421845046823,148.953125,-13819629.690166824,46,2.058137473999522
1300,1900,R20,7,322.15279916851654,318.59375,-14965126.104379969,89,3.589023859007284
1300,2000,STRIP,10,155.99795043573687,150.546875,-17778288.383520603,58,2.596340846037492
1300,1900,STRIP,5,155.18018059068177,155.171875,-6629902.700513249,67,3.010965464985929
1300,2200,R20,3,120.09435353024774,119.8125,-14989972.29190186,59,2.3612715859198943
1300,2100,R20,5,138.81425541240344,133.8125,-27083438.28377832,65,2.677440362982452
1300,2200,STRIP,2,80.21948452966242,80.21875,-13153667.028893456,41,1.8099627890624104
1300,2000,R20,10,249.39569329774105,246.5625,-15860459.286098007,84,3.4211689110379666
1300,2300,R20,8,264.6069496744162,258.828125,-53152340.33801016,84,3.2966508520767093
1300,2300,STRIP,13,398.92983736716695,397.515625,-74533464.40135519,81,3.106178573914804
1300,2400,STRIP,9,201.277048016054,201.484375,-27422487.063140243,69,2.9263245089678094
1300,2600,STRIP,4,84.17380028242223,81.796875,-28654052.9609491,52,2.626308229984716
1300,2500,STRIP,9,263.9408914013403,261.28125,-52292148.66847386,72,3.0239680629456416
1300,2600,R20,6,274.2162518767084,271.65625,-108094181.19585702,72,3.15152733004652
1300,2500,R20,11,201.3136442612705,199.15625,-35542242.367510445,81,3.355239027994685
1300,2400,R20,7,258.5224267751026,250.984375,-62250306.89512518,102,3.807357653975487
1300,2700,R20,6,228.2249437588949,228.25,-70891161.06799957,80,3.2216015020385385
1300,2700,STRIP,10,437.9636072634508,432.65625,-160025312.2200127,94,3.82339055405464
1300,3200,R20,0,0.0,0.0,0.0,0,0.0001601109979674
1300,3200,STRIP,0,0.0,0.0,0.0,0,0.0041907629929482
1300,3100,STRIP,7,205.102637068514,199.4375,-57735159.672712,69,2.37128241895698
1300,3300,STRIP,0,0.0,0.0,0.0,0,0.0045950110070407
1400,100,R20,0,0.0,0.0,0.0,0,0.0001681520370766
1400,100,STRIP,0,0.0,0.0,0.0,0,0.0029998440295457
1400,200,R20,0,0.0,0.0,0.0,0,0.0001391569385305
1400,200,STRIP,0,0.0,0.0,0.0,0,0.0025616909842938
1400,300,R20,0,0.0,0.0,0.0,0,0.0001307870261371
1400,300,STRIP,0,0.0,0.0,0.0,0,0.0025273110950365
1300,2800,STRIP,11,420.868726884314,413.578125,-145576165.08125824,79,3.3779330130200838
1400,400,STRIP,0,0.0,0.0,0.0,0,0.0042664299253374
1300,3100,R20,7,220.98636895030808,212.8125,-54099392.66410971,84,2.8339733550092205
1300,2900,R20,4,246.88627961949305,244.828125,-86894542.88465723,85,3.565453680930659
1300,3000,R20,9,235.0169406921248,230.859375,-60070878.298697695,87,3.172114525921643
1300,2900,STRIP,8,530.5646732136329,527.328125,-204913647.8010683,83,3.4950273350114003
1300,2800,R20,8,202.62677803212827,196.5,-91324099.03876887,90,3.884129591053352
1300,3000,STRIP,7,358.4939622913358,358.453125,-171287090.0083902,94,3.4239404499530792
1300,3300,R20,1,33.0032095383606,33.0,-2165712.000793173,30,1.139595604967326
1400,400,R20,3,30.24104503262649,30.21875,-471949.5429432973,43,1.3933470199117437
1400,500,R20,3,55.51819960375412,55.46875,-1379595.4794736598,47,1.5736228600144386
1400,500,STRIP,4,65.13040959409595,65.03125,-1234303.8509080068,48,1.6224609659984708
1400,600,STRIP,5,97.57334146978074,97.53125,-2629854.1226369017,56,1.8593517650151623
1400,600,R20,6,94.155381655017,94.15625,-2131801.4450198784,70,2.146926529938355
1400,700,R20,6,109.72711169330384,106.828125,-2532243.1687587905,64,2.16231007699389
1400,800,STRIP,9,162.9275361007205,160.34375,-5608542.8835056815,66,1.9976989011047408
1400,800,R20,10,155.1513792923185,150.59375,-5727725.688104008,77,2.262506018043496
1400,700,STRIP,7,176.0917617172135,176.078125,-5636828.518788742,76,2.3733329229289666
1400,900,R20,11,143.60879166789866,143.59375,-4472523.905982504,87,2.483410323038697
1400,900,STRIP,10,155.22593623187188,154.921875,-5473918.188341016,73,2.2263337440090254
1400,1000,STRIP,10,236.4536797279168,233.59375,-10617888.528654914,68,2.0756436069495976
1400,1000,R20,8,131.06557768019098,131.078125,-6146211.780896039,85,2.469109253957868
1400,1200,R20,6,162.01199565261248,162.03125,-9360885.022449242,56,1.9246775610372424
1400,1100,STRIP,3,79.00804230874694,79.03125,-3359345.037753416,67,2.1385746949817985
1400,1100,R20,6,124.11685342328634,124.140625,-4825585.101767611,81,2.464992265915498
1400,1200,STRIP,12,298.3863629400129,298.3125,-20025864.207114182,78,2.368464614963159
1400,1300,R20,9,169.1916920962284,166.78125,-4901280.759871417,87,2.6084600139874965
1400,1300,STRIP,13,247.9898569972366,244.0625,-12576401.355954727,70,2.179167194990441
1400,1400,STRIP,14,349.2071105269084,342.265625,-41416655.72386815,69,2.138093654066324
1400,1800,STRIP,0,0.0,0.0,0.0,0,0.0042828649748116
1400,1400,R20,11,236.61452688378648,229.8125,-11541740.469699375,86,2.646719646989368
1400,1600,STRIP,5,237.89668646277727,237.96875,-7749847.144364664,52,1.7888724899385124
1400,1500,STRIP,5,106.40130936848324,106.34375,-4672867.798535852,51,1.9501264090649784
1400,1500,R20,6,143.8796703297731,138.890625,-10194064.961473374,75,2.666026290040463
1400,1700,STRIP,3,41.50570785768788,41.328125,-3718311.7961190464,40,1.593960972968489
1400,1600,R20,9,233.88290730809345,228.6875,-11859225.181272598,88,2.776749048032798
1400,1700,R20,8,175.0455890281477,175.171875,-8490818.96001441,72,2.3817592209670693
1400,1800,R20,5,234.5944770433777,234.578125,-6760486.50279646,75,2.682572362944484
1400,1900,STRIP,8,167.70985604085217,165.40625,-14939542.657304056,58,2.5416960009606555
1400,1900,R20,4,177.15855898646657,175.953125,-10597280.533652505,62,2.6529756810050458
1400,2000,STRIP,9,355.98386230830147,354.296875,-22654520.36570216,70,2.723666284931824
1400,2000,R20,6,289.2242535900722,287.5625,-12380559.686008148,76,3.029258500901051
1400,2100,STRIP,16,351.8793078507913,349.28125,-46630852.00121752,73,2.664940992021002
1400,2200,R20,5,110.5568995339051,105.21875,-22516870.29001364,68,2.618243603035808
1400,2100,R20,11,210.3026383703629,206.90625,-15381555.64527006,83,3.244081227108836
1400,2200,STRIP,5,160.53543520435056,156.0625,-30370412.47377337,71,2.7413811800070107
1400,2300,STRIP,9,351.1084487668413,350.296875,-33480163.36645843,54,2.2769076379481703
1400,2300,R20,8,191.7462849078777,190.109375,-8200317.821448802,72,2.8339498629793525
1400,2400,R20,8,215.2569095359725,212.609375,-16061697.685529158,81,3.098154900013469
1400,2400,STRIP,12,322.3189727422614,318.921875,-27831362.490834348,74,2.840791907976381
1400,2500,STRIP,8,228.2567725497481,223.109375,-30553848.37193421,67,2.577068810001947
1400,2500,R20,6,195.56066756836896,192.703125,-14904821.089698551,78,3.055281153996475
1400,2600,R20,8,244.1834746629806,241.96875,-51915375.20879293,78,3.2693167659454048
1400,2600,STRIP,13,562.3800175018165,556.125,-101421004.47526002,81,3.537173453019932
1400,2700,R20,7,185.17310804395825,183.203125,-27063470.11665193,81,3.600159895955585
1400,2800,R20,10,257.54308906400377,257.390625,-81711152.6575773,80,3.620599433896132
1400,3200,R20,0,0.0,0.0,0.0,0,0.000163892051205
1400,3200,STRIP,0,0.0,0.0,0.0,0,0.0044752430403605
1400,3300,R20,0,0.0,0.0,0.0,0,0.0001336390851065
1400,3300,STRIP,0,0.0,0.0,0.0,0,0.0029485919512808
1400,2700,STRIP,11,414.6161139934077,405.921875,-121456337.30199352,93,3.825714706908912
1400,2900,R20,7,212.4140594586652,208.5625,-57630876.846936665,66,3.016711501055397
1400,3500,R20,0,0.0,0.0,0.0,0,0.0001882610376924
1400,3500,STRIP,0,0.0,0.0,0.0,0,0.0046392360236495
1400,3600,R20,0,0.0,0.0,0.0,0,0.0001588000450283
1400,3600,STRIP,0,0.0,0.0,0.0,0,0.0037126110401004
1500,100,R20,0,0.0,0.0,0.0,0,0.000152237014845
1500,100,STRIP,0,0.0,0.0,0.0,0,0.0028847770299762
1500,200,R20,0,0.0,0.0,0.0,0,0.0001395170111209
1500,200,STRIP,0,0.0,0.0,0.0,0,0.0026647859485819
1500,300,R20,0,0.0,0.0,0.0,0,0.000147531973198
1500,300,STRIP,0,0.0,0.0,0.0,0,0.0026063760742545
1500,400,R20,0,0.0,0.0,0.0,0,0.0001304049510508
1500,400,STRIP,0,0.0,0.0,0.0,0,0.002712117973715
1500,500,R20,0,0.0,0.0,0.0,0,0.0001387529773637
1500,500,STRIP,0,0.0,0.0,0.0,0,0.0026875570183619
1500,600,R20,0,0.0,0.0,0.0,0,0.0001332069514319
1500,600,STRIP,0,0.0,0.0,0.0,0,0.0029279160080477
1400,2800,STRIP,16,656.7954191381707,654.84375,-238382764.7621785,83,3.1301543849986047
1500,700,STRIP,0,0.0,0.0,0.0,0,0.0048523319419473
1400,2900,STRIP,14,340.2754228342656,337.21875,-183208920.27910092,75,3.078016398940236
1400,3000,R20,9,234.38377076797343,231.46875,-115291597.87957127,83,3.2444366900017485
1400,3100,R20,9,214.4040706815231,214.25,-53129626.08119802,65,2.280298684956506
1400,3100,STRIP,9,320.13002850761126,320.09375,-131932644.25641558,60,2.1842995919287205
1500,700,R20,1,12.935124059529898,12.9375,-349469.5720545695,30,1.243520308053121
1400,3000,STRIP,16,396.1749163670392,394.453125,-159581905.97341457,81,3.169233157997951
1500,800,STRIP,4,61.21599509980244,59.125,-1915079.2319555944,42,1.4149556980701163
1500,800,R20,4,62.7424543461126,59.125,-2258844.0207209727,46,1.5597522800089791
1400,3400,R20,2,204.7991072347694,204.796875,-15791810.908024345,62,1.8613298339769244
1400,3400,STRIP,5,668.5730194221317,668.546875,-57317466.30535987,100,2.294957226025872
1500,900,STRIP,8,237.92221656454387,231.5,-10392558.22702704,63,1.8540845720563084
1500,900,R20,7,129.77105051621112,126.890625,-4986698.110062109,62,1.9106098749907687
1500,1000,R20,8,106.02977365773782,103.46875,-2784732.6507988647,78,2.2107886159792542
1500,1100,R20,9,128.14902474636824,128.1875,-5493602.690963341,67,2.003141914959997
1500,1000,STRIP,8,150.4093801629346,150.421875,-5437132.243624214,72,2.08572135202121
1500,1200,R20,8,157.2754937718306,154.609375,-8643311.46651277,74,2.254128666012548
1500,1100,STRIP,8,173.40975645041956,173.3125,-8859011.330026785,81,2.271263782051392
1500,1200,STRIP,6,147.8103978663213,147.78125,-9469216.472397022,78,2.3633131809765477
1500,1300,R20,9,211.14727531976496,211.1875,-13174411.298421877,88,2.5740850790170957
1500,1300,STRIP,11,319.49787961330685,319.515625,-25556941.83796054,79,2.400424896972254
1500,1400,R20,8,169.67950033648776,164.203125,-15471802.82030845,78,2.401225953013636
1500,1400,STRIP,16,272.6698229548156,263.328125,-21790577.273345675,73,2.283876748988405
1500,1500,STRIP,12,439.7168028549264,439.5,-51991076.860381335,76,2.246081041987054
1500,1500,R20,8,234.71449477463565,234.5625,-28942428.09480493,81,2.42957227898296
1500,1600,R20,6,260.1054110037406,258.34375,-14474310.012999324,66,2.220083461957984
1500,1600,STRIP,9,340.3029497327534,340.21875,-20721472.929562725,77,2.451259838999249
1500,1700,R20,8,239.86271608136616,234.984375,-17004202.069599546,71,2.5951448979321867
1500,1700,STRIP,15,468.3046303912439,460.21875,-41402624.37143143,75,2.465229108929634
1500,1800,STRIP,9,389.984647785779,385.15625,-29372722.79175244,71,2.423268573009409
1500,1800,R20,7,262.69277556768463,261.8125,-15644966.989004426,79,2.750775207998231
1500,1900,STRIP,9,291.42945064402744,287.3125,-9112657.131623294,69,2.4137094100005925
1500,1900,R20,9,224.4939759817338,222.84375,-10903704.632567506,88,2.962422108044848
1500,2000,STRIP,6,227.09694037478653,223.25,-4783634.143079865,70,2.609079719055444
1500,2000,R20,6,180.91247464462944,174.765625,-6025348.254146131,82,3.0207282080082223
1500,2100,R20,6,182.70276236265943,177.703125,-8147276.963285936,76,2.770469846087508
1500,2100,STRIP,9,327.9856190696822,323.703125,-13764304.85079461,75,2.8256423100829124
1500,2200,STRIP,6,287.60837374815185,286.09375,-23990508.55991359,65,2.511719143949449
1500,2200,R20,8,241.1338669069683,238.515625,-12526750.16276252,77,2.784725753008388
1500,2300,STRIP,11,303.7216147094269,299.125,-30444294.07740537,79,2.972996116965078
1500,2300,R20,11,272.29133184752834,268.5,-13744136.470903112,101,3.54052776703611
1500,2400,R20,10,271.34697142519724,267.484375,-16167221.968756624,81,3.130409826990217
1500,2500,STRIP,7,257.42194657538795,257.21875,-4192606.569762414,66,2.608320189989172
1500,2500,R20,7,214.0301927823083,214.171875,-8277747.524707633,85,3.189572563045658
1500,2400,STRIP,13,370.0656733727297,363.515625,-10667612.022292498,89,3.442877857014537
1500,2600,R20,9,257.7274009460508,255.359375,-13840029.171397468,95,3.8485938570229337
1500,2600,STRIP,13,368.6856015979401,363.09375,-28035947.74364481,85,3.4175236839801078
1500,2700,R20,10,354.62909919078976,353.921875,-36031118.32426991,93,3.779927209019661
1500,2700,STRIP,17,320.6964338164475,296.1875,-25290260.37952087,73,3.12312982196454
1500,3200,R20,0,0.0,0.0,0.0,0,0.0001723190071061
1500,3200,STRIP,0,0.0,0.0,0.0,0,0.004561407957226
1500,3300,R20,0,0.0,0.0,0.0,0,0.0001528050052002
1500,3300,STRIP,0,0.0,0.0,0.0,0,0.0034743669675663
1500,2800,STRIP,6,429.4659297047316,424.671875,-96215045.0182934,72,3.022868967964314
1500,3400,STRIP,0,0.0,0.0,0.0,0,0.0045296500902622
1500,3500,R20,0,0.0,0.0,0.0,0,0.0001628960017114
1500,3500,STRIP,0,0.0,0.0,0.0,0,0.0035240600118413
1500,3600,R20,0,0.0,0.0,0.0,0,0.0001525260740891
1500,3600,STRIP,0,0.0,0.0,0.0,0,0.0029885970288887
1500,3700,R20,0,0.0,0.0,0.0,0,0.0001411070115864
1500,3700,STRIP,0,0.0,0.0,0.0,0,0.00292910693679
1500,3800,R20,0,0.0,0.0,0.0,0,0.0001332089304924
1500,3800,STRIP,0,0.0,0.0,0.0,0,0.0030466060852631
1500,3900,R20,0,0.0,0.0,0.0,0,0.0001353799598291
1500,3900,STRIP,0,0.0,0.0,0.0,0,0.0029799729818478
1600,100,R20,0,0.0,0.0,0.0,0,0.0001448380062356
1600,100,STRIP,0,0.0,0.0,0.0,0,0.0027141170576214
1600,200,R20,0,0.0,0.0,0.0,0,0.0001261039869859
1600,200,STRIP,0,0.0,0.0,0.0,0,0.0024873460642993
1600,300,R20,0,0.0,0.0,0.0,0,0.0001246850006282
1600,300,STRIP,0,0.0,0.0,0.0,0,0.0025735149392858
1500,2800,R20,8,175.34459373750212,175.3125,-30654060.65759896,81,3.642165638040751
1600,400,STRIP,0,0.0,0.0,0.0,0,0.0040456190472468
1600,500,R20,0,0.0,0.0,0.0,0,0.0001646390883252
1600,500,STRIP,0,0.0,0.0,0.0,0,0.0027474699309095
1600,600,R20,0,0.0,0.0,0.0,0,0.0001376820728182
1600,600,STRIP,0,0.0,0.0,0.0,0,0.0023722449550405
1600,700,R20,0,0.0,0.0,0.0,0,0.0001245819730684
1600,700,STRIP,0,0.0,0.0,0.0,0,0.0025997349293902
1600,800,R20,0,0.0,0.0,0.0,0,0.0001237250398844
1600,800,STRIP,0,0.0,0.0,0.0,0,0.0025228229351341
1600,900,R20,0,0.0,0.0,0.0,0,0.0001369189703837
1600,900,STRIP,0,0.0,0.0,0.0,0,0.0025749360211193
1500,2900,R20,5,280.3927629073541,277.671875,-67000696.53877317,78,3.341395249939524
1500,2900,STRIP,7,434.01585521032,432.34375,-180800692.34801167,82,3.252599553903565
1500,3400,R20,1,85.14183187114303,85.140625,-1993658.3699787008,35,1.2626612540334463
1600,400,R20,1,14.096336716735186,14.09375,-275454.64004654466,35,0.8278713040053844
1500,3000,R20,9,222.91328334586987,223.015625,-123895132.39552005,89,3.502201027935371
1500,3100,R20,7,325.5794819931285,325.9375,-91781093.0740748,61,2.343405070947483
1500,3100,STRIP,7,291.3480636667096,288.96875,-222518501.56811437,61,2.174699698924087
1500,3000,STRIP,9,243.51733142567852,241.78125,-231322694.7990952,69,2.8735310710035264
1600,1000,R20,1,16.937064950132722,16.9375,-825414.4667357235,30,1.290423605008982
1600,1000,STRIP,1,16.937064950132722,16.9375,-825414.4667357235,30,1.2942983020329848
1600,1100,R20,2,26.632053842462163,26.625,-1092215.6877871407,30,1.2496690209954977
1600,1100,STRIP,2,18.22341262116464,18.21875,-1044461.5575005568,40,1.374376887921244
1600,1200,R20,5,82.51784452668336,82.421875,-4491754.62119152,57,1.7663142790552229
1600,1300,R20,5,123.23554854829744,123.390625,-8605882.976107739,54,1.7568526469403878
1600,1200,STRIP,9,180.84362728372983,180.828125,-11167224.394850658,64,1.9251847648993132
1600,1300,STRIP,9,110.13262033061896,104.28125,-6255201.862044886,73,2.015678338939324
1600,1400,STRIP,13,315.9116696039216,312.828125,-32392715.11914572,78,2.089940033038147
1600,1400,R20,7,148.09314810255654,148.140625,-13978025.408260558,74,2.169845911907032
1600,1600,R20,4,136.8081330774461,133.703125,-13494307.333509644,54,1.7786522310925648
1600,1500,STRIP,12,319.3058994126475,317.21875,-43951497.95750597,73,2.106894255033694
1600,1500,R20,7,207.29162229257585,205.0625,-22374218.93341552,76,2.231003352906555
1600,1600,STRIP,6,190.735335545903,190.59375,-20719093.36614552,69,2.145480421022512
1600,1700,STRIP,6,143.78124943267,142.140625,-25833154.62155013,41,1.785511999973096
1600,1700,R20,4,193.2877906843095,191.21875,-26109395.818869315,78,2.818687582970597
1600,1800,STRIP,8,334.6029106427748,330.8125,-52703764.3597765,63,2.4301285229157656
1600,1800,R20,5,274.2254992257008,270.328125,-32174917.42070145,74,2.885347532108426
1600,2000,STRIP,7,245.31492090383665,241.796875,-14116272.661617026,71,2.834755397052504
1600,1900,STRIP,8,358.2074769218841,351.203125,-37102546.50768717,77,2.902396352030337
1600,1900,R20,7,245.65009212277107,242.53125,-26512627.653754883,80,3.064969113911502
1600,2000,R20,7,251.1455768705705,246.4375,-8015924.453544057,83,3.122771631926298
1600,2100,R20,7,242.968087170086,236.8125,-4923349.515517054,65,2.503617823007517
1600,2100,STRIP,12,446.5789171082021,438.234375,-7737152.459325999,75,2.7430669909808785
1600,2200,R20,4,185.7397463196735,181.25,-3987055.181542396,47,2.06878693390172
1600,2400,STRIP,3,323.31770059165245,322.484375,-1800993.6436175115,47,1.8927824890706688
1600,2300,R20,4,173.88984180216065,173.890625,-976076.9854596342,67,2.47587205900345
1600,2200,STRIP,11,440.4481140465033,428.203125,-7668913.143233068,83,3.1287613729946315
1600,2300,STRIP,7,337.2349469152826,337.0625,-1691755.038145041,83,2.991150150075555
1600,2500,STRIP,9,417.2985530637354,416.453125,-4770281.754251908,72,2.6508643059059978
1600,2500,R20,6,246.97939829629735,246.0625,-3084469.181311097,89,2.967284005950205
1600,2400,R20,8,282.23421503614395,282.328125,-1045396.997325655,92,3.2601552431005985
1600,2600,R20,10,241.643320601328,238.75,-7019195.620965647,83,3.0529908150201663
1600,2600,STRIP,14,492.91729911491984,484.171875,-20362214.170459665,75,2.819567992934026
1600,2700,STRIP,11,425.7227233399967,424.5625,-48528570.66891545,82,3.178089907043613
1600,2800,STRIP,8,424.9756740415481,424.875,-112854727.11032926,60,2.547239089035429
1600,3200,R20,0,0.0,0.0,0.0,0,0.0001850299304351
1600,3200,STRIP,0,0.0,0.0,0.0,0,0.0048482690472155
1600,3300,R20,0,0.0,0.0,0.0,0,0.0001734599936753
1600,3300,STRIP,0,0.0,0.0,0.0,0,0.004264932940714
1600,3400,R20,0,0.0,0.0,0.0,0,0.0001599199604243
1600,3400,STRIP,0,0.0,0.0,0.0,0,0.003997117979452
1600,3500,R20,0,0.0,0.0,0.0,0,0.0001728050410747
1600,3500,STRIP,0,0.0,0.0,0.0,0,0.0038167180027812
1600,3600,R20,0,0.0,0.0,0.0,0,0.0001635799417272
1600,3600,STRIP,0,0.0,0.0,0.0,0,0.0038661169819533
1600,3700,R20,0,0.0,0.0,0.0,0,0.0001642820425331
1600,3700,STRIP,0,0.0,0.0,0.0,0,0.0037014610134065
1600,3800,R20,0,0.0,0.0,0.0,0,0.0001509110443294
1600,3800,STRIP,0,0.0,0.0,0.0,0,0.0035971599863842
1600,2700,R20,9,222.4714403586312,221.640625,-8398241.980589794,91,3.734193919925019
1600,3900,STRIP,0,0.0,0.0,0.0,0,0.0053857750026509
1600,2800,R20,8,222.1606827377189,220.75,-30334227.627421312,76,3.354514947044663
1600,4000,STRIP,0,0.0,0.0,0.0,0,0.0049538809107616
1600,3000,R20,10,263.3014807743048,263.3125,-87650265.138822,72,2.856396042043343
1600,3900,R20,1,10.158265708685532,10.140625,-140530.46556179348,25,0.6658849599771202
1700,100,R20,0,0.0,0.0,0.0,0,0.0001886599930003
1700,100,STRIP,0,0.0,0.0,0.0,0,0.0044248159974813
1700,200,R20,0,0.0,0.0,0.0,0,0.0001680220011621
1700,200,STRIP,0,0.0,0.0,0.0,0,0.0040176530601456
1600,2900,STRIP,11,446.9111416934587,441.78125,-191162415.97671777,76,3.04775237001013
1700,300,STRIP,0,0.0,0.0,0.0,0,0.0046848459169268
1600,3100,R20,4,222.67566863854336,220.671875,-102278161.82503408,72,2.550803007907234
1600,2900,R20,9,216.1937244101921,215.390625,-75808646.71127959,80,3.350429135025479
1700,500,R20,0,0.0,0.0,0.0,0,0.0002033679047599
1700,500,STRIP,0,0.0,0.0,0.0,0,0.0050645170267671
1700,600,R20,0,0.0,0.0,0.0,0,0.0001799879828467
1700,600,STRIP,0,0.0,0.0,0.0,0,0.0046487220097333
1700,700,R20,0,0.0,0.0,0.0,0,0.0001794949639588
1700,700,STRIP,0,0.0,0.0,0.0,0,0.004687802051194
1700,800,R20,0,0.0,0.0,0.0,0,0.0001681260764598
1700,800,STRIP,0,0.0,0.0,0.0,0,0.0047405740479007
1700,900,R20,0,0.0,0.0,0.0,0,0.000176440924406
1700,900,STRIP,0,0.0,0.0,0.0,0,0.0047848449321463
1700,1000,R20,0,0.0,0.0,0.0,0,0.0001717850100249
1700,1000,STRIP,0,0.0,0.0,0.0,0,0.004792116000317
1700,1100,R20,0,0.0,0.0,0.0,0,0.0001893499866127
1700,1100,STRIP,0,0.0,0.0,0.0,0,0.0048582380404695
1700,1200,R20,0,0.0,0.0,0.0,0,0.0001818820601329
1700,1200,STRIP,0,0.0,0.0,0.0,0,0.0048084950540214
1600,3000,STRIP,12,532.6544174981336,525.96875,-282464275.65989834,81,2.894088289933279
1600,4000,R20,1,27.802059052931416,27.796875,-382015.9749120075,30,1.0979174360400066
1600,3100,STRIP,3,189.84566504969075,188.5625,-113859530.57852674,52,1.942723786109127
1700,1400,STRIP,0,0.0,0.0,0.0,0,0.004719233023934
1700,300,R20,1,80.39415656087368,80.453125,-943785.324989582,30,1.2172753870254382
1600,4100,R20,2,175.30395898705956,175.265625,-2560346.195591708,63,1.8206599130062384
1700,1300,R20,1,10.74300887903276,10.703125,-612739.8578269087,36,1.2875193289946765
1700,400,R20,1,555.1987838258768,555.203125,-15855331.929905232,64,1.4302741970168429
1700,400,STRIP,1,555.1987838258768,555.203125,-15855331.929905232,64,1.4447175719542429
1700,1300,STRIP,1,10.74300887903276,10.703125,-612739.8578269087,36,1.303129707928747
1600,4100,STRIP,2,329.45475391059216,328.96875,-5065621.809068913,69,1.823307240032591
1700,1400,R20,1,10.692675143324898,10.6875,-954616.05839054,35,1.1996774530271068
1700,1500,R20,4,111.24597011349786,108.359375,-18124861.072335526,58,1.781993557931855
1700,1500,STRIP,8,248.29465799343708,245.453125,-47098879.50002088,56,1.814531159005128
1700,1600,STRIP,6,181.3685818982207,181.265625,-58707713.98200899,58,1.9167405209736896
1700,1600,R20,4,159.1031052342084,159.109375,-20625612.89098269,68,2.3405447270488366
1700,1900,R20,6,207.762183149538,204.125,-50088498.2469355,70,2.7733229970326647
1700,1800,R20,9,211.59801334366577,209.078125,-34350111.45564845,70,3.0402399820741266
1700,1700,R20,7,203.5164771383536,197.15625,-26426779.94779901,85,3.4445269079878926
1700,1700,STRIP,9,303.5281537240364,302.4375,-70588034.04318528,91,3.4571985070360824
1700,1800,STRIP,9,342.6308324068493,342.6875,-66131351.5559323,88,3.532951191067696
1700,1900,STRIP,12,553.9651045723386,552.0,-146836416.0517491,83,3.047250763978809
1700,2000,R20,6,259.5203616523531,250.25,-41671792.12655924,67,2.895020260009914
1700,2000,STRIP,9,452.9091709081711,444.0,-65534168.2206208,86,3.494973844033666
1700,2100,R20,8,263.69956822611766,261.265625,-9772785.02125896,81,3.239294667961076
1700,2200,STRIP,14,374.3654253404532,369.375,-14017072.063734706,73,2.834715414093808
1700,2100,STRIP,17,653.0500078443159,647.078125,-80022588.42826875,89,3.307624322012998
1700,2400,R20,4,151.53329810055047,151.40625,-1448397.3763763567,69,2.3525411010487005
1700,2400,STRIP,5,269.6999024751855,269.640625,-3246552.6578802634,59,2.1147860820638016
1700,2300,R20,10,221.16116759378284,218.765625,-5697354.105374089,83,3.1558080901158974
1700,2200,R20,11,329.9265920201105,329.203125,-18739066.09193304,100,3.673594526015222
1700,2300,STRIP,12,551.9781899090149,544.28125,-11017709.116792118,97,3.355301267001778
1700,2500,R20,3,124.60901329898576,124.03125,-420552.8308185194,48,1.8222010378958655
1700,2500,STRIP,4,284.89203007305724,284.890625,-662409.7684129928,73,2.6896817380329594
1700,2600,R20,9,276.87669184265184,274.25,-6132854.868743526,58,2.1125135170295835
1700,2700,STRIP,8,240.2106009258074,240.203125,-11713010.749466157,54,2.187360106036067
1700,2600,STRIP,2,698.9772844781505,698.96875,-27117557.178006515,77,2.9710233849473298
1700,2700,R20,8,220.21109453329035,220.234375,-9562815.092718378,77,2.809009965043515
1700,3200,R20,0,0.0,0.0,0.0,0,0.0001797010190784
1700,3200,STRIP,0,0.0,0.0,0.0,0,0.0046361869899556
1700,3300,R20,0,0.0,0.0,0.0,0,0.0001684519229456
1700,3300,STRIP,0,0.0,0.0,0.0,0,0.00373075902462
1700,3400,R20,0,0.0,0.0,0.0,0,0.0001457789912819
1700,3400,STRIP,0,0.0,0.0,0.0,0,0.0030829509487375
1700,3500,R20,0,0.0,0.0,0.0,0,0.0001367750810459
1700,3500,STRIP,0,0.0,0.0,0.0,0,0.0028555040480569
1700,3600,R20,0,0.0,0.0,0.0,0,0.0001220889389514
1700,3600,STRIP,0,0.0,0.0,0.0,0,0.0026912729954347
1700,3700,R20,0,0.0,0.0,0.0,0,0.0001180819235742
1700,3700,STRIP,0,0.0,0.0,0.0,0,0.0027066639158874
1700,3800,R20,0,0.0,0.0,0.0,0,0.000112015986815
1700,3800,STRIP,0,0.0,0.0,0.0,0,0.0025650468887761
1700,2800,STRIP,10,275.7242129255619,272.421875,-42319698.678595245,59,2.712759140995331
1700,3900,STRIP,0,0.0,0.0,0.0,0,0.0045765209943056
1700,2800,R20,9,220.23812493337715,218.265625,-43002661.95898116,82,3.6140468430239703
1700,4000,STRIP,0,0.0,0.0,0.0,0,0.0043619869975373
1700,3900,R20,1,8.953940065945204,8.890625,-84452.30377658088,25,0.9546627850504592
1700,2900,STRIP,12,482.5402317848541,480.6875,-406143548.9380729,78,3.125762081006542
1700,2900,R20,7,327.5125031640223,324.796875,-130789463.50279067,78,3.2413907890440896
1700,4200,STRIP,0,0.0,0.0,0.0,0,0.0047609120374545
1700,4000,R20,1,24.970724942894314,24.9375,-244445.37434622052,30,0.987003586953506
1700,3000,STRIP,8,316.37779631700505,311.484375,-147872464.45687556,66,2.5572351530427118
1700,3100,R20,6,204.17604781459937,204.125,-45126320.98140069,69,2.405680723953992
1700,3100,STRIP,7,326.3983451412956,326.296875,-123055425.99776807,66,2.2189692420652136
1800,100,R20,0,0.0,0.0,0.0,0,0.0001933911116793
1800,100,STRIP,0,0.0,0.0,0.0,0,0.0047706851037219
1800,200,R20,0,0.0,0.0,0.0,0,0.0001796709839254
1800,200,STRIP,0,0.0,0.0,0.0,0,0.004359615035355
1700,4100,STRIP,1,16.391896990602334,16.390625,-96467.7417666699,36,1.2255418410059065
1800,300,STRIP,0,0.0,0.0,0.0,0,0.0042384900152683
1700,3000,R20,6,187.98395171809085,187.265625,-198936682.76933897,88,3.377580756903626
1700,4200,R20,1,79.80892053785031,79.625,-1048007.8953180033,36,1.3210838009836152
1800,500,R20,0,0.0,0.0,0.0,0,0.0001853340072557
1800,500,STRIP,0,0.0,0.0,0.0,0,0.0049730639439076
1800,600,R20,0,0.0,0.0,0.0,0,0.0001799880992621
1800,600,STRIP,0,0.0,0.0,0.0,0,0.0046886190539225
1800,700,R20,0,0.0,0.0,0.0,0,0.0001726719783619
1800,700,STRIP,0,0.0,0.0,0.0,0,0.004632135038264
1800,800,R20,0,0.0,0.0,0.0,0,0.0001766110071912
1800,800,STRIP,0,0.0,0.0,0.0,0,0.004603493027389
1700,4100,R20,1,120.16703674951144,120.15625,-1254121.169322528,41,1.4332755210343748
1700,4300,R20,1,364.694675400853,364.703125,-6469097.577698604,59,1.7327517460798845
1800,1000,R20,0,0.0,0.0,0.0,0,0.0001900589559227
1800,1000,STRIP,0,0.0,0.0,0.0,0,0.0049181920476257
1800,1100,R20,0,0.0,0.0,0.0,0,0.0001774249831214
1800,1100,STRIP,0,0.0,0.0,0.0,0,0.0045495249796658
1800,1200,R20,0,0.0,0.0,0.0,0,0.0001754140248522
1800,1200,STRIP,0,0.0,0.0,0.0,0,0.0044367759255692
1800,1300,R20,0,0.0,0.0,0.0,0,0.0001742279855534
1800,1300,STRIP,0,0.0,0.0,0.0,0,0.0042752630542963
1800,1400,R20,0,0.0,0.0,0.0,0,0.0001589950406923
1800,1400,STRIP,0,0.0,0.0,0.0,0,0.0041982770198956
1800,1500,R20,0,0.0,0.0,0.0,0,0.0001801149919629
1800,1500,STRIP,0,0.0,0.0,0.0,0,0.004185052937828
1800,900,R20,1,19.055021807041197,19.046875,-506089.2322034902,30,0.6486558850156143
1700,4400,R20,1,146.66873548291034,146.671875,-663578.0361518007,40,1.395181423984468
1800,900,STRIP,1,19.055021807041197,19.046875,-506089.2322034902,30,0.6486219019861892
1800,400,STRIP,1,194.0610382621271,194.015625,-4957427.985867122,48,1.3688855819636956
1800,400,R20,2,140.00409677112023,126.234375,-2861869.1391819697,62,1.616220576921478
1800,300,R20,2,189.288080196444,189.3125,-1938234.700056862,63,1.7373422449454663
1700,4300,STRIP,2,2479.5165676790552,2479.5,-120690833.6179878,133,2.9344674079911783
1800,1600,R20,2,37.833037133771455,37.84375,-8905458.033833738,40,1.572998070041649
1800,1600,STRIP,3,60.454720726310825,60.484375,-11971589.054981448,40,1.6064962510718033
1700,4400,STRIP,2,1322.021926688759,1322.046875,-62084601.50287886,114,2.806215034099296
1800,1700,STRIP,6,276.3849453043942,276.46875,-93251604.719884,54,2.3007261040620506
1800,1700,R20,2,205.057020700049,205.078125,-35994684.567636535,67,2.622704562963918
1800,1800,R20,5,366.59938037589336,364.34375,-231304022.6767985,68,2.562482627108693
1800,1900,STRIP,5,147.18779633106195,145.3125,-36797646.10900554,56,2.3594380180584267
1800,1800,STRIP,5,299.5666186350533,299.515625,-194335318.634412,72,2.824984074919485
1800,1900,R20,5,187.67958688191555,184.125,-62464801.29474692,85,3.1620399280218408
1800,2000,STRIP,4,181.59271109410705,181.0625,-45857740.13773951,61,2.5556605589808896
1800,2000,R20,7,245.16841796893576,243.015625,-83987312.3909907,79,2.9651011190144345
1800,2200,STRIP,4,61.76632735379361,58.84375,-4822380.850504881,36,1.5958534950623289
1800,2100,R20,6,223.064543089454,222.96875,-54254198.30276822,81,3.270821861922741
1800,2200,R20,7,231.03104954533785,229.390625,-23880305.31482401,71,2.523839123081416
1800,2100,STRIP,10,364.0891897468805,360.09375,-104336097.37922148,79,3.271889623953029
1800,2400,STRIP,2,82.74039342033966,82.75,-4358670.063937773,46,1.9276226670481265
1800,2300,R20,8,234.61209990509465,234.609375,-34781281.82746332,74,2.706969599006697
1800,2300,STRIP,12,416.3964293093025,414.984375,-39446380.01324391,89,3.068490204983391
1800,2600,R20,2,725.7853020065712,723.6875,-34445959.700999096,63,1.906971995951608
1800,2500,R20,2,114.62547102980548,114.65625,-934378.7676896604,62,2.507441159919836
1800,2500,STRIP,2,307.0487420383026,307.25,-4894986.811732978,64,2.4413505810080096
1800,2400,R20,8,206.2270405032123,199.75,-3928914.263337734,99,3.232417415943928
1800,2900,STRIP,1,11.349736881916105,11.359375,-5974256.916083371,25,1.379395526018925
1800,2800,R20,4,183.26365148920576,183.28125,-40329614.66974977,76,3.021702114026993
1800,3000,STRIP,9,267.34613110840303,267.1875,-156876554.3802936,64,2.2655893120681867
1800,3200,R20,0,0.0,0.0,0.0,0,0.0001772880787029
1800,2800,STRIP,8,378.35303925453934,378.375,-107973336.99950264,72,2.8827623199904338
1800,3300,R20,0,0.0,0.0,0.0,0,0.0001706060720607
1800,3200,STRIP,0,0.0,0.0,0.0,0,0.0047783879563212
1800,3400,R20,0,0.0,0.0,0.0,0,0.0001340910093858
1800,3300,STRIP,0,0.0,0.0,0.0,0,0.0034406780032441
1800,3400,STRIP,0,0.0,0.0,0.0,0,0.0033583210315555
1800,3500,R20,0,0.0,0.0,0.0,0,0.0001615949440747
1800,3600,R20,0,0.0,0.0,0.0,0,4.70730010420084e-05
1800,3600,STRIP,0,0.0,0.0,0.0,0,0.0032399580813944
1800,3500,STRIP,0,0.0,0.0,0.0,0,0.0033890970516949
1800,3700,R20,0,0.0,0.0,0.0,0,0.0001410329714417
1800,3800,R20,0,0.0,0.0,0.0,0,4.347402136772871e-05
1800,3800,STRIP,0,0.0,0.0,0.0,0,0.0030846019508317
1800,3700,STRIP,0,0.0,0.0,0.0,0,0.0033682819921523
1800,3900,STRIP,0,0.0,0.0,0.0,0,0.0035263070603832
1800,4000,R20,0,0.0,0.0,0.0,0,0.0001596299698576
1800,4000,STRIP,0,0.0,0.0,0.0,0,0.0036647740053012
1800,4100,R20,0,0.0,0.0,0.0,0,0.0001689459895715
1800,4100,STRIP,0,0.0,0.0,0.0,0,0.0037539979675784
1800,2600,STRIP,5,3005.556147400729,2999.953125,-4577145129.170782,168,4.5143896819790825
1800,4200,STRIP,0,0.0,0.0,0.0,0,0.0045033949427306
1800,3000,R20,8,210.25448624811335,207.953125,-100243842.38959044,69,2.487589622964151
1800,2900,R20,6,217.11254635194297,207.84375,-55326367.03698855,83,3.3241941130254418
1800,2700,R20,6,2302.989122999061,2299.671875,-4598506534.418921,141,4.67956919898279
1800,3100,R20,7,203.06644082890224,203.0625,-70265114.12197208,67,2.105938191059977
1800,3900,R20,2,102.46940753283263,102.546875,-1168701.208556367,64,0.9443271920317784
1800,4500,STRIP,0,0.0,0.0,0.0,0,0.0049191780854016
1800,4600,R20,0,0.0,0.0,0.0,0,0.0001821919577196
1800,4600,STRIP,0,0.0,0.0,0.0,0,0.0042261900380253
1800,4700,R20,0,0.0,0.0,0.0,0,0.0001651200000196
1800,4700,STRIP,0,0.0,0.0,0.0,0,0.0036087440093979
1900,100,R20,0,0.0,0.0,0.0,0,0.0001500629587098
1900,100,STRIP,0,0.0,0.0,0.0,0,0.0029026559786871
1800,2700,STRIP,2,2167.7269047443388,2164.390625,-4528919451.701408,132,4.489920933963731
1900,200,STRIP,0,0.0,0.0,0.0,0,0.0047440099297091
1800,3100,STRIP,4,264.8371760766006,263.125,-64871521.622554906,52,1.8751008230028676
1800,4500,R20,1,19.47177268703857,19.453125,-208790.16570484167,36,1.141685610054992
1900,400,R20,0,0.0,0.0,0.0,0,0.0001717859413474
1900,400,STRIP,0,0.0,0.0,0.0,0,0.0042307639960199
1900,500,R20,0,0.0,0.0,0.0,0,0.0001634440850466
1900,500,STRIP,0,0.0,0.0,0.0,0,0.0032471979502588
1900,600,R20,0,0.0,0.0,0.0,0,0.0001406669616699
1900,600,STRIP,0,0.0,0.0,0.0,0,0.0028687339508906
1900,700,R20,0,0.0,0.0,0.0,0,0.0001355280401185
1900,700,STRIP,0,0.0,0.0,0.0,0,0.0028423259500414
1900,800,R20,0,0.0,0.0,0.0,0,0.0001331469975411
1900,800,STRIP,0,0.0,0.0,0.0,0,0.0027346139540895
1900,900,R20,0,0.0,0.0,0.0,0,0.0001265330938622
1900,900,STRIP,0,0.0,0.0,0.0,0,0.0026861459482461
1900,1000,R20,0,0.0,0.0,0.0,0,0.0001267329789698
1900,1000,STRIP,0,0.0,0.0,0.0,0,0.0027318249922245
1900,1100,R20,0,0.0,0.0,0.0,0,0.0001313820248469
1900,1100,STRIP,0,0.0,0.0,0.0,0,0.0030580009333789
1900,1200,R20,0,0.0,0.0,0.0,0,0.0001345829805359
1900,1200,STRIP,0,0.0,0.0,0.0,0,0.0027873850194737
1900,1300,R20,0,0.0,0.0,0.0,0,0.0001209850888699
1900,1300,STRIP,0,0.0,0.0,0.0,0,0.0024863519938662
1900,1400,R20,0,0.0,0.0,0.0,0,0.0001273429952561
1900,1400,STRIP,0,0.0,0.0,0.0,0,0.0025311210192739
1900,1500,R20,0,0.0,0.0,0.0,0,0.0001135270576924
1900,1500,STRIP,0,0.0,0.0,0.0,0,0.0024459200212731
1900,1600,R20,0,0.0,0.0,0.0,0,0.000107179977931
1900,1600,STRIP,0,0.0,0.0,0.0,0,0.0024564489722251
1900,1700,R20,0,0.0,0.0,0.0,0,0.0001112540485337
1900,1700,STRIP,0,0.0,0.0,0.0,0,0.0024022710276767
1900,200,R20,1,33.03549663550256,28.84375,-316949.97224927467,36,1.1167851110221818
1900,300,R20,2,36.218427264121175,32.21875,-1097514.7288725695,30,1.118644947069697
1800,4200,R20,1,1217.156827530959,1217.15625,-40085773.43659723,106,2.4258734500035644
1900,300,STRIP,2,68.79602661173004,64.65625,-1589616.7109335875,36,1.0868646550225094
1800,4300,R20,1,2114.821892278202,2114.796875,-108519004.37879288,117,2.731638137018308
1800,4400,R20,2,1301.3952594085297,1301.421875,-62940574.2695868,105,2.6480120139895007
1800,4400,STRIP,2,1217.8973400472505,1217.96875,-61761034.55925229,113,2.7609145051101223
1900,1800,R20,1,54.059916753406064,54.0625,-12791761.049200218,36,1.6215251759858802
1800,4300,STRIP,3,4507.33191101501,4507.328125,-519183209.2390113,190,3.565575144952163
1900,1800,STRIP,2,141.36685618634462,137.828125,-43685008.78780431,47,1.8018271320033816
1900,1900,R20,5,207.53967102629892,207.515625,-61262879.47607447,67,2.482975827995688
1900,1900,STRIP,4,241.8290754592982,241.796875,-95189890.7302013,59,2.2032049970002845
1900,2000,STRIP,8,305.3665981210739,300.140625,-127486384.8035402,73,2.7649269179673865
1900,2000,R20,8,189.1503598837511,188.03125,-83271004.54674284,80,3.0257844000589103
1900,2200,STRIP,6,256.36789868856334,256.3125,-64687978.024718165,52,2.012178175034933
1900,2200,R20,5,236.8801435283791,233.0625,-44215006.39213826,69,2.570389323984273
1900,2300,R20,8,172.63059959493808,169.75,-21032744.5484911,78,2.63345974101685
1900,2100,STRIP,12,624.3168607052053,623.578125,-279519630.0400815,87,3.0872390520526096
1900,2100,R20,7,237.52031321264909,237.703125,-66062430.77723876,85,3.473558268044144
1900,2500,STRIP,5,139.4277892567036,138.546875,-37831648.49065876,36,1.4435940880794078
1900,2300,STRIP,6,255.6051743257229,255.625,-39318208.0453084,76,2.6779395430348814
1900,2400,R20,7,207.40504367846347,206.40625,-30150292.74143972,80,2.749841696000658
1900,2400,STRIP,8,315.16636135550755,312.609375,-57647890.40866126,70,2.3257599440403283
1900,2500,R20,4,140.38349025910395,138.859375,-28857636.630720854,72,2.3189584460342303
1900,2600,R20,2,208.60810630529124,208.65625,-3546934.3328186814,66,2.1853179379832
1900,2600,STRIP,1,168.61754200145515,168.65625,-19734146.64201999,46,1.88379478501156
1900,2700,R20,2,93.71143307794269,92.953125,-25010907.8614497,46,1.9263692640233785
1900,2800,STRIP,7,234.65185882100087,234.265625,-37553614.02633293,66,2.5720546829979867
1900,3200,R20,0,0.0,0.0,0.0,0,0.0001631580526009
1900,3200,STRIP,0,0.0,0.0,0.0,0,0.0039504680316895
1900,3300,R20,0,0.0,0.0,0.0,0,0.0001348590012639
1900,3300,STRIP,0,0.0,0.0,0.0,0,0.002583387074992
1900,3400,R20,0,0.0,0.0,0.0,0,0.0001133520854637
1900,3400,STRIP,0,0.0,0.0,0.0,0,0.0023050920572131
1900,3500,R20,0,0.0,0.0,0.0,0,0.0001003030920401
1900,3500,STRIP,0,0.0,0.0,0.0,0,0.002390720997937
1900,3600,R20,0,0.0,0.0,0.0,0,0.0001028620172291
1900,3600,STRIP,0,0.0,0.0,0.0,0,0.002391014015302
1900,3700,R20,0,0.0,0.0,0.0,0,9.920494630932808e-05
1900,3700,STRIP,0,0.0,0.0,0.0,0,0.0024586640065535
1900,3800,R20,0,0.0,0.0,0.0,0,8.937600068747997e-05
1900,3800,STRIP,0,0.0,0.0,0.0,0,0.0023692440008744
1900,3900,R20,0,0.0,0.0,0.0,0,8.798192720860243e-05
1900,3900,STRIP,0,0.0,0.0,0.0,0,0.0023892259923741
1900,4000,R20,0,0.0,0.0,0.0,0,8.611695375293493e-05
1900,4000,STRIP,0,0.0,0.0,0.0,0,0.0023415420437231
1900,4100,R20,0,0.0,0.0,0.0,0,8.739996701478958e-05
1900,4100,STRIP,0,0.0,0.0,0.0,0,0.0023723639314994
1900,2900,STRIP,8,195.60680731024985,192.5625,-86215526.92481294,48,1.993254018947482
1900,2800,R20,7,214.83226812395705,212.125,-26845126.74535721,70,2.753915929002688
1900,3100,R20,5,172.95844075033014,172.984375,-63080859.43802671,48,1.5914781220490113
1900,3100,STRIP,6,288.901489958658,288.890625,-77549803.2305256,53,1.7211416439386085
1900,4400,R20,0,0.0,0.0,0.0,0,0.0001952860038727
1900,2900,R20,10,267.3767357621174,265.640625,-70984967.67680843,77,2.897985917981714
1900,4500,R20,0,0.0,0.0,0.0,0,0.0001890390412881
1900,4500,STRIP,0,0.0,0.0,0.0,0,0.0050090668955817
1900,4600,R20,0,0.0,0.0,0.0,0,0.0001493690069764
1900,4600,STRIP,0,0.0,0.0,0.0,0,0.003700116998516
1900,4700,R20,0,0.0,0.0,0.0,0,0.0001376080326735
1900,4700,STRIP,0,0.0,0.0,0.0,0,0.0031323670409619
1900,3000,R20,8,209.6539763910184,209.359375,-75117598.80455814,67,2.50969630794134
1900,3000,STRIP,9,278.0175363734621,277.5625,-111354238.68701136,62,2.270780551014468
1900,4200,R20,1,41.58574307117643,41.59375,-111068.55453165284,30,1.070259050000459
1900,2700,STRIP,4,2250.2900824083413,2244.75,-4554631284.930662,143,4.825265893945471
2000,100,R20,0,0.0,0.0,0.0,0,0.0001748430076986
2000,100,STRIP,0,0.0,0.0,0.0,0,0.0043505219509825
2000,200,R20,0,0.0,0.0,0.0,0,0.000165436998941
2000,200,STRIP,0,0.0,0.0,0.0,0,0.0036751099396497
2000,300,R20,0,0.0,0.0,0.0,0,0.0001573680201545
2000,300,STRIP,0,0.0,0.0,0.0,0,0.003323822049424
2000,400,R20,0,0.0,0.0,0.0,0,0.0001559749944135
2000,400,STRIP,0,0.0,0.0,0.0,0,0.0029970629839226
2000,500,R20,0,0.0,0.0,0.0,0,0.0001449360279366
2000,500,STRIP,0,0.0,0.0,0.0,0,0.0028814038960263
2000,600,R20,0,0.0,0.0,0.0,0,0.0001467220718041
2000,600,STRIP,0,0.0,0.0,0.0,0,0.0027966221095994
1900,4800,STRIP,1,87.80699305590652,87.796875,-156219.49508490128,36,1.0531296690460294
2000,700,STRIP,0,0.0,0.0,0.0,0,0.0044483561068773
2000,800,R20,0,0.0,0.0,0.0,0,0.0001766120549291
2000,800,STRIP,0,0.0,0.0,0.0,0,0.0032234319951385
2000,900,R20,0,0.0,0.0,0.0,0,0.0001336319837719
2000,900,STRIP,0,0.0,0.0,0.0,0,0.0026692490791901
2000,1000,R20,0,0.0,0.0,0.0,0,0.0001323150936514
2000,1000,STRIP,0,0.0,0.0,0.0,0,0.0027406070148572
2000,1100,R20,0,0.0,0.0,0.0,0,0.0001253039808943
2000,1100,STRIP,0,0.0,0.0,0.0,0,0.0025323100853711
2000,1200,R20,0,0.0,0.0,0.0,0,0.0001092000165954
2000,1200,STRIP,0,0.0,0.0,0.0,0,0.002459337003529
2000,1300,R20,0,0.0,0.0,0.0,0,0.0001011120621114
2000,1300,STRIP,0,0.0,0.0,0.0,0,0.0024342850083485
2000,1400,R20,0,0.0,0.0,0.0,0,9.688292630016804e-05
2000,1400,STRIP,0,0.0,0.0,0.0,0,0.0023711409885436
2000,1500,R20,0,0.0,0.0,0.0,0,9.020906873047352e-05
2000,1500,STRIP,0,0.0,0.0,0.0,0,0.0024403519928455
2000,1600,R20,0,0.0,0.0,0.0,0,9.278208017349245e-05
2000,1600,STRIP,0,0.0,0.0,0.0,0,0.0024213400902226
2000,1700,R20,0,0.0,0.0,0.0,0,9.17610013857484e-05
2000,1700,STRIP,0,0.0,0.0,0.0,0,0.0024684689706191
2000,1800,R20,0,0.0,0.0,0.0,0,8.978706318885088e-05
2000,1800,STRIP,0,0.0,0.0,0.0,0,0.0023719220189377
2000,1900,R20,0,0.0,0.0,0.0,0,9.059999138116837e-05
2000,1900,STRIP,0,0.0,0.0,0.0,0,0.0023852479644119
1900,4800,R20,2,109.0637976333343,109.0625,-268296.67951440765,57,1.456074726069346
1900,4900,R20,1,173.23500194281465,173.21875,-336340.80841078726,41,1.3646064449567348
2000,700,R20,1,8.413265676241547,8.453125,-154741.69716999008,25,0.6311935220146552
1900,4300,R20,1,1384.4980563317731,1384.46875,-230391460.0799448,103,2.5709505970589817
1900,4900,STRIP,2,219.45168523247435,219.421875,-421191.2222865425,57,1.6030044620856645
1900,4400,STRIP,1,1338.5176318485967,1338.46875,-37659445.73612651,104,2.431182387052104
1900,4300,STRIP,2,2641.2618565159933,2641.015625,-521867361.581757,139,3.1460044250125065
1900,4200,STRIP,2,2601.6548838627323,2601.625,-269764377.5909395,160,3.2809137330623344
2000,2000,R20,2,90.99494168493796,89.484375,-12463228.19094242,50,1.8742375889560208
2000,2000,STRIP,3,162.07002129986537,162.09375,-27187554.308233224,53,2.0133307280484587
2000,2100,STRIP,6,218.55870114685248,218.609375,-95868111.27307802,68,2.4828039220301434
2000,2100,R20,6,238.5366839373596,237.265625,-63929176.970458224,87,3.090604063938372
2000,2300,R20,5,226.5738986387111,226.515625,-59882477.133819535,71,2.657211459008977
2000,2200,STRIP,8,395.1049969913368,395.0625,-124224519.52031656,70,2.7634985700715333
2000,2200,R20,6,212.81195764394005,212.296875,-87364799.71297413,86,3.356490252073854
2000,2300,STRIP,11,474.5119733420156,466.71875,-90211571.85185272,82,2.7208553119562566
2000,2400,R20,6,236.3386283965287,236.34375,-32324460.28605642,82,2.8206450149882585
2000,2400,STRIP,12,466.3594620540409,461.234375,-100839673.48605134,81,2.898733207024634
2000,2500,R20,5,216.1823613886837,199.671875,-23109209.83076828,79,2.881495548062958
2000,2600,R20,3,193.18442054627752,193.125,-16182505.298654094,64,2.1779012550832704
2000,2500,STRIP,7,268.52925241724535,267.15625,-48255057.20291603,79,2.8307617399841547
2000,2600,STRIP,8,222.65782962171667,222.640625,-31735458.505379938,66,2.385945023037493
2000,2700,R20,8,225.84975475917167,223.21875,-25156932.96849252,77,2.795019499957561
2000,2700,STRIP,6,189.5182022834796,186.015625,-25631956.759568967,64,2.689744947012514
2000,2800,STRIP,9,449.5018642955613,448.171875,-61327339.76098039,72,3.040926515008323
2000,3200,STRIP,0,0.0,0.0,0.0,0,0.0045594110852107
2000,2800,R20,6,268.8606663655418,268.765625,-37247729.05549444,86,3.409790514037013
2000,2900,R20,12,256.2477702580379,249.734375,-38976928.11147773,73,2.914711409946904
2000,3400,R20,0,0.0,0.0,0.0,0,0.0001772380201146
2000,3400,STRIP,0,0.0,0.0,0.0,0,0.0043945619836449
2000,3500,R20,0,0.0,0.0,0.0,0,0.0001683250302448
2000,3500,STRIP,0,0.0,0.0,0.0,0,0.003421347006224
2000,3600,R20,0,0.0,0.0,0.0,0,0.0001513171009719
2000,3600,STRIP,0,0.0,0.0,0.0,0,0.0031785370083525
2000,3700,R20,0,0.0,0.0,0.0,0,0.0001572050387039
2000,3700,STRIP,0,0.0,0.0,0.0,0,0.0028784970054402
2000,3800,R20,0,0.0,0.0,0.0,0,0.0001398490276187
2000,3800,STRIP,0,0.0,0.0,0.0,0,0.0028292640345171
2000,3900,R20,0,0.0,0.0,0.0,0,0.0001372860278934
2000,3900,STRIP,0,0.0,0.0,0.0,0,0.00272470805794
2000,4000,R20,0,0.0,0.0,0.0,0,0.0001281920121982
2000,4000,STRIP,0,0.0,0.0,0.0,0,0.002566848997958
2000,4100,R20,0,0.0,0.0,0.0,0,0.0001151349861174
2000,4100,STRIP,0,0.0,0.0,0.0,0,0.0024947259807959
2000,2900,STRIP,10,404.1117512933757,399.0,-101449401.57312708,75,3.10924210306257
2000,3100,R20,6,169.295377086212,168.75,-22293102.327953424,66,2.215050996048376
2000,3200,R20,1,327.96741202071547,327.953125,-7956337.970097815,49,1.3478465999942273
2000,3000,STRIP,12,278.7317418537549,271.78125,-102632993.36025652,66,2.615898563992232
2000,3100,STRIP,5,264.0287858188437,264.03125,-75097352.51348497,59,1.992248494992964
2000,3300,STRIP,3,434.18419603656304,434.140625,-11802332.663891,61,1.3378770869458094
2000,4500,R20,0,0.0,0.0,0.0,0,0.0001938280183821
2000,4500,STRIP,0,0.0,0.0,0.0,0,0.0048791199224069
2000,4600,R20,0,0.0,0.0,0.0,0,0.0001790289534255
2000,4600,STRIP,0,0.0,0.0,0.0,0,0.0044561580289155
2000,4700,R20,0,0.0,0.0,0.0,0,0.0001726020127534
2000,4700,STRIP,0,0.0,0.0,0.0,0,0.0042603709734976
2000,4200,R20,1,88.9741090961361,88.96875,53038.282058108016,36,1.2972503550117835
2000,3000,R20,10,268.27975361936683,260.703125,-91653641.59272943,99,3.513300055055879
2000,3300,R20,1,168.35610020225272,168.34375,-3304435.163881653,52,1.6809879549546167
2000,4900,STRIP,0,0.0,0.0,0.0,0,0.0048070410266518
2000,4400,R20,1,170.29471924716455,170.296875,-1981568.9357076336,42,1.3685775980120525
2000,4400,STRIP,2,268.13247072646243,268.125,-2427560.41049527,53,1.5256954369833693
2000,5100,R20,0,0.0,0.0,0.0,0,0.0001907150726765
2000,5100,STRIP,0,0.0,0.0,0.0,0,0.0043876910349354
2000,5200,R20,0,0.0,0.0,0.0,0,0.0001595340436324
2000,5200,STRIP,0,0.0,0.0,0.0,0,0.003403082024306
2100,200,R20,0,0.0,0.0,0.0,0,0.0001419760519638
2100,200,STRIP,0,0.0,0.0,0.0,0,0.0028278580866754
2100,300,R20,0,0.0,0.0,0.0,0,0.0001530799781903
2100,300,STRIP,0,0.0,0.0,0.0,0,0.0027235149173066
2100,400,R20,0,0.0,0.0,0.0,0,0.0001286169281229
2100,400,STRIP,0,0.0,0.0,0.0,0,0.0026381219504401
2100,500,R20,0,0.0,0.0,0.0,0,0.0001207910245284
2100,500,STRIP,0,0.0,0.0,0.0,0,0.0026650120271369
2100,600,R20,0,0.0,0.0,0.0,0,0.0001342738978564
2100,600,STRIP,0,0.0,0.0,0.0,0,0.0026722209295257
2100,700,R20,0,0.0,0.0,0.0,0,0.0001183360582217
2100,700,STRIP,0,0.0,0.0,0.0,0,0.002766047953628
2100,800,R20,0,0.0,0.0,0.0,0,0.0001244249287992
2100,800,STRIP,0,0.0,0.0,0.0,0,0.0028075970476493
2100,900,R20,0,0.0,0.0,0.0,0,0.0001207620371133
2100,900,STRIP,0,0.0,0.0,0.0,0,0.0028220009990036
2100,1000,R20,0,0.0,0.0,0.0,0,0.0001264079473912
2100,1000,STRIP,0,0.0,0.0,0.0,0,0.0029587179888039
2100,1100,R20,0,0.0,0.0,0.0,0,0.0001304679317399
2100,1100,STRIP,0,0.0,0.0,0.0,0,0.0028530620038509
2100,1200,R20,0,0.0,0.0,0.0,0,0.0001212620409205
2100,1200,STRIP,0,0.0,0.0,0.0,0,0.002752844011411
2100,1300,R20,0,0.0,0.0,0.0,0,0.0001212960341945
2100,1300,STRIP,0,0.0,0.0,0.0,0,0.0027190019609406
2100,1400,R20,0,0.0,0.0,0.0,0,0.0001185579458251
2100,1400,STRIP,0,0.0,0.0,0.0,0,0.0028419219888746
2100,1500,R20,0,0.0,0.0,0.0,0,0.0001195839140564
2100,1500,STRIP,0,0.0,0.0,0.0,0,0.0027870010817423
2100,1600,R20,0,0.0,0.0,0.0,0,0.0001192999770864
2100,1600,STRIP,0,0.0,0.0,0.0,0,0.0027933049714192
2100,1700,R20,0,0.0,0.0,0.0,0,0.0001184679567813
2100,1700,STRIP,0,0.0,0.0,0.0,0,0.0027854989748448
2100,1800,R20,0,0.0,0.0,0.0,0,0.0001164000714197
2100,1800,STRIP,0,0.0,0.0,0.0,0,0.0027073050150647
2100,1900,R20,0,0.0,0.0,0.0,0,0.0001182219712063
2100,1900,STRIP,0,0.0,0.0,0.0,0,0.0024799919920042
2100,2000,R20,0,0.0,0.0,0.0,0,0.0001035260502249
2100,2000,STRIP,0,0.0,0.0,0.0,0,0.0024414591025561
2000,4800,STRIP,2,49.39595326878353,49.375,-61289.4933707271,36,1.2057659570127726
2100,2100,STRIP,0,0.0,0.0,0.0,0,0.0045724009396508
2000,4800,R20,1,35.33449904629972,35.296875,-43495.01740036535,36,1.2429486280307174
2000,5000,R20,2,53.7694835408397,48.984375,-80002.71017435334,52,1.562896703951992
2000,4300,R20,1,1338.5176318485967,1338.46875,-37659445.73612651,104,2.445035237935372
2000,4200,STRIP,1,1384.4980563317731,1384.46875,-230391460.0799448,103,2.629561280016788
2000,5000,STRIP,1,27.63886743212116,27.640625,-64122.34812460662,36,1.2480088979937136
2000,4900,R20,2,76.99843261561962,77.0,-131041.93178916024,61,1.987961345934309
2100,2100,R20,1,17.72547527242657,17.734375,-6262700.764695502,30,1.5813909060088918
2000,4300,STRIP,3,3979.77948836459,3979.484375,-771443584.9654249,172,3.502027374925092
2100,2200,STRIP,4,127.75207255124728,126.765625,-54706018.29168714,46,2.2146013219607994
2100,2200,R20,8,260.4805336852399,254.9375,-126696326.77576856,71,3.024716597981751
2100,2300,STRIP,6,325.7647197827824,324.578125,-132894325.59507307,73,2.840207544039004
2100,2400,R20,3,239.3044789127328,239.21875,-98612189.62695695,73,2.875525036943145
2100,2500,R20,5,208.4071937135168,204.453125,-24400365.26138936,66,2.635449771070853
2100,2300,R20,6,242.3622586347477,242.5,-66537246.18853582,78,3.0606444369768724
2100,2500,STRIP,5,196.16260178587785,192.28125,-24017637.162080616,65,2.5388335360912606
2100,2400,STRIP,10,500.9938805673031,486.828125,-184075942.32112047,89,3.252567959018052
2100,2600,R20,8,211.51317231361185,208.5625,-33648085.37839094,80,3.1738821079488844
2100,2600,STRIP,11,274.7374383559528,269.75,-32535661.883929618,68,2.7734785119537264
2100,2700,STRIP,6,349.5264139216987,348.0,-22770527.898294955,66,2.7660526969702914
2100,2900,R20,3,230.55857139005025,220.296875,-91475888.46256016,71,3.1119713720399886
2100,3200,R20,0,0.0,0.0,0.0,0,0.0001682880101725
2100,2700,R20,8,329.5184991951803,325.625,-23186606.046534035,89,3.697396853007376
2100,3000,R20,8,262.48400329087144,257.5625,-46570560.89507048,71,2.650432814960368
2100,2800,STRIP,14,568.3938834219286,562.484375,-139518815.47480595,77,3.274973780964501
2100,2800,R20,8,230.50438247784336,229.21875,-35213222.823844835,80,3.3882986530661583
2100,2900,STRIP,5,242.6551318747454,232.59375,-49780661.09859613,79,3.3731438579270616
2100,3100,R20,4,107.409501479195,106.875,-13727356.326021548,68,2.383590977988206
2100,3000,STRIP,12,521.8319892046827,516.296875,-149426723.75732112,76,2.790520083042793
2100,3400,R20,1,234.10861228033207,234.09375,-5111641.069562492,48,1.257645025034435
2100,3600,STRIP,0,0.0,0.0,0.0,0,0.0042140911100432
2100,3700,R20,0,0.0,0.0,0.0,0,0.000167210935615
2100,3700,STRIP,0,0.0,0.0,0.0,0,0.0031755769159644
2100,3800,R20,0,0.0,0.0,0.0,0,0.0001493709860369
2100,3800,STRIP,0,0.0,0.0,0.0,0,0.0028299069963395
2100,3900,R20,0,0.0,0.0,0.0,0,0.0001398349413648
2100,3900,STRIP,0,0.0,0.0,0.0,0,0.0027344489935785
2100,4000,R20,0,0.0,0.0,0.0,0,0.0001258769771084
2100,4000,STRIP,0,0.0,0.0,0.0,0,0.0029256970155984
2100,4100,R20,0,0.0,0.0,0.0,0,0.0001273839734494
2100,4100,STRIP,0,0.0,0.0,0.0,0,0.0027747909771278
2100,3400,STRIP,1,234.10861228033207,234.09375,-5111641.069562492,48,1.2874526809901
2100,3200,STRIP,1,1121.7681697882288,1121.703125,-34295653.14597419,63,1.4751333580352366
2100,4300,R20,0,0.0,0.0,0.0,0,0.0001706739421933
2100,3300,STRIP,1,1121.7681697882288,1121.703125,-34295653.14597419,63,1.4632330009480938
2100,4400,R20,0,0.0,0.0,0.0,0,0.0001816899748519
2100,4400,STRIP,0,0.0,0.0,0.0,0,0.0043773340294137
2100,4500,R20,0,0.0,0.0,0.0,0,0.0001618859823793
2100,4500,STRIP,0,0.0,0.0,0.0,0,0.0035816100426018
2100,4600,R20,0,0.0,0.0,0.0,0,0.0001563569530844
2100,4600,STRIP,0,0.0,0.0,0.0,0,0.0032192829530686
2100,4700,R20,0,0.0,0.0,0.0,0,0.0001497770426794
2100,4700,STRIP,0,0.0,0.0,0.0,0,0.0031928250100463
2100,3100,STRIP,5,157.6884070499603,157.65625,-20903813.67628999,56,2.1584612550213933
2100,3500,R20,1,86.35406881137851,86.34375,-1660956.7290859874,36,1.197979349992238
2100,4900,R20,0,0.0,0.0,0.0,0,0.0001850390108302
2100,4900,STRIP,0,0.0,0.0,0.0,0,0.0046882929746061
2100,5000,R20,0,0.0,0.0,0.0,0,0.0001662869472056
2100,5000,STRIP,0,0.0,0.0,0.0,0,0.0042209069943055
2100,5100,R20,0,0.0,0.0,0.0,0,0.0001637120731174
2100,5100,STRIP,0,0.0,0.0,0.0,0,0.0039417219813913
2100,5200,R20,0,0.0,0.0,0.0,0,0.0001586470752954
2100,5200,STRIP,0,0.0,0.0,0.0,0,0.0038816990563645
2100,5300,R20,0,0.0,0.0,0.0,0,0.0001646699383854
2100,5300,STRIP,0,0.0,0.0,0.0,0,0.0044635070953518
2100,5400,R20,0,0.0,0.0,0.0,0,0.000168613041751
2100,5400,STRIP,0,0.0,0.0,0.0,0,0.0044970359886065
2100,5500,R20,0,0.0,0.0,0.0,0,0.0001689540222287
2100,5500,STRIP,0,0.0,0.0,0.0,0,0.0045624810736626
2200,200,R20,0,0.0,0.0,0.0,0,0.0001643599243834
2200,200,STRIP,0,0.0,0.0,0.0,0,0.0043880130397155
2200,300,R20,0,0.0,0.0,0.0,0,0.0001587170409038
2200,300,STRIP,0,0.0,0.0,0.0,0,0.0043189199641346
2200,400,R20,0,0.0,0.0,0.0,0,0.0001624319702386
2200,400,STRIP,0,0.0,0.0,0.0,0,0.0043710329337045
2200,500,R20,0,0.0,0.0,0.0,0,0.0001591070322319
2200,500,STRIP,0,0.0,0.0,0.0,0,0.0044294859981164
2200,600,R20,0,0.0,0.0,0.0,0,0.0001599000534042
2200,600,STRIP,0,0.0,0.0,0.0,0,0.0044155979994684
2200,700,R20,0,0.0,0.0,0.0,0,0.0001743630273267
2200,700,STRIP,0,0.0,0.0,0.0,0,0.0043827740009874
2200,800,R20,0,0.0,0.0,0.0,0,0.0001683799782767
2200,800,STRIP,0,0.0,0.0,0.0,0,0.0043493449920788
2200,900,R20,0,0.0,0.0,0.0,0,0.000157319009304
2200,900,STRIP,0,0.0,0.0,0.0,0,0.0042938900878652
2200,1000,R20,0,0.0,0.0,0.0,0,0.000156695023179
2200,1000,STRIP,0,0.0,0.0,0.0,0,0.0043581719510257
2200,1100,R20,0,0.0,0.0,0.0,0,0.0001570499734953
2200,1100,STRIP,0,0.0,0.0,0.0,0,0.0043521110201254
2200,1200,R20,0,0.0,0.0,0.0,0,0.0001566159771755
2100,3500,STRIP,1,47.787806607593865,47.8125,-953560.5167378348,30,1.2166984060313553
2200,1300,R20,0,0.0,0.0,0.0,0,0.000185687909834
2200,1200,STRIP,0,0.0,0.0,0.0,0,0.0043517419835552
2200,1400,R20,0,0.0,0.0,0.0,0,0.0001503850799053
2200,1300,STRIP,0,0.0,0.0,0.0,0,0.0045446690637618
2200,1500,R20,0,0.0,0.0,0.0,0,0.0001716030528768
2200,1400,STRIP,0,0.0,0.0,0.0,0,0.0036903369473293
2200,1600,R20,0,0.0,0.0,0.0,0,0.0001223119907081
2200,1500,STRIP,0,0.0,0.0,0.0,0,0.0043892739340662
2200,1600,STRIP,0,0.0,0.0,0.0,0,0.0035546909784898
2200,1700,R20,0,0.0,0.0,0.0,0,0.0001631190534681
2200,1800,R20,0,0.0,0.0,0.0,0,4.567007999867201e-05
2200,1800,STRIP,0,0.0,0.0,0.0,0,0.0042918720282614
2200,1700,STRIP,0,0.0,0.0,0.0,0,0.0045641680480912
2200,1900,R20,0,0.0,0.0,0.0,0,0.0001656650565564
2200,2000,R20,0,0.0,0.0,0.0,0,4.5628054067492485e-05
2200,2000,STRIP,0,0.0,0.0,0.0,0,0.004190232953988
2200,1900,STRIP,0,0.0,0.0,0.0,0,0.0044576699147
2200,2100,R20,0,0.0,0.0,0.0,0,0.0001560089876875
2200,2200,R20,0,0.0,0.0,0.0,0,4.211603663861752e-05
2200,2200,STRIP,0,0.0,0.0,0.0,0,0.0039876089431345
2200,2100,STRIP,0,0.0,0.0,0.0,0,0.0042140639852732
2100,3300,R20,2,1374.889556211351,1374.828125,-42835706.47266717,90,2.074386641965248
2100,3600,R20,1,275.8474085967314,275.84375,-4011011.988040502,48,1.396413399023004
2100,4800,STRIP,2,154.06736350410893,153.890625,-168156.41504180123,42,1.2029753701062873
2100,4800,R20,1,81.22249157725636,81.203125,-81672.37071876347,41,1.308414296945557
2100,4200,R20,1,618.7582081992304,618.734375,-3056636.9120959155,82,2.124696345999837
2100,4300,STRIP,2,1624.2175514276178,1624.203125,-9347159.20440778,111,2.5126101130153984
2200,2300,STRIP,5,127.20608065476364,127.203125,-30534120.03633365,52,1.9835533640580247
2200,2300,R20,3,161.06453794576169,160.875,-35532705.96185892,57,2.013510755961761
2100,4200,STRIP,3,2640.984489349484,2640.96875,-16220347.244099466,141,2.671875683008693
2200,2400,R20,4,209.1187312243145,209.0,-46647885.65495774,73,2.628842880949378
2200,2400,STRIP,10,343.8433039570604,343.703125,-105693801.9221535,79,2.619707638048567
2200,2500,R20,4,255.79456095883887,255.546875,-117896639.181587,63,2.588105186936445
2200,2500,STRIP,7,261.8038160009745,257.796875,-111060130.57529972,86,3.26981423702091
2200,2600,R20,7,191.5940570727937,191.796875,-41346040.23149328,78,3.3188460159581155
2200,2600,STRIP,7,165.9690016237765,165.171875,-66904104.84971716,67,2.8730968500021845
2200,2700,STRIP,11,511.7101025738469,511.359375,-78207787.90033877,75,3.12534287199378
2200,2700,R20,7,227.69393338864452,227.671875,-35785404.24321978,76,3.375023665954359
2200,3200,R20,0,0.0,0.0,0.0,0,0.000194861087948
2200,3200,STRIP,0,0.0,0.0,0.0,0,0.0046826410107314
2200,2900,R20,6,205.66104806616488,199.25,-25535704.00514202,66,2.748884652974084
2200,3300,STRIP,0,0.0,0.0,0.0,0,0.004210429964587
2200,2800,R20,9,292.6495955957457,289.25,-42447855.36475965,85,3.59400000795722
2200,2900,STRIP,7,248.48415524121373,240.296875,-32370421.92140092,57,2.3452064390294254
2200,2800,STRIP,7,426.13572053004594,424.546875,-55521697.27930593,76,3.3201279030181468
2200,3300,R20,1,85.13780538709086,85.171875,-1725728.3901067262,42,1.3173840969102455
2200,3100,STRIP,2,268.8453693198277,268.921875,-63495023.670771,42,1.5537545050028712
2200,3100,R20,3,125.60366593186284,125.5625,-31497355.39550717,58,2.072005279012956
2200,3400,R20,1,57.70879773706554,57.703125,-937035.7555681992,36,1.3246927770087495
2200,3700,STRIP,0,0.0,0.0,0.0,0,0.0042301240609958
2200,3800,R20,0,0.0,0.0,0.0,0,0.0001675330568104
2200,3800,STRIP,0,0.0,0.0,0.0,0,0.0034629799192771
2200,3900,R20,0,0.0,0.0,0.0,0,0.0001565930433571
2200,3900,STRIP,0,0.0,0.0,0.0,0,0.0030839790124446
2200,4000,R20,0,0.0,0.0,0.0,0,0.0001444229856133
2200,4000,STRIP,0,0.0,0.0,0.0,0,0.00290516205132
2200,3000,STRIP,7,229.26332173086007,225.046875,-79432410.21985337,54,2.2404782120138407
2200,3000,R20,7,204.55231508760096,204.59375,-50509372.24524277,79,2.9621945259859785
2200,3500,R20,2,141.7778919136672,141.8125,-3291482.0799940554,52,1.7043601149925962
2200,3400,STRIP,2,95.7085037122519,95.734375,-1688673.439449716,58,1.722904977039434
2200,4300,R20,0,0.0,0.0,0.0,0,0.0001889000413939
2200,3700,R20,1,70.87473803297979,70.875,-805440.8585141054,41,1.003769881092012
2200,4400,R20,0,0.0,0.0,0.0,0,0.0001884340308606
2200,4400,STRIP,0,0.0,0.0,0.0,0,0.0043530190596356
2200,4500,R20,0,0.0,0.0,0.0,0,0.0001685180468484
2200,4500,STRIP,0,0.0,0.0,0.0,0,0.0040039418963715
2200,4600,R20,0,0.0,0.0,0.0,0,0.0001662380527704
2200,4600,STRIP,0,0.0,0.0,0.0,0,0.0036826289724558
2200,4700,R20,0,0.0,0.0,0.0,0,0.0001571680186316
2200,4700,STRIP,0,0.0,0.0,0.0,0,0.0035871819127351
2200,4800,R20,0,0.0,0.0,0.0,0,0.000151925953105
2200,4800,STRIP,0,0.0,0.0,0.0,0,0.0033783649560064
2200,4900,R20,0,0.0,0.0,0.0,0,0.0001569370506331
2200,4900,STRIP,0,0.0,0.0,0.0,0,0.0034267830196768
2200,5000,R20,0,0.0,0.0,0.0,0,0.0001434789737686
2200,5000,STRIP,0,0.0,0.0,0.0,0,0.0033934219973161
2200,5100,R20,0,0.0,0.0,0.0,0,0.0001561739481985
2200,5100,STRIP,0,0.0,0.0,0.0,0,0.00336273398716
2200,5200,R20,0,0.0,0.0,0.0,0,0.0001534919720143
2200,5200,STRIP,0,0.0,0.0,0.0,0,0.0034361550351604
2200,5300,R20,0,0.0,0.0,0.0,0,0.0001673380611464
2200,5300,STRIP,0,0.0,0.0,0.0,0,0.0034885189961642
2200,5400,R20,0,0.0,0.0,0.0,0,0.0001626960001885
2200,5400,STRIP,0,0.0,0.0,0.0,0,0.0034753250656649
2200,5500,R20,0,0.0,0.0,0.0,0,0.0001439210027456
2200,5500,STRIP,0,0.0,0.0,0.0,0,0.0034142039949074
2200,5600,R20,0,0.0,0.0,0.0,0,0.000137107912451
2200,5600,STRIP,0,0.0,0.0,0.0,0,0.0033688920084387
2200,5700,R20,0,0.0,0.0,0.0,0,0.0001472530420869
2200,5700,STRIP,0,0.0,0.0,0.0,0,0.0033182160696014
2300,300,R20,0,0.0,0.0,0.0,0,0.0001474920427426
2300,300,STRIP,0,0.0,0.0,0.0,0,0.0032776509178802
2300,400,R20,0,0.0,0.0,0.0,0,0.0001477859914302
2300,400,STRIP,0,0.0,0.0,0.0,0,0.0032742409966886
2300,500,R20,0,0.0,0.0,0.0,0,0.0001456839963793
2300,500,STRIP,0,0.0,0.0,0.0,0,0.003438910935074
2300,600,R20,0,0.0,0.0,0.0,0,0.0001504350220784
2300,600,STRIP,0,0.0,0.0,0.0,0,0.0034610909642651
2300,700,R20,0,0.0,0.0,0.0,0,0.0001537690404802
2300,700,STRIP,0,0.0,0.0,0.0,0,0.0033768919529393
2300,800,R20,0,0.0,0.0,0.0,0,0.0001452089054509
2300,800,STRIP,0,0.0,0.0,0.0,0,0.0033617279259487
2300,900,R20,0,0.0,0.0,0.0,0,0.0001432109856978
2300,900,STRIP,0,0.0,0.0,0.0,0,0.0032838269835337
2300,1000,R20,0,0.0,0.0,0.0,0,0.0001495429314672
2300,1000,STRIP,0,0.0,0.0,0.0,0,0.0034616419579833
2300,1100,R20,0,0.0,0.0,0.0,0,0.0001483400119468
2300,1100,STRIP,0,0.0,0.0,0.0,0,0.0035155080258846
2300,1200,R20,0,0.0,0.0,0.0,0,0.0001529171131551
2300,1200,STRIP,0,0.0,0.0,0.0,0,0.003444500034675
2300,1300,R20,0,0.0,0.0,0.0,0,0.0001541200326755
2300,1300,STRIP,0,0.0,0.0,0.0,0,0.0033400910906493
2300,1400,R20,0,0.0,0.0,0.0,0,0.0001392120029777
2300,1400,STRIP,0,0.0,0.0,0.0,0,0.0031314969528466
2300,1500,R20,0,0.0,0.0,0.0,0,0.0001459510531276
2300,1500,STRIP,0,0.0,0.0,0.0,0,0.0029436940094456
2300,1600,R20,0,0.0,0.0,0.0,0,0.0001289860811084
2300,1600,STRIP,0,0.0,0.0,0.0,0,0.0027907909825444
2300,1700,R20,0,0.0,0.0,0.0,0,0.0001322600292041
2300,1700,STRIP,0,0.0,0.0,0.0,0,0.0027756110066547
2300,1800,R20,0,0.0,0.0,0.0,0,0.0001320439623668
2300,1800,STRIP,0,0.0,0.0,0.0,0,0.0027810969622805
2300,1900,R20,0,0.0,0.0,0.0,0,0.0001281780423596
2300,1900,STRIP,0,0.0,0.0,0.0,0,0.0028384049655869
2300,2000,R20,0,0.0,0.0,0.0,0,0.0001248359913006
2300,2000,STRIP,0,0.0,0.0,0.0,0,0.0027613659622147
2300,2100,R20,0,0.0,0.0,0.0,0,0.0001172400079667
2300,2100,STRIP,0,0.0,0.0,0.0,0,0.0025608609430491
2300,2200,R20,0,0.0,0.0,0.0,0,0.0001014360459521
2300,2200,STRIP,0,0.0,0.0,0.0,0,0.0023807260440662
2300,2300,R20,0,0.0,0.0,0.0,0,9.208498522639276e-05
2300,2300,STRIP,0,0.0,0.0,0.0,0,0.0023127970052883
2200,3600,R20,1,115.06750516035008,115.046875,-1875280.3112045813,42,1.4130082270130515
2200,3600,STRIP,1,115.06750516035008,115.046875,-1875280.3112045813,42,1.4478176869452
2200,3500,STRIP,2,289.27618219362176,288.5625,-5159959.801098151,74,2.157048074994236
2200,4100,R20,1,104.5061046483608,104.5,-325942.90194615495,46,1.458097995026037
2200,4100,STRIP,1,1061.3000850630087,1061.265625,-5120330.835886134,100,2.346754687023349
2200,4200,R20,1,990.3755811451512,990.390625,-5231868.79557783,93,2.3053774300497025
2300,2400,STRIP,1,94.43353316892282,94.390625,-23535065.402491,36,1.4121976990718397
2200,4300,STRIP,1,990.3755811451512,990.390625,-5231868.79557783,93,2.308059962000698
2300,2400,R20,4,68.6456938945387,68.6875,-20256779.01554157,60,1.9596605689730493
2200,4200,STRIP,2,2051.67566620816,2051.65625,-10370682.277681476,143,2.992726180003956
2300,2500,R20,4,207.71689421001247,207.5625,-97589024.45979556,68,2.5981774909887463
2300,2500,STRIP,9,212.78898497165116,207.359375,-90813537.74560095,63,2.4998190889600664
2300,2600,R20,7,232.95514632898968,233.1875,-136524006.52512646,85,3.212323567015119
2300,2600,STRIP,2,75.35390517517126,75.375,-47149403.9858517,50,2.247197329066694
2300,2700,STRIP,5,134.02358721664913,133.8125,-28915301.249165334,46,2.2154152410803363
2300,2800,R20,6,277.1045545098098,277.015625,-34570977.592268184,83,3.3851905110059306
2300,3200,R20,0,0.0,0.0,0.0,0,0.0001627230085432
2300,3200,STRIP,0,0.0,0.0,0.0,0,0.0039451569318771
2300,2700,R20,9,340.0182885731455,330.0625,-58190171.11820497,95,3.767487748060376
2300,3100,STRIP,2,159.67449215231426,159.71875,-32277311.108082406,41,1.5227530519478023
2300,2800,STRIP,12,432.1573891705482,429.15625,-65213658.46446151,82,3.3318584630033
2300,3000,R20,9,214.89450589648212,211.78125,-37851604.54092052,86,3.055374296964146
2300,2900,R20,10,293.48724602350944,291.96875,-52669637.86513995,93,3.412322864984162
2300,3100,R20,4,189.36515122889872,189.703125,-26279185.18054923,67,2.244218425941653
2300,2900,STRIP,9,385.6164137630765,385.484375,-83242365.70687215,81,3.1782986050238837
2300,3300,R20,1,43.417420153981055,43.421875,-539179.2944743017,36,1.2741095909150315
2300,3000,STRIP,6,229.6201066711876,229.671875,-49537218.0009145,80,2.8174830899806693
2300,3700,STRIP,0,0.0,0.0,0.0,0,0.0044104889966547
2300,3800,R20,0,0.0,0.0,0.0,0,0.0001723149325698
2300,3800,STRIP,0,0.0,0.0,0.0,0,0.003898907918483
2300,3900,R20,0,0.0,0.0,0.0,0,0.0001663699513301
2300,3900,STRIP,0,0.0,0.0,0.0,0,0.0035864089149981
2300,3300,STRIP,1,53.39202879952767,53.390625,-309865.311077948,36,1.3357820560922846
2300,3400,STRIP,1,38.36932745672738,38.359375,-403600.7014120959,35,1.3216112309601158
2300,3400,R20,3,320.8422858151979,320.84375,-3448262.2678692467,73,2.154743950930424
2300,4100,STRIP,0,0.0,0.0,0.0,0,0.0040216429624706
2300,3600,R20,1,209.7303313366828,209.734375,-5294750.475281424,46,1.5969004790531471
2300,3500,R20,1,223.1070977523019,223.125,-3779620.3795550177,48,1.6965128170559185
2300,4300,R20,0,0.0,0.0,0.0,0,0.0002282100031152
2300,4300,STRIP,0,0.0,0.0,0.0,0,0.0040176109177991
2300,4400,R20,0,0.0,0.0,0.0,0,0.0001628350000828
2300,4400,STRIP,0,0.0,0.0,0.0,0,0.0032469950383529
2300,4500,R20,0,0.0,0.0,0.0,0,0.0001602709526196
2300,4500,STRIP,0,0.0,0.0,0.0,0,0.0031180350342765
2300,4600,R20,0,0.0,0.0,0.0,0,0.0001645449083298
2300,4600,STRIP,0,0.0,0.0,0.0,0,0.0029818289913237
2300,4700,R20,0,0.0,0.0,0.0,0,0.0001482429215684
2300,4700,STRIP,0,0.0,0.0,0.0,0,0.0028376979753375
2300,4800,R20,0,0.0,0.0,0.0,0,0.0001393189886584
2300,4800,STRIP,0,0.0,0.0,0.0,0,0.0029415360186249
2300,4900,R20,0,0.0,0.0,0.0,0,0.0001389720709994
2300,3600,STRIP,1,209.7303313366828,209.734375,-5294750.475281424,46,1.631164900958538
2300,5000,R20,0,0.0,0.0,0.0,0,0.0001497229095548
2300,4900,STRIP,0,0.0,0.0,0.0,0,0.002841155976057
2300,5100,R20,0,0.0,0.0,0.0,0,0.0001235589152202
2300,5000,STRIP,0,0.0,0.0,0.0,0,0.0032135009532794
2300,5200,R20,0,0.0,0.0,0.0,0,0.0001254261005669
2300,5100,STRIP,0,0.0,0.0,0.0,0,0.0027584950439631
2300,5300,R20,0,0.0,0.0,0.0,0,0.0001166070578619
2300,5200,STRIP,0,0.0,0.0,0.0,0,0.0027396000223234
2300,5400,R20,0,0.0,0.0,0.0,0,0.0001333180116489
2300,5300,STRIP,0,0.0,0.0,0.0,0,0.0026398550253361
2300,5500,R20,0,0.0,0.0,0.0,0,0.0001158469822257
2300,5400,STRIP,0,0.0,0.0,0.0,0,0.0027369509916752
2300,5600,R20,0,0.0,0.0,0.0,0,0.0001186389708891
2300,5500,STRIP,0,0.0,0.0,0.0,0,0.0026332590496167
2300,5700,R20,0,0.0,0.0,0.0,0,0.0001170869218185
2300,5600,STRIP,0,0.0,0.0,0.0,0,0.0026740219909697
2300,5800,R20,0,0.0,0.0,0.0,0,0.0001202749554067
2300,5700,STRIP,0,0.0,0.0,0.0,0,0.0025547289988026
2300,5900,R20,0,0.0,0.0,0.0,0,0.0001155990175902
2300,5800,STRIP,0,0.0,0.0,0.0,0,0.0026887559797614
2300,6000,R20,0,0.0,0.0,0.0,0,0.0001290839863941
2300,5900,STRIP,0,0.0,0.0,0.0,0,0.0025496219750493
2400,300,R20,0,0.0,0.0,0.0,0,0.0001069899881258
2300,6000,STRIP,0,0.0,0.0,0.0,0,0.0026747910305857
2400,400,R20,0,0.0,0.0,0.0,0,0.00010781805031
2400,300,STRIP,0,0.0,0.0,0.0,0,0.0024228419642895
2400,500,R20,0,0.0,0.0,0.0,0,0.0001065449323505
2400,400,STRIP,0,0.0,0.0,0.0,0,0.0026831800350919
2400,600,R20,0,0.0,0.0,0.0,0,0.0001088429708033
2400,500,STRIP,0,0.0,0.0,0.0,0,0.0024899969575926
2400,700,R20,0,0.0,0.0,0.0,0,0.0001036749454215
2400,600,STRIP,0,0.0,0.0,0.0,0,0.0027147259097546
2400,800,R20,0,0.0,0.0,0.0,0,0.0001101769739761
2400,700,STRIP,0,0.0,0.0,0.0,0,0.002403316902928
2400,900,R20,0,0.0,0.0,0.0,0,9.869597852230072e-05
2400,800,STRIP,0,0.0,0.0,0.0,0,0.0028967909747734
2400,1000,R20,0,0.0,0.0,0.0,0,0.000117702060379
2400,900,STRIP,0,0.0,0.0,0.0,0,0.0025788269704207
2400,1100,R20,0,0.0,0.0,0.0,0,0.0001046099932864
2400,1000,STRIP,0,0.0,0.0,0.0,0,0.0030592209659516
2400,1100,STRIP,0,0.0,0.0,0.0,0,0.002690608962439
2400,1200,R20,0,0.0,0.0,0.0,0,0.0001261370489373
2400,1300,R20,0,0.0,0.0,0.0,0,6.361899431794882e-05
2400,1200,STRIP,0,0.0,0.0,0.0,0,0.0030269420240074
2400,1300,STRIP,0,0.0,0.0,0.0,0,0.0030025749001652
2400,1400,R20,0,0.0,0.0,0.0,0,0.0001454669982194
2400,1500,R20,0,0.0,0.0,0.0,0,4.8501999117434025e-05
2400,1500,STRIP,0,0.0,0.0,0.0,0,0.0031395239057019
2400,1400,STRIP,0,0.0,0.0,0.0,0,0.0033038080437108
2400,1600,R20,0,0.0,0.0,0.0,0,0.0001346169738098
2400,1700,R20,0,0.0,0.0,0.0,0,4.701805301010609e-05
2400,1700,STRIP,0,0.0,0.0,0.0,0,0.0032728379592299
2400,1600,STRIP,0,0.0,0.0,0.0,0,0.0034321949351578
2400,1800,R20,0,0.0,0.0,0.0,0,0.0001567139988765
2400,1900,R20,0,0.0,0.0,0.0,0,4.761200398206711e-05
2400,1900,STRIP,0,0.0,0.0,0.0,0,0.0030424589058384
2400,1800,STRIP,0,0.0,0.0,0.0,0,0.0033371810568496
2400,2000,R20,0,0.0,0.0,0.0,0,0.0001453059958294
2400,2100,R20,0,0.0,0.0,0.0,0,4.643597640097141e-05
2400,2100,STRIP,0,0.0,0.0,0.0,0,0.0029909210279583
2400,2000,STRIP,0,0.0,0.0,0.0,0,0.0032200790010392
2400,2200,R20,0,0.0,0.0,0.0,0,0.0001444219378754
2400,2300,R20,0,0.0,0.0,0.0,0,4.0955026634037495e-05
2400,2300,STRIP,0,0.0,0.0,0.0,0,0.0030359230004251
2400,2200,STRIP,0,0.0,0.0,0.0,0,0.0031960469204932
2400,2400,R20,0,0.0,0.0,0.0,0,0.0001527029089629
2400,2400,STRIP,0,0.0,0.0,0.0,0,0.0034499590983614
2300,3700,R20,1,318.110729212641,318.125,-5200249.209894283,58,1.2279578009620309
2300,3500,STRIP,2,488.2515216844892,486.296875,-14018517.002370052,59,1.84290491102729
2300,4000,R20,1,93.56958543448596,93.546875,-140101.92983762734,36,1.3104133770102635
2300,4000,STRIP,1,45.7468481349756,45.734375,-157812.19226243417,35,1.281736749922857
2300,4100,R20,1,54.4079630685612,54.421875,-141811.55495280557,36,1.2864635350415483
2400,2500,R20,1,15.623937659140134,15.640625,-2375740.9127124646,25,1.35369782790076
2400,2500,STRIP,1,28.37426236091753,28.375,-5885462.243812618,35,1.5831841129111126
2300,4200,R20,1,1106.551162323604,1106.484375,-4014648.28625898,101,2.0002493169158697
2300,4200,STRIP,2,2167.8512473866126,2167.75,-10587574.230043717,127,1.9401499419473112
2400,2600,STRIP,6,285.4832517835833,284.921875,-85420724.65345907,53,2.0907928430242464
2400,2600,R20,7,169.5989150258552,168.953125,-31486406.91246381,72,2.578571396996267
2400,2700,STRIP,9,284.2671097268488,284.34375,-103829000.8707164,65,2.7180483480915427
2400,2700,R20,11,267.96935006421955,266.09375,-59834715.07823172,78,3.0127962599508464
2400,3200,R20,0,0.0,0.0,0.0,0,0.0001904169330373
2400,3200,STRIP,0,0.0,0.0,0.0,0,0.0045117880217731
2400,3300,R20,0,0.0,0.0,0.0,0,0.0001611380139365
2400,3300,STRIP,0,0.0,0.0,0.0,0,0.0038888800190761
2400,2800,R20,8,257.22781410001176,257.15625,-35341229.86059272,87,3.5400186970364302
2400,2800,STRIP,13,487.4099111932506,483.125,-97790861.55802904,74,3.1621935529401526
2400,2900,R20,4,218.71571014629413,214.96875,-18993389.44948834,70,2.9290850169491023
2400,2900,STRIP,6,287.05430050256666,287.09375,-23773348.109329432,75,2.99659445497673
2400,3100,R20,6,152.38720699081745,146.09375,-18242956.54773476,58,2.1809667439665645
2400,3100,STRIP,4,102.99742794275916,102.96875,-19985819.249762703,42,1.8818634710041808
2400,3700,R20,0,0.0,0.0,0.0,0,0.0001813300186768
2400,3700,STRIP,0,0.0,0.0,0.0,0,0.0041005309903994
2400,3800,R20,0,0.0,0.0,0.0,0,0.000163436983712
2400,3800,STRIP,0,0.0,0.0,0.0,0,0.0032732059480622
2400,3400,R20,1,204.23075306707,204.234375,-2177475.4949060483,47,1.6821998360101134
2400,3900,STRIP,0,0.0,0.0,0.0,0,0.0041707080090418
2400,3000,STRIP,10,356.9450663523153,353.109375,-22416646.287984475,75,2.719364485004917
2400,3000,R20,7,223.65984310456295,223.625,-9563697.45678856,91,3.370298271998763
2400,3400,STRIP,1,232.74708108573248,232.78125,-2384420.299933248,48,1.591693393071182
2400,4100,STRIP,0,0.0,0.0,0.0,0,0.0046074240235611
2400,4200,R20,0,0.0,0.0,0.0,0,0.0001808820525184
2400,4200,STRIP,0,0.0,0.0,0.0,0,0.003905594930984
2400,4300,R20,0,0.0,0.0,0.0,0,0.0001602129777893
2400,4300,STRIP,0,0.0,0.0,0.0,0,0.0035533090122044
2400,4400,R20,0,0.0,0.0,0.0,0,0.0001652569044381
2400,4400,STRIP,0,0.0,0.0,0.0,0,0.0032709959195926
2400,4500,R20,0,0.0,0.0,0.0,0,0.0001522509846836
2400,4500,STRIP,0,0.0,0.0,0.0,0,0.0031210709130391
2400,4600,R20,0,0.0,0.0,0.0,0,0.0001522148959338
2400,4600,STRIP,0,0.0,0.0,0.0,0,0.0028919890755787
2400,4700,R20,0,0.0,0.0,0.0,0,0.0001404330832883
2400,4700,STRIP,0,0.0,0.0,0.0,0,0.0027557860594242
2400,4800,R20,0,0.0,0.0,0.0,0,0.0001326199853792
2400,4800,STRIP,0,0.0,0.0,0.0,0,0.0026176590472459
2400,4900,R20,0,0.0,0.0,0.0,0,0.0001220520352944
2400,4900,STRIP,0,0.0,0.0,0.0,0,0.0025695620570331
2400,5000,R20,0,0.0,0.0,0.0,0,0.0001166249858215
2400,5000,STRIP,0,0.0,0.0,0.0,0,0.0025786230107769
2400,5100,R20,0,0.0,0.0,0.0,0,0.0001147369621321
2400,5100,STRIP,0,0.0,0.0,0.0,0,0.002562194946222
2400,5200,R20,0,0.0,0.0,0.0,0,0.0001130530145019
2400,5200,STRIP,0,0.0,0.0,0.0,0,0.0025875570718199
2400,5300,R20,0,0.0,0.0,0.0,0,0.0001024820376187
2400,5300,STRIP,0,0.0,0.0,0.0,0,0.002506424090825
2400,5400,R20,0,0.0,0.0,0.0,0,0.0001047750702127
2400,5400,STRIP,0,0.0,0.0,0.0,0,0.002613116055727
2400,3900,R20,1,50.08489761476451,50.15625,-177941.8984728206,30,1.040137944975868
2400,3500,R20,1,199.9488217932844,199.984375,-1813136.034409588,53,1.8019639339763671
2400,5600,R20,0,0.0,0.0,0.0,0,0.0002022039843723
2400,5600,STRIP,0,0.0,0.0,0.0,0,0.0046393639640882
2400,5700,R20,0,0.0,0.0,0.0,0,0.000166711048223
2400,5700,STRIP,0,0.0,0.0,0.0,0,0.0039508769987151
2400,5800,R20,0,0.0,0.0,0.0,0,0.0001770999515429
2400,5800,STRIP,0,0.0,0.0,0.0,0,0.0039929599734023
2400,5900,R20,0,0.0,0.0,0.0,0,0.0001695380778983
2400,5900,STRIP,0,0.0,0.0,0.0,0,0.0041028960840776
2400,6000,R20,0,0.0,0.0,0.0,0,0.0001793309347704
2400,6000,STRIP,0,0.0,0.0,0.0,0,0.0041376660810783
2400,6100,R20,0,0.0,0.0,0.0,0,0.0001902990043163
2400,6100,STRIP,0,0.0,0.0,0.0,0,0.003801868064329
2400,6200,R20,0,0.0,0.0,0.0,0,0.0001628480385988
2400,6200,STRIP,0,0.0,0.0,0.0,0,0.0035823138896375
2400,5500,R20,1,690.8986881214332,691.0,-309169.4826349672,67,0.9495969489216805
2400,4000,STRIP,1,292.0231619107826,292.03125,-1169299.657992077,53,1.6232449249364436
2500,400,R20,0,0.0,0.0,0.0,0,0.0001850349362939
2500,400,STRIP,0,0.0,0.0,0.0,0,0.0045487330062314
2500,500,R20,0,0.0,0.0,0.0,0,0.000170123996213
2500,500,STRIP,0,0.0,0.0,0.0,0,0.0037189950235188
2500,600,R20,0,0.0,0.0,0.0,0,0.0001664060400798
2400,4100,R20,1,93.12207038574384,93.046875,-211432.55012330587,36,1.3126038130139932
2500,700,R20,0,0.0,0.0,0.0,0,0.000169993028976
2500,600,STRIP,0,0.0,0.0,0.0,0,0.0033613090636208
2500,800,R20,0,0.0,0.0,0.0,0,0.0001363479532301
2500,700,STRIP,0,0.0,0.0,0.0,0,0.0028826270718127
2500,900,R20,0,0.0,0.0,0.0,0,0.0001350619131699
2500,800,STRIP,0,0.0,0.0,0.0,0,0.0025620299857109
2500,1000,R20,0,0.0,0.0,0.0,0,0.0001321899471804
2500,900,STRIP,0,0.0,0.0,0.0,0,0.002576061990112
2500,1100,R20,0,0.0,0.0,0.0,0,0.0001338189467787
2500,1000,STRIP,0,0.0,0.0,0.0,0,0.0025107669644057
2500,1200,R20,0,0.0,0.0,0.0,0,0.000112427980639
2500,1100,STRIP,0,0.0,0.0,0.0,0,0.0024816850200295
2500,1300,R20,0,0.0,0.0,0.0,0,0.000113966059871
2500,1200,STRIP,0,0.0,0.0,0.0,0,0.0024938740534707
2500,1400,R20,0,0.0,0.0,0.0,0,0.0001068710116669
2500,1300,STRIP,0,0.0,0.0,0.0,0,0.0025235300417989
2500,1500,R20,0,0.0,0.0,0.0,0,0.0001136780483648
2500,1400,STRIP,0,0.0,0.0,0.0,0,0.002488523023203
2500,1600,R20,0,0.0,0.0,0.0,0,0.0001236649695783
2500,1500,STRIP,0,0.0,0.0,0.0,0,0.0025608609430491
2500,1700,R20,0,0.0,0.0,0.0,0,0.0001111490419134
2500,1600,STRIP,0,0.0,0.0,0.0,0,0.0026187129551544
2500,1800,R20,0,0.0,0.0,0.0,0,0.0001104950206354
2500,1700,STRIP,0,0.0,0.0,0.0,0,0.00260798598174
2500,1900,R20,0,0.0,0.0,0.0,0,0.0001176439691334
2500,1800,STRIP,0,0.0,0.0,0.0,0,0.0024265999672934
2500,2000,R20,0,0.0,0.0,0.0,0,0.000103739905171
2500,1900,STRIP,0,0.0,0.0,0.0,0,0.0024281250080093
2500,2100,R20,0,0.0,0.0,0.0,0,0.0001075250329449
2500,2000,STRIP,0,0.0,0.0,0.0,0,0.0024915300309658
2500,2200,R20,0,0.0,0.0,0.0,0,0.0001184350112453
2500,2100,STRIP,0,0.0,0.0,0.0,0,0.0025333880912512
2500,2300,R20,0,0.0,0.0,0.0,0,0.0001133800251409
2500,2200,STRIP,0,0.0,0.0,0.0,0,0.0024743130197748
2500,2400,R20,0,0.0,0.0,0.0,0,0.0001065639080479
2500,2300,STRIP,0,0.0,0.0,0.0,0,0.0024757760111242
2500,2500,R20,0,0.0,0.0,0.0,0,0.0001187190646305
2500,2400,STRIP,0,0.0,0.0,0.0,0,0.0024725230177864
2500,2600,R20,0,0.0,0.0,0.0,0,0.0001075789332389
2500,2500,STRIP,0,0.0,0.0,0.0,0,0.0024876160314306
2500,2600,STRIP,0,0.0,0.0,0.0,0,0.0023805869277566
2400,3600,R20,2,247.0470157849179,247.109375,-4451011.0225794725,64,1.7668621910270303
2400,4000,R20,2,343.21902148691265,343.21875,-1327677.8931653935,60,1.7425851470325142
2400,3600,STRIP,3,448.3799755680858,448.40625,-9543031.101835525,71,1.9396171000553293
2400,5500,STRIP,1,690.8986881214332,691.0,-309169.4826349672,67,0.949742360971868
2400,3500,STRIP,6,1200.1540986730292,1200.203125,-28069278.860492684,101,2.697607518057339
2400,6300,R20,1,435.1943051430178,435.140625,-52479.43121322384,51,1.4017068709945306
2400,6300,STRIP,1,435.1943051430178,435.140625,-52479.43121322384,51,1.37016655493062
2500,2700,STRIP,3,77.1889220044306,77.203125,-13929525.70824624,42,1.9738950709579512
2500,2700,R20,6,90.44799293003685,90.171875,-12537742.97420679,61,2.4422302760649472
2500,3200,R20,0,0.0,0.0,0.0,0,0.0001967470161616
2500,3200,STRIP,0,0.0,0.0,0.0,0,0.0042396850185468
2500,3300,R20,0,0.0,0.0,0.0,0,0.0001656080130487
2500,3300,STRIP,0,0.0,0.0,0.0,0,0.0032923810649663
2500,3400,R20,0,0.0,0.0,0.0,0,0.0001496720360592
2500,3400,STRIP,0,0.0,0.0,0.0,0,0.002875096979551
2500,2900,STRIP,10,485.6660931622291,483.84375,-33415744.635759063,68,2.4293290700297803
2500,3500,STRIP,0,0.0,0.0,0.0,0,0.0043152330908924
2500,2800,STRIP,10,440.3595433211435,434.578125,-51918686.607243314,73,2.650709748035297
2500,2800,R20,5,202.82909609067772,202.875,-15538665.814357389,72,2.8336785440333188
2500,3700,R20,0,0.0,0.0,0.0,0,0.0001764999469742
2500,3700,STRIP,0,0.0,0.0,0.0,0,0.0042075850069522
2500,3800,R20,0,0.0,0.0,0.0,0,0.0001699089771136
2500,3800,STRIP,0,0.0,0.0,0.0,0,0.0033081179717555
2500,3900,R20,0,0.0,0.0,0.0,0,0.0001430149422958
2500,3900,STRIP,0,0.0,0.0,0.0,0,0.0026993460487574
2500,4000,R20,0,0.0,0.0,0.0,0,0.000136069022119
2500,4000,STRIP,0,0.0,0.0,0.0,0,0.0027557349530979
2500,4100,R20,0,0.0,0.0,0.0,0,0.0001404150389134
2500,4100,STRIP,0,0.0,0.0,0.0,0,0.0030751270242035
2500,4200,R20,0,0.0,0.0,0.0,0,0.0001461720094084
2500,4200,STRIP,0,0.0,0.0,0.0,0,0.0032286060741171
2500,4300,R20,0,0.0,0.0,0.0,0,0.00014612195082
2500,4300,STRIP,0,0.0,0.0,0.0,0,0.0032107100123539
2500,4400,R20,0,0.0,0.0,0.0,0,0.0001530670560896
2500,4400,STRIP,0,0.0,0.0,0.0,0,0.0032409760169684
2500,4500,R20,0,0.0,0.0,0.0,0,0.0001530579756945
2500,4500,STRIP,0,0.0,0.0,0.0,0,0.0031997041078284
2500,4600,R20,0,0.0,0.0,0.0,0,0.0001486139371991
2500,4600,STRIP,0,0.0,0.0,0.0,0,0.0030872940551489
2500,4700,R20,0,0.0,0.0,0.0,0,0.0001497000921517
2500,4700,STRIP,0,0.0,0.0,0.0,0,0.003186851972714
2500,4800,R20,0,0.0,0.0,0.0,0,0.000156857073307
2500,4800,STRIP,0,0.0,0.0,0.0,0,0.0031122500076889
2500,4900,R20,0,0.0,0.0,0.0,0,0.0001421800116077
2500,4900,STRIP,0,0.0,0.0,0.0,0,0.0031281380215659
2500,5000,R20,0,0.0,0.0,0.0,0,0.0001416319282725
2500,5000,STRIP,0,0.0,0.0,0.0,0,0.0031855789711698
2500,5100,R20,0,0.0,0.0,0.0,0,0.0001593159977346
2500,5100,STRIP,0,0.0,0.0,0.0,0,0.0032861829968169
2500,5200,R20,0,0.0,0.0,0.0,0,0.0001444469671696
2500,5200,STRIP,0,0.0,0.0,0.0,0,0.0034442719770595
2500,5300,R20,0,0.0,0.0,0.0,0,0.0001444199588149
2500,5300,STRIP,0,0.0,0.0,0.0,0,0.0039465799927711
2500,3000,R20,6,226.21480622073372,226.25,-19858706.91782256,63,2.541274770977907
2500,5400,STRIP,0,0.0,0.0,0.0,0,0.0050528619904071
2500,5500,R20,0,0.0,0.0,0.0,0,0.0001967479474842
2500,5500,STRIP,0,0.0,0.0,0.0,0,0.0046738740056753
2500,5600,R20,0,0.0,0.0,0.0,0,0.0001643820432946
2500,2900,R20,4,210.18792943477877,210.0625,-25042473.724842787,83,3.013093088986352
2500,5700,R20,0,0.0,0.0,0.0,0,0.0001755650155246
2500,5600,STRIP,0,0.0,0.0,0.0,0,0.004687541979365
2500,5800,R20,0,0.0,0.0,0.0,0,0.0001599569804966
2500,5700,STRIP,0,0.0,0.0,0.0,0,0.00382903998252
2500,5900,R20,0,0.0,0.0,0.0,0,0.0001442099455744
2500,5800,STRIP,0,0.0,0.0,0.0,0,0.00386219099164
2500,6000,R20,0,0.0,0.0,0.0,0,0.000156105030328
2500,5900,STRIP,0,0.0,0.0,0.0,0,0.003297246992588
2500,6100,R20,0,0.0,0.0,0.0,0,0.000124215031974
2500,6100,STRIP,0,0.0,0.0,0.0,0,0.0031179500510916
2500,6000,STRIP,0,0.0,0.0,0.0,0,0.003670456004329
2500,6200,R20,0,0.0,0.0,0.0,0,0.0001505799591541
2500,6200,STRIP,0,0.0,0.0,0.0,0,0.0044053620658814
2500,3100,R20,5,127.11726402997056,125.90625,-11037894.260169432,61,2.1614424400031567
2500,3100,STRIP,5,205.71679305353385,205.78125,-14262757.099887157,47,1.8103386639850212
2500,5400,R20,1,187.2638632983664,187.09375,-47704.18177607291,41,0.9688230790197848
2500,3500,R20,1,255.78969746961104,255.75,-4190141.1568716,47,1.458507735049352
2500,6500,STRIP,0,0.0,0.0,0.0,0,0.0044636439997702
2600,500,R20,0,0.0,0.0,0.0,0,0.0001707689370959
2600,500,STRIP,0,0.0,0.0,0.0,0,0.0040292480261996
2600,600,R20,0,0.0,0.0,0.0,0,0.0001701320288702
2600,600,STRIP,0,0.0,0.0,0.0,0,0.003790442016907
2600,700,R20,0,0.0,0.0,0.0,0,0.0001654429361224
2600,700,STRIP,0,0.0,0.0,0.0,0,0.0036814729683101
2600,800,R20,0,0.0,0.0,0.0,0,0.0001512039452791
2600,800,STRIP,0,0.0,0.0,0.0,0,0.0035856420872732
2600,900,R20,0,0.0,0.0,0.0,0,0.0001542409881949
2600,900,STRIP,0,0.0,0.0,0.0,0,0.0035155740333721
2600,1000,R20,0,0.0,0.0,0.0,0,0.0001500670332461
2600,1000,STRIP,0,0.0,0.0,0.0,0,0.0035693409154191
2500,3000,STRIP,8,359.38933079110654,355.25,-23408198.19191055,83,3.0518983430229127
2500,3600,R20,1,596.0291389918899,596.015625,-13208645.12085528,66,1.5902388540562242
2600,1200,R20,0,0.0,0.0,0.0,0,0.0001994739286601
2600,1200,STRIP,0,0.0,0.0,0.0,0,0.00438757694792
2600,1300,R20,0,0.0,0.0,0.0,0,0.0001573549816384
2600,1300,STRIP,0,0.0,0.0,0.0,0,0.0033675839658826
2600,1400,R20,0,0.0,0.0,0.0,0,0.0001454710727557
2600,1400,STRIP,0,0.0,0.0,0.0,0,0.0028913810383528
2600,1500,R20,0,0.0,0.0,0.0,0,0.000138200004585
2600,1500,STRIP,0,0.0,0.0,0.0,0,0.0027985479682683
2600,1600,R20,0,0.0,0.0,0.0,0,0.0001387000083923
2600,1600,STRIP,0,0.0,0.0,0.0,0,0.0026598609983921
2600,1700,R20,0,0.0,0.0,0.0,0,0.0001345829805359
2600,1700,STRIP,0,0.0,0.0,0.0,0,0.0025408139917999
2600,1800,R20,0,0.0,0.0,0.0,0,0.0001241869758814
2500,3600,STRIP,1,596.0291389918899,596.015625,-13208645.12085528,66,1.5814514619996771
2600,1800,STRIP,0,0.0,0.0,0.0,0,0.0027295879554003
2600,1900,STRIP,0,0.0,0.0,0.0,0,0.0031032670522108
2600,2000,R20,0,0.0,0.0,0.0,0,0.0001680220011621
2600,2000,STRIP,0,0.0,0.0,0.0,0,0.0034779199631884
2600,2100,R20,0,0.0,0.0,0.0,0,0.000168815953657
2600,2100,STRIP,0,0.0,0.0,0.0,0,0.0035183529835194
2600,2200,R20,0,0.0,0.0,0.0,0,0.0001516389893367
2600,2200,STRIP,0,0.0,0.0,0.0,0,0.0037177209742367
2600,2300,R20,0,0.0,0.0,0.0,0,0.0001504860119894
2600,2300,STRIP,0,0.0,0.0,0.0,0,0.0037916660076007
2600,2400,R20,0,0.0,0.0,0.0,0,0.0001565549755468
2600,2400,STRIP,0,0.0,0.0,0.0,0,0.0037091029807925
2600,2500,R20,0,0.0,0.0,0.0,0,0.0001677389955148
2600,2500,STRIP,0,0.0,0.0,0.0,0,0.0037528669927269
2600,2600,R20,0,0.0,0.0,0.0,0,0.0001587609294801
2600,2600,STRIP,0,0.0,0.0,0.0,0,0.0036855000071227
2600,2700,R20,0,0.0,0.0,0.0,0,0.000185027020052
2600,2700,STRIP,0,0.0,0.0,0.0,0,0.0037935320287942
2500,6400,R20,1,81.35717418211654,81.375,-15758.86376436226,41,1.3051633069990205
2500,6300,STRIP,4,559.8802206892294,559.84375,-39222.27363377728,72,1.6228048170451077
2600,1100,R20,1,324.6108976402596,324.640625,-11217687.055525068,52,0.9295795919606462
2500,6300,R20,2,278.8696514534164,278.953125,-22272.455450881786,64,1.7049630800029263
2600,1900,R20,1,21.142022385857818,21.15625,-788729.2265288532,25,0.6341103470185772
2500,6400,STRIP,1,81.35717418211654,81.375,-15758.86376436226,41,1.3123121099779382
2600,1100,STRIP,1,324.6108976402596,324.640625,-11217687.055525068,52,0.9530266639776528
2500,6500,R20,2,408.9022588317041,408.875,-41013.2130403849,66,1.620448237052187
2600,3200,R20,0,0.0,0.0,0.0,0,0.0002072500064969
2600,3200,STRIP,0,0.0,0.0,0.0,0,0.0046583840157836
2600,3300,R20,0,0.0,0.0,0.0,0,0.0001867769751697
2600,3300,STRIP,0,0.0,0.0,0.0,0,0.0042510189814493
2600,3400,R20,0,0.0,0.0,0.0,0,0.0001620049588382
2600,3400,STRIP,0,0.0,0.0,0.0,0,0.0040357650723308
2600,3500,R20,0,0.0,0.0,0.0,0,0.0001620299881324
2600,3500,STRIP,0,0.0,0.0,0.0,0,0.0038499019574373
2600,2800,R20,1,31.00374720440736,30.90625,-2528003.7037448823,35,1.4836976210353896
2600,3600,STRIP,0,0.0,0.0,0.0,0,0.0039518879493698
2600,3700,R20,0,0.0,0.0,0.0,0,0.0001699919812381
2600,3700,STRIP,0,0.0,0.0,0.0,0,0.0025567630073055
2600,3800,R20,0,0.0,0.0,0.0,0,0.0001271090004593
2600,3800,STRIP,0,0.0,0.0,0.0,0,0.0022909729741513
2600,3900,R20,0,0.0,0.0,0.0,0,0.0001085179392248
2600,3900,STRIP,0,0.0,0.0,0.0,0,0.0023873830214142
2600,4000,R20,0,0.0,0.0,0.0,0,9.323097765445708e-05
2600,4000,STRIP,0,0.0,0.0,0.0,0,0.002323591033928
2600,2800,STRIP,2,41.11899594410107,41.046875,-2972912.692467658,35,1.4750853979494425
2600,4100,R20,1,132.0937532984823,132.09375,-488988.987629444,41,0.6524824650259688
2600,4200,R20,0,0.0,0.0,0.0,0,0.0001712869852781
2600,4200,STRIP,0,0.0,0.0,0.0,0,0.004016728955321
2600,4300,R20,0,0.0,0.0,0.0,0,0.0001440260093659
2600,4300,STRIP,0,0.0,0.0,0.0,0,0.002845435985364
2600,4400,R20,0,0.0,0.0,0.0,0,0.00013451394625
2600,4400,STRIP,0,0.0,0.0,0.0,0,0.0023231339873746
2600,4500,R20,0,0.0,0.0,0.0,0,0.0001110290177166
2600,4500,STRIP,0,0.0,0.0,0.0,0,0.002227235934697
2600,4600,R20,0,0.0,0.0,0.0,0,0.0001013110158964
2600,4600,STRIP,0,0.0,0.0,0.0,0,0.0021475569810718
2600,3600,R20,1,21.24605033798734,21.234375,-505753.5879511092,30,1.0227027299115434
2600,4100,STRIP,1,132.0937532984823,132.09375,-488988.987629444,41,0.6545792579418048
2600,3100,R20,3,159.92524448131172,156.578125,-2453169.228781148,54,1.9167226300342008
2600,3100,STRIP,9,297.87559252942066,293.53125,-12088748.126014696,57,1.8931911039398983
2600,4900,R20,0,0.0,0.0,0.0,0,0.0001931419828906
2600,2900,STRIP,6,186.60470890791427,186.640625,-11616208.112831865,61,2.2256498869974166
2600,2900,R20,5,164.73323823385124,162.75,-9711684.522235844,60,2.2693483609473333
2600,5000,STRIP,0,0.0,0.0,0.0,0,0.0052214050665497
2600,4700,R20,1,268.5448972451289,268.546875,-198011.8629473734,48,1.0363077599322423
2600,4800,R20,1,271.3234458287756,271.34375,-174520.1829507399,48,0.7341684279963374
2600,5200,R20,0,0.0,0.0,0.0,0,0.0001995310885831
2600,5200,STRIP,0,0.0,0.0,0.0,0,0.0047205929877236
2600,5300,R20,0,0.0,0.0,0.0,0,0.0001856159651651
2600,5300,STRIP,0,0.0,0.0,0.0,0,0.0045249080285429
2600,5400,R20,0,0.0,0.0,0.0,0,0.0001662650611251
2600,5400,STRIP,0,0.0,0.0,0.0,0,0.004383634077385
2600,5500,R20,0,0.0,0.0,0.0,0,0.0001592669868841
2600,5500,STRIP,0,0.0,0.0,0.0,0,0.0042978679994121
2600,5600,R20,0,0.0,0.0,0.0,0,0.0001634709769859
2600,5600,STRIP,0,0.0,0.0,0.0,0,0.0042551290243864
2600,5700,R20,0,0.0,0.0,0.0,0,0.0001500539947301
2600,5700,STRIP,0,0.0,0.0,0.0,0,0.0042019699467346
2600,5800,R20,0,0.0,0.0,0.0,0,0.0001519459765404
2600,5800,STRIP,0,0.0,0.0,0.0,0,0.0041390989208593
2600,5900,R20,0,0.0,0.0,0.0,0,0.0001516230404376
2600,5900,STRIP,0,0.0,0.0,0.0,0,0.0040975919691845
2600,6000,R20,0,0.0,0.0,0.0,0,0.0001526860287413
2600,6000,STRIP,0,0.0,0.0,0.0,0,0.0040595399914309
2600,6100,R20,0,0.0,0.0,0.0,0,0.0001627550227567
2600,6100,STRIP,0,0.0,0.0,0.0,0,0.0040755909867584
2600,6200,R20,0,0.0,0.0,0.0,0,0.0001575229689478
2600,6200,STRIP,0,0.0,0.0,0.0,0,0.0040293870260939
2600,4700,STRIP,1,13.329466516263466,13.328125,-13563.645528427778,35,1.156712127965875
2600,3000,STRIP,3,181.28706728398896,181.328125,-5955952.544752868,75,2.7890661439159885
2600,4800,STRIP,1,271.3234458287756,271.34375,-174520.1829507399,48,0.7425119110848755
2600,3000,R20,4,273.02269064147976,273.046875,-14490402.646305982,83,2.8884236429585144
2600,4900,STRIP,1,271.3234458287756,271.34375,-174520.1829507399,48,0.7542873760685325
2600,6500,STRIP,0,0.0,0.0,0.0,0,0.0050388579256832
2600,6600,R20,0,0.0,0.0,0.0,0,0.0001819250173866
2600,6600,STRIP,0,0.0,0.0,0.0,0,0.0049154560547322
2600,6700,R20,0,0.0,0.0,0.0,0,0.0001857919851318
2600,6700,STRIP,0,0.0,0.0,0.0,0,0.0048646059585735
2600,6800,R20,0,0.0,0.0,0.0,0,0.0001984570408239
2600,6800,STRIP,0,0.0,0.0,0.0,0,0.0048051360063254
2700,800,R20,0,0.0,0.0,0.0,0,0.000179880997166
2700,800,STRIP,0,0.0,0.0,0.0,0,0.0047744620824232
2700,900,R20,0,0.0,0.0,0.0,0,0.0001793659757822
2700,900,STRIP,0,0.0,0.0,0.0,0,0.00469073606655
2700,1000,R20,0,0.0,0.0,0.0,0,0.0001808289671316
2700,1000,STRIP,0,0.0,0.0,0.0,0,0.0047290539368987
2700,1100,R20,0,0.0,0.0,0.0,0,0.0001822949852794
2600,5000,R20,2,50.79246047652323,50.765625,-14886.716234698788,54,1.1398608289891854
2600,5100,R20,1,66.10347845666092,66.125,-30475.22230899065,36,1.2576867010211572
2600,5100,STRIP,1,66.10347845666092,66.125,-30475.22230899065,36,1.265038023935631
2700,1300,R20,0,0.0,0.0,0.0,0,0.0001799929887056
2700,1300,STRIP,0,0.0,0.0,0.0,0,0.0042250470723956
2600,6500,R20,1,83.40257170917914,83.390625,-8995.78566688718,36,1.169075965997763
2600,6300,R20,1,99.86663468758076,99.84375,-1396.375174413769,41,1.3155358179938048
2700,1500,R20,0,0.0,0.0,0.0,0,0.0001805870560929
2700,1500,STRIP,0,0.0,0.0,0.0,0,0.0044256229884922
2700,1600,R20,0,0.0,0.0,0.0,0,0.0001652989303693
2700,1600,STRIP,0,0.0,0.0,0.0,0,0.0036899279803037
2700,1700,R20,0,0.0,0.0,0.0,0,0.0001548619475215
2700,1700,STRIP,0,0.0,0.0,0.0,0,0.0032069480512291
2700,1800,R20,0,0.0,0.0,0.0,0,0.0001405860530212
2700,1800,STRIP,0,0.0,0.0,0.0,0,0.002853141981177
2700,1900,R20,0,0.0,0.0,0.0,0,0.0001367450458928
2700,1900,STRIP,0,0.0,0.0,0.0,0,0.0027426399756222
2700,1100,STRIP,1,254.1716426781393,254.09375,-15237614.322054729,48,1.22972198901698
2700,2000,STRIP,0,0.0,0.0,0.0,0,0.0045209589879959
2700,2100,R20,0,0.0,0.0,0.0,0,0.0001774209085851
2700,2100,STRIP,0,0.0,0.0,0.0,0,0.0039054380031302
2700,2200,R20,0,0.0,0.0,0.0,0,0.0001705000177025
2700,2200,STRIP,0,0.0,0.0,0.0,0,0.0035681680310517
2700,2300,R20,0,0.0,0.0,0.0,0,0.0001574280904605
2700,2300,STRIP,0,0.0,0.0,0.0,0,0.003336613997817
2700,2400,R20,0,0.0,0.0,0.0,0,0.0001557210925966
2700,2400,STRIP,0,0.0,0.0,0.0,0,0.0031954889418557
2700,2500,R20,0,0.0,0.0,0.0,0,0.0001531629823148
2700,2500,STRIP,0,0.0,0.0,0.0,0,0.0034807689953595
2600,6300,STRIP,1,749.0570124453582,749.078125,-65807.17321448104,73,1.4847873999970034
2700,2600,STRIP,0,0.0,0.0,0.0,0,0.004593885038048
2700,2700,R20,0,0.0,0.0,0.0,0,0.0001743170432746
2700,2700,STRIP,0,0.0,0.0,0.0,0,0.0040885200724005
2700,2800,R20,0,0.0,0.0,0.0,0,0.0001813819399103
2700,2800,STRIP,0,0.0,0.0,0.0,0,0.0039042870048433
2600,6400,R20,1,749.0570124453582,749.078125,-65807.17321448104,73,1.4852128670318052
2700,2900,STRIP,0,0.0,0.0,0.0,0,0.0046846739714965
2600,6400,STRIP,1,749.0570124453582,749.078125,-65807.17321448104,73,1.476565518998541
2700,2000,R20,1,95.76186472004844,95.78125,-2748507.520746401,40,0.7823468900751323
2700,1200,R20,1,1833.862629002167,1833.890625,-976379712.7083097,103,1.6849851839942858
2700,2600,R20,1,17.042618735655005,17.0625,-788059.9268515387,36,0.9098361720098184
2700,3200,R20,0,0.0,0.0,0.0,0,0.0001779240556061
2700,3200,STRIP,0,0.0,0.0,0.0,0,0.0042616639984771
2700,1200,STRIP,1,1833.862629002167,1833.890625,-976379712.7083097,103,1.7028329280437902
2700,1400,R20,1,145.5577389828868,145.546875,-6202839.806839881,45,1.47107857093215
2700,1400,STRIP,2,308.26227194029207,308.1875,-21602926.63874423,54,1.5462446929886935
2700,3400,STRIP,0,0.0,0.0,0.0,0,0.0045292349532246
2700,3500,R20,0,0.0,0.0,0.0,0,0.000184601987712
2700,3500,STRIP,0,0.0,0.0,0.0,0,0.0037867610808461
2700,3600,R20,0,0.0,0.0,0.0,0,0.0001677030231803
2700,3600,STRIP,0,0.0,0.0,0.0,0,0.0036059060366824
2700,3700,R20,0,0.0,0.0,0.0,0,0.0001697059487923
2700,3700,STRIP,0,0.0,0.0,0.0,0,0.0036182788899168
2700,3800,R20,0,0.0,0.0,0.0,0,0.0001584009733051
2700,3800,STRIP,0,0.0,0.0,0.0,0,0.0035666010808199
2700,3900,R20,0,0.0,0.0,0.0,0,0.0001544370315968
2700,3900,STRIP,0,0.0,0.0,0.0,0,0.0034792990190908
2700,4000,R20,0,0.0,0.0,0.0,0,0.0001630600308999
2700,4000,STRIP,0,0.0,0.0,0.0,0,0.003416170948185
2700,4100,R20,0,0.0,0.0,0.0,0,0.0001502659870311
2700,4100,STRIP,0,0.0,0.0,0.0,0,0.0033297349000349
2700,2900,R20,1,68.5275918793783,68.53125,-3612220.160727776,36,1.4735523259732872
2700,4200,STRIP,0,0.0,0.0,0.0,0,0.0043793440563604
2700,4300,R20,0,0.0,0.0,0.0,0,0.0001679990673437
2700,4300,STRIP,0,0.0,0.0,0.0,0,0.0034856180427595
2700,4400,R20,0,0.0,0.0,0.0,0,0.0001481890212744
2700,4400,STRIP,0,0.0,0.0,0.0,0,0.0028827949427068
2700,4500,R20,0,0.0,0.0,0.0,0,0.0001541319070383
2700,4500,STRIP,0,0.0,0.0,0.0,0,0.002519282978028
2700,4600,R20,0,0.0,0.0,0.0,0,0.0001309879589825
2700,4600,STRIP,0,0.0,0.0,0.0,0,0.0023005719995126
2700,4700,R20,0,0.0,0.0,0.0,0,0.0001177348894998
2700,4700,STRIP,0,0.0,0.0,0.0,0,0.0022888089297339
2700,4800,R20,0,0.0,0.0,0.0,0,0.0001107199350371
2700,4800,STRIP,0,0.0,0.0,0.0,0,0.002194364904426
2700,4900,R20,0,0.0,0.0,0.0,0,0.0001340830931439
2700,4900,STRIP,0,0.0,0.0,0.0,0,0.0024258729536086
2700,5000,R20,0,0.0,0.0,0.0,0,0.0001186260487884
2700,5000,STRIP,0,0.0,0.0,0.0,0,0.0026421670336276
2700,3000,STRIP,5,137.90787068686564,137.921875,-5563974.944981277,47,1.7492386909434572
2700,5100,STRIP,0,0.0,0.0,0.0,0,0.0039404479321092
2700,5200,R20,0,0.0,0.0,0.0,0,0.0001605250872671
2700,5200,STRIP,0,0.0,0.0,0.0,0,0.0026506489375606
2700,5300,R20,0,0.0,0.0,0.0,0,0.0001342210453003
2700,5300,STRIP,0,0.0,0.0,0.0,0,0.0023250369122251
2700,5400,R20,0,0.0,0.0,0.0,0,0.0001237129326909
2700,5400,STRIP,0,0.0,0.0,0.0,0,0.00256256503053
2700,5500,R20,0,0.0,0.0,0.0,0,0.0001266649924218
2700,5500,STRIP,0,0.0,0.0,0.0,0,0.0025748680345714
2700,5600,R20,0,0.0,0.0,0.0,0,0.0001247460022568
2700,5600,STRIP,0,0.0,0.0,0.0,0,0.0025733140064403
2700,3000,R20,4,108.37664282774188,108.09375,-3079990.6951400023,59,1.9792327460600063
2700,4200,R20,1,59.87308077127939,59.78125,-229288.16045742488,30,0.6463891479652375
2700,3300,STRIP,1,19.986449195413677,19.96875,-119732.0621727254,30,1.1601413630414754
2700,3100,STRIP,4,94.2342516374232,94.0625,-2110903.4687175318,42,1.344274871982634
2700,5900,R20,0,0.0,0.0,0.0,0,0.0001894980669021
2700,3100,R20,3,212.63448810934864,212.1875,-4844145.961202426,48,1.4827544100116938
2700,6000,R20,0,0.0,0.0,0.0,0,0.0001890629064291
2700,5900,STRIP,0,0.0,0.0,0.0,0,0.0046890729572623
2700,6100,R20,0,0.0,0.0,0.0,0,0.0001311409287154
2700,6000,STRIP,0,0.0,0.0,0.0,0,0.0036863259738311
2700,6200,R20,0,0.0,0.0,0.0,0,0.0001371150137856
2700,6100,STRIP,0,0.0,0.0,0.0,0,0.0031867270590737
2700,6300,R20,0,0.0,0.0,0.0,0,0.0001233710208907
2700,6200,STRIP,0,0.0,0.0,0.0,0,0.0028414279222488
2700,6300,STRIP,0,0.0,0.0,0.0,0,0.0026572250062599
2700,6400,R20,0,0.0,0.0,0.0,0,0.0001362240873277
2700,6500,R20,0,0.0,0.0,0.0,0,4.201103001832962e-05
2700,6400,STRIP,0,0.0,0.0,0.0,0,0.0026162210851907
2700,6500,STRIP,0,0.0,0.0,0.0,0,0.0025803900789469
2700,6600,R20,0,0.0,0.0,0.0,0,0.0001330929808318
2700,6700,R20,0,0.0,0.0,0.0,0,4.401593469083309e-05
2700,6600,STRIP,0,0.0,0.0,0.0,0,0.0027076610131189
2700,6700,STRIP,0,0.0,0.0,0.0,0,0.0027223139768466
2700,6800,R20,0,0.0,0.0,0.0,0,0.0001283580204471
2700,6900,R20,0,0.0,0.0,0.0,0,4.298402927815914e-05
2700,6800,STRIP,0,0.0,0.0,0.0,0,0.0028334170347079
2700,6900,STRIP,0,0.0,0.0,0.0,0,0.0027698879130184
2700,7000,R20,0,0.0,0.0,0.0,0,0.0001431109849363
2700,7100,R20,0,0.0,0.0,0.0,0,4.52080275863409e-05
2700,7000,STRIP,0,0.0,0.0,0.0,0,0.0025106349494308
2700,7100,STRIP,0,0.0,0.0,0.0,0,0.0023793230066075
2800,1000,STRIP,0,0.0,0.0,0.0,0,0.0025659699458628
2700,3400,R20,2,151.8239060689504,151.859375,-1486652.2006728202,62,1.1947581899585202
2700,3300,R20,2,120.42800659192535,120.390625,-945764.3049317462,51,1.5926289599156007
2800,1200,R20,0,0.0,0.0,0.0,0,0.0001813540002331
2700,5100,R20,1,47.18562388761779,47.171875,-20062.93993139852,35,1.2689444849966094
2800,1300,R20,0,0.0,0.0,0.0,0,0.0001871850108727
2800,1300,STRIP,0,0.0,0.0,0.0,0,0.0043639139039441
2700,5700,R20,1,241.9464289083176,241.96875,-60502.3597644479,53,1.381350263953209
2700,5800,R20,1,507.9663266786078,507.96875,-101255.96062024705,60,1.1897292389767244
2800,1500,R20,0,0.0,0.0,0.0,0,0.0001829790417104
2800,1500,STRIP,0,0.0,0.0,0.0,0,0.003957616048865
2800,1600,R20,0,0.0,0.0,0.0,0,0.0001565440325066
2800,1600,STRIP,0,0.0,0.0,0.0,0,0.0033066830364987
2800,1700,R20,0,0.0,0.0,0.0,0,0.0001544340047985
2800,1700,STRIP,0,0.0,0.0,0.0,0,0.0032588390167802
2800,1800,R20,0,0.0,0.0,0.0,0,0.0001602970296517
2700,5800,STRIP,1,507.9663266786078,507.96875,-101255.96062024705,60,1.2086231970461083
2800,1900,R20,0,0.0,0.0,0.0,0,0.0001847319072112
2800,1900,STRIP,0,0.0,0.0,0.0,0,0.0048899380490183
2800,1000,R20,1,254.1716426781393,254.09375,-15237614.322054729,48,1.2054944039555266
2700,5700,STRIP,1,241.9464289083176,241.96875,-60502.3597644479,53,1.410268352017738
2800,2100,R20,0,0.0,0.0,0.0,0,0.0001944750547409
2800,2100,STRIP,0,0.0,0.0,0.0,0,0.0047648260369896
2800,2200,R20,0,0.0,0.0,0.0,0,0.0001789580564945
2800,2200,STRIP,0,0.0,0.0,0.0,0,0.0045007459120824
2800,2300,R20,0,0.0,0.0,0.0,0,0.0001713330857455
2800,2300,STRIP,0,0.0,0.0,0.0,0,0.0044409850379452
2800,2400,R20,0,0.0,0.0,0.0,0,0.0001619460526853
2800,2400,STRIP,0,0.0,0.0,0.0,0,0.0044298720313236
2800,1200,STRIP,2,4299.020805550263,4299.109375,-3801966003.174392,179,1.6422738489927724
2800,2500,STRIP,0,0.0,0.0,0.0,0,0.0039353240281343
2800,2600,R20,0,0.0,0.0,0.0,0,0.0001535760238766
2800,2600,STRIP,0,0.0,0.0,0.0,0,0.0025312029756605
2800,2700,R20,0,0.0,0.0,0.0,0,0.0001119170337915
2800,2700,STRIP,0,0.0,0.0,0.0,0,0.0022491989657282
2800,2800,R20,0,0.0,0.0,0.0,0,9.437801782041788e-05
2800,2800,STRIP,0,0.0,0.0,0.0,0,0.0023790239356458
2800,2900,R20,0,0.0,0.0,0.0,0,9.775103535503148e-05
2800,2900,STRIP,0,0.0,0.0,0.0,0,0.0023629600182175
2800,3000,R20,0,0.0,0.0,0.0,0,9.390106424689292e-05
2800,3000,STRIP,0,0.0,0.0,0.0,0,0.0023094819625839
2800,3100,R20,0,0.0,0.0,0.0,0,9.092595428228378e-05
2800,3100,STRIP,0,0.0,0.0,0.0,0,0.0022462659981101
2800,2500,R20,1,33.01266067982579,33.03125,-1359075.76385132,35,0.6799643679987639
2800,3200,STRIP,0,0.0,0.0,0.0,0,0.0026516428915783
2800,1100,R20,1,2465.158176548096,2465.21875,-2254539763.805878,120,2.030685667064972
2800,1800,STRIP,1,4918.569889327125,4918.53125,-1366718119.8169374,198,1.0450461559230462
2800,2000,R20,1,630.2824923061016,630.328125,-28262399.654898506,60,1.045315859024413
2800,1400,R20,1,199.54221603255075,199.546875,-4980446.55970848,52,1.561056611011736
2800,3500,R20,0,0.0,0.0,0.0,0,0.0001972380559891
2800,2000,STRIP,1,630.2824923061016,630.328125,-28262399.654898506,60,1.026429482968524
2800,3600,R20,0,0.0,0.0,0.0,0,0.0001947359414771
2800,3500,STRIP,0,0.0,0.0,0.0,0,0.0050566020654514
2800,3700,R20,0,0.0,0.0,0.0,0,0.0001819640165194
2800,3600,STRIP,0,0.0,0.0,0.0,0,0.0048145720502361
2800,3800,R20,0,0.0,0.0,0.0,0,0.0001788670197129
2800,3700,STRIP,0,0.0,0.0,0.0,0,0.0045661949552595
2800,3900,R20,0,0.0,0.0,0.0,0,0.0001488970592617
2800,3800,STRIP,0,0.0,0.0,0.0,0,0.0043543610954657
2800,4000,R20,0,0.0,0.0,0.0,0,0.0001863749930635
2800,3900,STRIP,0,0.0,0.0,0.0,0,0.0042982070008292
2800,4100,R20,0,0.0,0.0,0.0,0,0.0001446639653295
2800,1100,STRIP,1,2465.158176548096,2465.21875,-2254539763.805878,120,2.059453484020196
2800,4200,R20,0,0.0,0.0,0.0,0,0.0002205449854955
2800,4000,STRIP,0,0.0,0.0,0.0,0,0.0040595540776848
2800,4300,R20,0,0.0,0.0,0.0,0,0.0001374270068481
2800,4100,STRIP,0,0.0,0.0,0.0,0,0.004113842966035
2800,4400,R20,0,0.0,0.0,0.0,0,0.0001488180132582
2800,4300,STRIP,0,0.0,0.0,0.0,0,0.003964225994423
2800,4200,STRIP,0,0.0,0.0,0.0,0,0.0042671470437198
2800,4500,R20,0,0.0,0.0,0.0,0,0.0001590660540387
2800,4600,R20,0,0.0,0.0,0.0,0,4.2165047489106655e-05
2800,4400,STRIP,0,0.0,0.0,0.0,0,0.0033979930449277
2800,4700,R20,0,0.0,0.0,0.0,0,0.0001309629296883
2800,4600,STRIP,0,0.0,0.0,0.0,0,0.0033076930558308
2800,4500,STRIP,0,0.0,0.0,0.0,0,0.0034363309387117
2800,4800,R20,0,0.0,0.0,0.0,0,0.0001557420473545
2800,4700,STRIP,0,0.0,0.0,0.0,0,0.0028888670494779
2800,4900,R20,0,0.0,0.0,0.0,0,4.1335937567055225e-05
2800,5000,R20,0,0.0,0.0,0.0,0,3.888399805873632e-05
2800,4900,STRIP,0,0.0,0.0,0.0,0,0.0032397250179201
2800,4800,STRIP,0,0.0,0.0,0.0,0,0.0034689720487222
2800,5000,STRIP,0,0.0,0.0,0.0,0,0.0031792119843885
2800,5100,R20,0,0.0,0.0,0.0,0,0.0001620190450921
2800,5200,R20,0,0.0,0.0,0.0,0,0.0001490309368818
2800,5300,R20,0,0.0,0.0,0.0,0,4.384398926049471e-05
2800,5100,STRIP,0,0.0,0.0,0.0,0,0.003195809898898
2800,5300,STRIP,0,0.0,0.0,0.0,0,0.0029496279312297
2800,5200,STRIP,0,0.0,0.0,0.0,0,0.0030498640844598
2800,5400,R20,0,0.0,0.0,0.0,0,0.0001832279376685
2800,5500,R20,0,0.0,0.0,0.0,0,0.0001564939739182
2800,5400,STRIP,0,0.0,0.0,0.0,0,0.0033997149439528
2800,5500,STRIP,0,0.0,0.0,0.0,0,0.0032392520224675
2800,1400,STRIP,4,586.4870918395222,586.484375,-22785061.297600675,81,1.4816829100018367
2800,3200,R20,1,27.676218172358425,27.5625,-278084.2936776429,30,0.7404649860691279
2800,3300,R20,1,189.36537150848483,189.359375,-2520810.992921441,47,1.4379076840123162
2800,5600,STRIP,1,246.81699959827355,246.796875,-12332.272367689558,48,1.2858849649783224
2800,5900,R20,0,0.0,0.0,0.0,0,0.0001799779711291
2800,5600,R20,1,246.81699959827355,246.796875,-12332.272367689558,48,1.2902872109552843
2800,6000,R20,0,0.0,0.0,0.0,0,0.0001374200219288
2800,5900,STRIP,0,0.0,0.0,0.0,0,0.0038415010785683
2800,6100,R20,0,0.0,0.0,0.0,0,0.0001136919017881
2800,6000,STRIP,0,0.0,0.0,0.0,0,0.0032961990218609
2800,6200,R20,0,0.0,0.0,0.0,0,0.0001062259543687
2800,6100,STRIP,0,0.0,0.0,0.0,0,0.0025096150347962
2800,6300,R20,0,0.0,0.0,0.0,0,9.643391240388156e-05
2800,6200,STRIP,0,0.0,0.0,0.0,0,0.0023366170935332
2800,6400,R20,0,0.0,0.0,0.0,0,9.043293539434671e-05
2800,6300,STRIP,0,0.0,0.0,0.0,0,0.0022233959753066
2800,6500,R20,0,0.0,0.0,0.0,0,8.841801900416613e-05
2800,6400,STRIP,0,0.0,0.0,0.0,0,0.0021565420320257
2800,6600,R20,0,0.0,0.0,0.0,0,8.520903065800667e-05
2800,6500,STRIP,0,0.0,0.0,0.0,0,0.0022431800607591
2800,6700,R20,0,0.0,0.0,0.0,0,8.433498442173004e-05
2800,6600,STRIP,0,0.0,0.0,0.0,0,0.0022196909412741
2800,6800,R20,0,0.0,0.0,0.0,0,8.230097591876984e-05
2800,6700,STRIP,0,0.0,0.0,0.0,0,0.0022455949801951
2800,6900,R20,0,0.0,0.0,0.0,0,7.981294766068459e-05
2800,6800,STRIP,0,0.0,0.0,0.0,0,0.0021677720360457
2800,7000,R20,0,0.0,0.0,0.0,0,9.201397188007832e-05
2800,6900,STRIP,0,0.0,0.0,0.0,0,0.0022414680570364
2800,7100,R20,0,0.0,0.0,0.0,0,8.882500696927309e-05
2800,7000,STRIP,0,0.0,0.0,0.0,0,0.0021517589921131
2800,7200,R20,0,0.0,0.0,0.0,0,9.055400732904673e-05
2800,7100,STRIP,0,0.0,0.0,0.0,0,0.0024035170208662
2800,7200,STRIP,0,0.0,0.0,0.0,0,0.0023715210845693
2800,7300,R20,0,0.0,0.0,0.0,0,9.889097418636084e-05
2900,1300,R20,0,0.0,0.0,0.0,0,4.639592953026295e-05
2800,7300,STRIP,0,0.0,0.0,0.0,0,0.0025177570059895
2900,1300,STRIP,0,0.0,0.0,0.0,0,0.0025193080073222
2900,1400,R20,0,0.0,0.0,0.0,0,0.0001025471137836
2900,1400,STRIP,0,0.0,0.0,0.0,0,0.002445074962452
2900,1500,STRIP,0,0.0,0.0,0.0,0,0.002429399988614
2800,3300,STRIP,2,412.315289289866,412.28125,-4550762.523217389,65,1.6185788449365646
2900,1600,STRIP,0,0.0,0.0,0.0,0,0.0045220520114526
2900,1700,R20,0,0.0,0.0,0.0,0,0.0001758360303938
2900,1700,STRIP,0,0.0,0.0,0.0,0,0.0036845039576292
2800,3400,STRIP,3,910.1535997880004,910.140625,-11016965.510705251,87,1.513492139056325
2800,3400,R20,1,832.1506098378204,832.125,-10191205.237879276,68,1.7366291370708495
2900,1900,R20,0,0.0,0.0,0.0,0,0.0002001660177484
2900,1900,STRIP,0,0.0,0.0,0.0,0,0.0048880861140787
2800,5700,R20,1,568.6521590674166,562.171875,-104019.21397508935,71,1.7229006009874863
2800,5800,R20,1,256.4315213755126,256.421875,-46978.116832348256,47,1.3110167890554294
2900,2100,R20,0,0.0,0.0,0.0,0,0.0002045199507847
2900,2100,STRIP,0,0.0,0.0,0.0,0,0.0048511899076402
2900,2200,R20,0,0.0,0.0,0.0,0,0.0001847129315137
2900,2200,STRIP,0,0.0,0.0,0.0,0,0.0044931999873369
2900,2300,R20,0,0.0,0.0,0.0,0,0.0001681699650362
2900,2300,STRIP,0,0.0,0.0,0.0,0,0.0043618390336632
2900,2400,R20,0,0.0,0.0,0.0,0,0.0001735439291223
2900,2400,STRIP,0,0.0,0.0,0.0,0,0.0042607730720192
2900,2500,R20,0,0.0,0.0,0.0,0,0.0001620019320398
2900,2500,STRIP,0,0.0,0.0,0.0,0,0.0041922449599951
2800,5700,STRIP,3,900.407557346429,893.921875,-188590.77347221583,100,1.875850109034218
2900,2600,STRIP,0,0.0,0.0,0.0,0,0.0044615740189328
2900,2700,R20,0,0.0,0.0,0.0,0,0.0001760040177032
2900,2700,STRIP,0,0.0,0.0,0.0,0,0.0038463299861177
2900,2800,R20,0,0.0,0.0,0.0,0,0.000166437937878
2900,2800,STRIP,0,0.0,0.0,0.0,0,0.0035617999965325
2900,1800,R20,1,4918.569889327125,4918.53125,-1366718119.8169374,198,1.0356241799890995
2900,2900,STRIP,0,0.0,0.0,0.0,0,0.0044119179947301
2800,5800,STRIP,1,256.4315213755126,256.421875,-46978.116832348256,47,1.318293969030492
2900,1800,STRIP,1,4918.569889327125,4918.53125,-1366718119.8169374,198,1.0613828740315512
2900,3100,R20,0,0.0,0.0,0.0,0,0.0001800520112738
2900,3100,STRIP,0,0.0,0.0,0.0,0,0.0044189830077812
2900,3200,R20,0,0.0,0.0,0.0,0,0.000148365041241
2900,3200,STRIP,0,0.0,0.0,0.0,0,0.0033810850000008
2900,3300,R20,0,0.0,0.0,0.0,0,0.0001361940521746
2900,3300,STRIP,0,0.0,0.0,0.0,0,0.0027661120984703
2900,3400,R20,0,0.0,0.0,0.0,0,0.0001241139834746
2900,3400,STRIP,0,0.0,0.0,0.0,0,0.0025125880492851
2900,3500,R20,0,0.0,0.0,0.0,0,0.0001064400421455
2900,1500,R20,1,27.84776811288265,27.828125,-2076103.9016278812,35,1.2269005260895938
2900,3600,R20,0,0.0,0.0,0.0,0,0.0001457900507375
2900,3500,STRIP,0,0.0,0.0,0.0,0,0.0023945349967107
2900,3700,R20,0,0.0,0.0,0.0,0,9.095598943531512e-05
2900,3600,STRIP,0,0.0,0.0,0.0,0,0.0025260159745812
2900,3800,R20,0,0.0,0.0,0.0,0,0.000114150927402
2900,3700,STRIP,0,0.0,0.0,0.0,0,0.0023699880111962
2900,3900,R20,0,0.0,0.0,0.0,0,9.175203740596773e-05
2900,3800,STRIP,0,0.0,0.0,0.0,0,0.00233233300969
2900,4000,R20,0,0.0,0.0,0.0,0,9.7110983915627e-05
2900,3900,STRIP,0,0.0,0.0,0.0,0,0.0024634919827803
2900,4100,R20,0,0.0,0.0,0.0,0,8.946703746914864e-05
2900,4000,STRIP,0,0.0,0.0,0.0,0,0.0022705009905621
2900,4200,R20,0,0.0,0.0,0.0,0,8.948601316660643e-05
2900,4100,STRIP,0,0.0,0.0,0.0,0,0.0023806560784578
2900,4300,R20,0,0.0,0.0,0.0,0,8.709600660949945e-05
2900,4200,STRIP,0,0.0,0.0,0.0,0,0.0022834939882159
2900,4400,R20,0,0.0,0.0,0.0,0,8.865399286150932e-05
2900,4300,STRIP,0,0.0,0.0,0.0,0,0.0023705579806119
2900,4500,R20,0,0.0,0.0,0.0,0,8.490204345434904e-05
2900,4400,STRIP,0,0.0,0.0,0.0,0,0.0022351699881255
2900,4600,R20,0,0.0,0.0,0.0,0,8.32240330055356e-05
2900,4500,STRIP,0,0.0,0.0,0.0,0,0.002371240989305
2900,4700,R20,0,0.0,0.0,0.0,0,8.755200542509556e-05
2900,4600,STRIP,0,0.0,0.0,0.0,0,0.00223440292757
2900,4800,R20,0,0.0,0.0,0.0,0,8.91250092536211e-05
2900,4700,STRIP,0,0.0,0.0,0.0,0,0.0023388450499624
2900,4900,R20,0,0.0,0.0,0.0,0,8.888007141649723e-05
2900,4800,STRIP,0,0.0,0.0,0.0,0,0.0023093620548024
2900,5000,R20,0,0.0,0.0,0.0,0,8.529506158083677e-05
2900,4900,STRIP,0,0.0,0.0,0.0,0,0.0024272659793496
2900,5100,R20,0,0.0,0.0,0.0,0,8.945201989263296e-05
2900,5000,STRIP,0,0.0,0.0,0.0,0,0.0022957500768825
2900,5200,R20,0,0.0,0.0,0.0,0,8.949392940849066e-05
2900,5100,STRIP,0,0.0,0.0,0.0,0,0.0023453580215573
2900,5300,R20,0,0.0,0.0,0.0,0,8.836202323436737e-05
2900,5200,STRIP,0,0.0,0.0,0.0,0,0.0022678299574181
2900,5400,R20,0,0.0,0.0,0.0,0,8.280901238322258e-05
2900,5300,STRIP,0,0.0,0.0,0.0,0,0.002368257031776
2900,5500,R20,0,0.0,0.0,0.0,0,8.823501411825418e-05
2900,5400,STRIP,0,0.0,0.0,0.0,0,0.0022428450174629
2900,5600,R20,0,0.0,0.0,0.0,0,7.938896305859089e-05
2900,5500,STRIP,0,0.0,0.0,0.0,0,0.0024227539543062
2900,5700,R20,0,0.0,0.0,0.0,0,8.562894072383642e-05
2900,5600,STRIP,0,0.0,0.0,0.0,0,0.0021644979715347
2900,5800,R20,0,0.0,0.0,0.0,0,8.68040369823575e-05
2900,5700,STRIP,0,0.0,0.0,0.0,0,0.0024312529712915
2900,5900,R20,0,0.0,0.0,0.0,0,9.864300955086946e-05
2900,5800,STRIP,0,0.0,0.0,0.0,0,0.0022087600082159
2900,6000,R20,0,0.0,0.0,0.0,0,8.608691859990358e-05
2900,5900,STRIP,0,0.0,0.0,0.0,0,0.0025021340698003
2900,6000,STRIP,0,0.0,0.0,0.0,0,0.0022240269463509
2900,6100,R20,0,0.0,0.0,0.0,0,0.0001005020458251
2900,6200,R20,0,0.0,0.0,0.0,0,4.189903847873211e-05
2900,6100,STRIP,0,0.0,0.0,0.0,0,0.002342710038647
2900,6300,R20,0,0.0,0.0,0.0,0,0.000113635091111
2900,6200,STRIP,0,0.0,0.0,0.0,0,0.0025154820177704
2900,6400,R20,0,0.0,0.0,0.0,0,0.0001160299871116
2900,6300,STRIP,0,0.0,0.0,0.0,0,0.0023320789914578
2900,6500,R20,0,0.0,0.0,0.0,0,0.000110684079118
2900,6400,STRIP,0,0.0,0.0,0.0,0,0.0024277410702779
2900,6600,R20,0,0.0,0.0,0.0,0,9.30109526962042e-05
2900,6500,STRIP,0,0.0,0.0,0.0,0,0.0021928090136498
2900,6700,R20,0,0.0,0.0,0.0,0,0.0001000560587272
2900,6600,STRIP,0,0.0,0.0,0.0,0,0.0023996189702302
2900,6800,R20,0,0.0,0.0,0.0,0,9.907397907227278e-05
2900,6700,STRIP,0,0.0,0.0,0.0,0,0.0025550520513206
2900,6900,R20,0,0.0,0.0,0.0,0,0.0001018670154735
2900,6800,STRIP,0,0.0,0.0,0.0,0,0.002720313030295
2900,7000,R20,0,0.0,0.0,0.0,0,9.860307909548284e-05
2900,6900,STRIP,0,0.0,0.0,0.0,0,0.0028458159649744
2900,7100,R20,0,0.0,0.0,0.0,0,0.000106998020783
2900,7000,STRIP,0,0.0,0.0,0.0,0,0.0030924750026315
2900,7200,R20,0,0.0,0.0,0.0,0,9.855395182967186e-05
2900,7100,STRIP,0,0.0,0.0,0.0,0,0.0027892000507563
2900,7300,R20,0,0.0,0.0,0.0,0,0.0001098409993574
2900,7200,STRIP,0,0.0,0.0,0.0,0,0.0027287059929221
2900,7300,STRIP,0,0.0,0.0,0.0,0,0.0025025849463418
2900,1600,R20,2,59.72410664085767,59.75,-3590547.3905058736,46,1.298685278976336
2900,7500,R20,0,0.0,0.0,0.0,0,0.0001961920643225
2900,7500,STRIP,0,0.0,0.0,0.0,0,0.0045319109922274
2900,2000,R20,1,727.8899498317189,727.890625,-22111139.009165563,62,1.2685088949510828
2900,2000,STRIP,1,727.8899498317189,727.890625,-22111139.009165563,62,1.2371669040294364
2900,2600,R20,1,44.15802881856546,44.203125,-573650.8907813667,36,1.215116927982308
3000,1600,STRIP,0,0.0,0.0,0.0,0,0.005024301004596
3000,1700,R20,0,0.0,0.0,0.0,0,0.0002027290174737
2900,2900,R20,1,93.17322190940212,93.234375,-1097305.9921382328,40,1.101889209006913
3000,1800,R20,0,0.0,0.0,0.0,0,0.000173213891685
2900,7400,R20,1,32.85873870094255,32.765625,-226.69577281379415,36,0.9482563670026138
3000,1900,R20,0,0.0,0.0,0.0,0,0.0001900710631161
3000,1900,STRIP,0,0.0,0.0,0.0,0,0.0046442669117823
3000,2000,R20,0,0.0,0.0,0.0,0,0.0001754969125613
2900,7400,STRIP,1,37.14396919441232,37.125,-283.9960047696659,36,0.9720907029695808
2900,3000,R20,1,92.79606814474826,92.8125,-962634.5617258502,41,1.19855812296737
3000,2100,STRIP,0,0.0,0.0,0.0,0,0.0044469049898907
3000,2200,R20,0,0.0,0.0,0.0,0,0.0001855819718912
3000,2200,STRIP,0,0.0,0.0,0.0,0,0.0035771820694208
3000,2300,R20,0,0.0,0.0,0.0,0,0.0001683240989223
3000,2300,STRIP,0,0.0,0.0,0.0,0,0.0030557650607079
3000,2400,R20,0,0.0,0.0,0.0,0,0.0001429630210623
3000,2400,STRIP,0,0.0,0.0,0.0,0,0.002554501988925
3000,2500,R20,0,0.0,0.0,0.0,0,0.0001218689139932
3000,2500,STRIP,0,0.0,0.0,0.0,0,0.0023820559727028
3000,1600,R20,1,66.83463371683277,66.828125,-7787680.728218334,41,0.903642587014474
2900,3000,STRIP,2,741.0744913111366,741.125,-9978675.042708658,67,1.4796794810099527
3000,2700,R20,0,0.0,0.0,0.0,0,0.0001736490521579
3000,2700,STRIP,0,0.0,0.0,0.0,0,0.0042753838934004
3000,2800,R20,0,0.0,0.0,0.0,0,0.000151481013745
3000,2800,STRIP,0,0.0,0.0,0.0,0,0.0036592830438166
3000,1700,STRIP,1,4918.569889327125,4918.53125,-1366718119.8169374,198,1.0417540710186586
3000,2900,STRIP,0,0.0,0.0,0.0,0,0.0049782369751483
3000,1800,STRIP,1,4918.569889327125,4918.53125,-1366718119.8169374,198,1.0198517020326108
2900,7600,R20,5,552.5652588874884,552.609375,-8691.25866718404,77,1.8056032329332083
3000,3100,R20,0,0.0,0.0,0.0,0,0.0001896240282803
3000,3100,STRIP,0,0.0,0.0,0.0,0,0.0043533999705687
3000,3200,R20,0,0.0,0.0,0.0,0,0.0001675159437581
3000,3200,STRIP,0,0.0,0.0,0.0,0,0.0033701480133458
3000,3300,R20,0,0.0,0.0,0.0,0,0.0001522870734333
3000,3300,STRIP,0,0.0,0.0,0.0,0,0.0031399599974974
3000,2100,R20,1,33.592212945886814,33.578125,-2456082.5543453293,30,0.9635247170226648
3000,2000,STRIP,1,44.429953256618425,44.421875,-661879.1628818033,36,1.1679421640001235
3000,3500,R20,0,0.0,0.0,0.0,0,0.0001802259357646
3000,3500,STRIP,0,0.0,0.0,0.0,0,0.004460466094315
3000,3600,R20,0,0.0,0.0,0.0,0,0.0001576349604874
3000,3600,STRIP,0,0.0,0.0,0.0,0,0.0038644800661131
3000,3700,R20,0,0.0,0.0,0.0,0,0.0001572070177644
3000,2600,R20,1,68.82415060152329,68.78125,-1193508.4269756337,36,1.0641041110502556
3000,3800,R20,0,0.0,0.0,0.0,0,0.0001620720140635
3000,3700,STRIP,0,0.0,0.0,0.0,0,0.0035394639708101
3000,3900,R20,0,0.0,0.0,0.0,0,0.000144843943417
3000,3800,STRIP,0,0.0,0.0,0.0,0,0.0033730220748111
3000,4000,R20,0,0.0,0.0,0.0,0,0.0001378779998049
3000,3900,STRIP,0,0.0,0.0,0.0,0,0.0030225509544834
3000,4100,R20,0,0.0,0.0,0.0,0,0.0001206989400088
3000,4000,STRIP,0,0.0,0.0,0.0,0,0.0027143320767208
3000,4200,R20,0,0.0,0.0,0.0,0,0.0001297799171879
3000,4100,STRIP,0,0.0,0.0,0.0,0,0.0026764649664983
3000,4300,R20,0,0.0,0.0,0.0,0,0.000122228055261
3000,4200,STRIP,0,0.0,0.0,0.0,0,0.0025449399836361
3000,4400,R20,0,0.0,0.0,0.0,0,0.0001173510681837
3000,4300,STRIP,0,0.0,0.0,0.0,0,0.002706162049435
3000,4500,R20,0,0.0,0.0,0.0,0,0.0001280519645661
3000,4400,STRIP,0,0.0,0.0,0.0,0,0.0025016160216182
3000,4600,R20,0,0.0,0.0,0.0,0,0.000108130974695
3000,4500,STRIP,0,0.0,0.0,0.0,0,0.0024676860775798
3000,4700,R20,0,0.0,0.0,0.0,0,0.000120413955301
3000,4600,STRIP,0,0.0,0.0,0.0,0,0.0024194580037146
3000,4800,R20,0,0.0,0.0,0.0,0,0.0001221880083903
3000,4700,STRIP,0,0.0,0.0,0.0,0,0.002464399090968
3000,4900,R20,0,0.0,0.0,0.0,0,0.0001122240209951
3000,4800,STRIP,0,0.0,0.0,0.0,0,0.0022998100612312
3000,5000,R20,0,0.0,0.0,0.0,0,0.0001153770135715
3000,4900,STRIP,0,0.0,0.0,0.0,0,0.0023536919616162
3000,5000,STRIP,0,0.0,0.0,0.0,0,0.0022952229483053
3000,5100,R20,0,0.0,0.0,0.0,0,0.0001313749235123
3000,5200,R20,0,0.0,0.0,0.0,0,4.340498708188534e-05
3000,5100,STRIP,0,0.0,0.0,0.0,0,0.0024475830141454
3000,5200,STRIP,0,0.0,0.0,0.0,0,0.0023549939505755
3000,5300,R20,0,0.0,0.0,0.0,0,0.0001512980088591
3000,5400,R20,0,0.0,0.0,0.0,0,4.756601992994547e-05
3000,5300,STRIP,0,0.0,0.0,0.0,0,0.0025956809986382
3000,5400,STRIP,0,0.0,0.0,0.0,0,0.0024919470306485
3000,5500,R20,0,0.0,0.0,0.0,0,0.000139118055813
3000,5600,R20,0,0.0,0.0,0.0,0,4.547298885881901e-05
3000,5500,STRIP,0,0.0,0.0,0.0,0,0.0025670799659565
3000,5600,STRIP,0,0.0,0.0,0.0,0,0.0024583300109952
3000,5700,R20,0,0.0,0.0,0.0,0,0.0001498298952355
3000,5700,STRIP,0,0.0,0.0,0.0,0,0.0026373870205134
3000,2600,STRIP,1,68.82415060152329,68.78125,-1193508.4269756337,36,1.0912697109160945
3000,5900,R20,0,0.0,0.0,0.0,0,0.0001872149296104
3000,5900,STRIP,0,0.0,0.0,0.0,0,0.0049661870580166
3000,6000,R20,0,0.0,0.0,0.0,0,0.000200280919671
3000,6000,STRIP,0,0.0,0.0,0.0,0,0.0048876509536057
3000,6100,R20,0,0.0,0.0,0.0,0,0.0001718830317258
3000,6100,STRIP,0,0.0,0.0,0.0,0,0.0049146369565278
3000,6200,R20,0,0.0,0.0,0.0,0,0.0001724809408187
3000,6200,STRIP,0,0.0,0.0,0.0,0,0.0049471199745312
3000,6300,R20,0,0.0,0.0,0.0,0,0.0001739000435918
3000,6300,STRIP,0,0.0,0.0,0.0,0,0.005051224026829
3000,6400,R20,0,0.0,0.0,0.0,0,0.000171517021954
3000,6400,STRIP,0,0.0,0.0,0.0,0,0.0049267680151388
3000,6500,R20,0,0.0,0.0,0.0,0,0.0001694010570645
3000,6500,STRIP,0,0.0,0.0,0.0,0,0.0046722989063709
3000,6600,R20,0,0.0,0.0,0.0,0,0.0001823550555855
3000,6600,STRIP,0,0.0,0.0,0.0,0,0.0046701510436832
3000,6700,R20,0,0.0,0.0,0.0,0,0.000179550028406
2900,7600,STRIP,4,897.012270940168,897.125,-26373.74967084805,87,2.0969862800557166
3000,6800,R20,0,0.0,0.0,0.0,0,0.0001775749260559
3000,6700,STRIP,0,0.0,0.0,0.0,0,0.0044564179843291
3000,6900,R20,0,0.0,0.0,0.0,0,0.0001471129944548
3000,6800,STRIP,0,0.0,0.0,0.0,0,0.0040561100468039
3000,7000,R20,0,0.0,0.0,0.0,0,0.0001531449379399
3000,6900,STRIP,0,0.0,0.0,0.0,0,0.0042154500260949
3000,7100,R20,0,0.0,0.0,0.0,0,0.0001500500366091
3000,7000,STRIP,0,0.0,0.0,0.0,0,0.0035981220426037
3000,7200,R20,0,0.0,0.0,0.0,0,0.000120215001516
3000,7200,STRIP,0,0.0,0.0,0.0,0,0.0031496449373662
3000,7100,STRIP,0,0.0,0.0,0.0,0,0.003838517004624
3000,7300,R20,0,0.0,0.0,0.0,0,0.000144695979543
3000,7400,R20,0,0.0,0.0,0.0,0,5.23329945281148e-05
3000,7400,STRIP,0,0.0,0.0,0.0,0,0.0035881539806723
3000,7300,STRIP,0,0.0,0.0,0.0,0,0.0037884160410612
3000,7500,R20,0,0.0,0.0,0.0,0,0.000156171969138
3000,7600,R20,0,0.0,0.0,0.0,0,4.796194843947888e-05
3000,7500,STRIP,0,0.0,0.0,0.0,0,0.0038610199699178
3000,2900,R20,1,39.44478815717028,39.453125,-451395.0274003105,30,1.041716004954651
3000,3400,R20,1,18.51052097081049,18.53125,-25756.53820776808,30,1.1194875900400802
3000,7800,R20,0,0.0,0.0,0.0,0,0.0001866170205175
3000,7800,STRIP,0,0.0,0.0,0.0,0,0.0045980289578437
3000,7900,R20,0,0.0,0.0,0.0,0,0.0001766079803928
3000,7900,STRIP,0,0.0,0.0,0.0,0,0.0043204369721934
3100,1800,R20,0,0.0,0.0,0.0,0,0.0001662310678511
3000,3000,R20,1,711.5089707854156,711.515625,-9278904.00753748,67,1.53922887891531
3100,1900,R20,0,0.0,0.0,0.0,0,0.0001743308966979
3100,1900,STRIP,0,0.0,0.0,0.0,0,0.0040393889648839
3000,3400,STRIP,3,265.80562380559854,265.75,-725642.9806309147,47,1.1715096369152889
3100,2000,STRIP,0,0.0,0.0,0.0,0,0.0043562999926507
3000,5800,R20,1,143.5392978413891,143.546875,-12469.02916755369,42,0.9838721150299534
3000,5800,STRIP,1,143.5392978413891,143.546875,-12469.02916755369,42,0.9827698700828478
3100,2200,R20,0,0.0,0.0,0.0,0,0.0001950369914993
3100,2100,STRIP,0,0.0,0.0,0.0,0,0.0044773189583793
3100,2300,R20,0,0.0,0.0,0.0,0,0.0001753000542521
3100,2200,STRIP,0,0.0,0.0,0.0,0,0.0039013370405882
3100,2400,R20,0,0.0,0.0,0.0,0,0.0001407749950885
3100,2300,STRIP,0,0.0,0.0,0.0,0,0.0031488970853388
3100,2500,R20,0,0.0,0.0,0.0,0,0.0001335099805146
3100,2400,STRIP,0,0.0,0.0,0.0,0,0.0029862229712307
3100,2500,STRIP,0,0.0,0.0,0.0,0,0.0028192780446261
3100,2600,STRIP,0,0.0,0.0,0.0,0,0.0028604329563677
3000,3000,STRIP,1,711.5089707854156,711.515625,-9278904.00753748,67,1.5210796890314668
3100,2700,STRIP,0,0.0,0.0,0.0,0,0.0047449559206143
3100,2000,R20,1,49.62685788947566,49.640625,-2801508.639990418,36,0.7465671140234917
3000,7700,R20,2,259.59622338897475,259.625,-2567.090634508766,59,1.5435956219444051
3100,2900,R20,0,0.0,0.0,0.0,0,0.0001792249968275
3100,2900,STRIP,0,0.0,0.0,0.0,0,0.0045007920125499
3100,1800,STRIP,1,4918.569889327125,4918.53125,-1366718119.8169374,198,1.035829589003697
3100,3000,STRIP,0,0.0,0.0,0.0,0,0.0043066460639238
3100,3100,R20,0,0.0,0.0,0.0,0,0.0001686490140855
3100,3100,STRIP,0,0.0,0.0,0.0,0,0.0033330710139125
3100,3200,R20,0,0.0,0.0,0.0,0,0.0001606139121577
3100,3200,STRIP,0,0.0,0.0,0.0,0,0.0027793659828603
3100,3300,R20,0,0.0,0.0,0.0,0,0.0001519189681857
3100,3300,STRIP,0,0.0,0.0,0.0,0,0.0026152890641242
3100,2100,R20,1,17.854244102073324,17.875,-620094.5113478526,30,1.0317080829991028
3100,2700,R20,1,17.77253749075146,17.796875,-240923.8543232061,30,1.041620380943641
3000,7700,STRIP,5,407.0079523328897,407.015625,-3694.412560778615,72,1.762899948982522
3100,2600,R20,1,17.594353334132883,17.59375,-370420.14970414445,30,1.1000300630694255
3100,3600,R20,0,0.0,0.0,0.0,0,0.0002032989868894
3100,3600,STRIP,0,0.0,0.0,0.0,0,0.0049606260145083
3100,3700,R20,0,0.0,0.0,0.0,0,0.0001864220248535
3100,3700,STRIP,0,0.0,0.0,0.0,0,0.0046249710721895
3100,3800,R20,0,0.0,0.0,0.0,0,0.0001798159210011
3100,3800,STRIP,0,0.0,0.0,0.0,0,0.0044114360352978
3100,3900,R20,0,0.0,0.0,0.0,0,0.0001605139113962
3000,7600,STRIP,1,403.3408811163496,403.359375,-4867.124382726439,59,1.83843922696542
3100,4000,R20,0,0.0,0.0,0.0,0,0.0001930870348587
3100,3900,STRIP,0,0.0,0.0,0.0,0,0.0041933950269594
3100,4100,R20,0,0.0,0.0,0.0,0,0.0001412149285897
3100,4000,STRIP,0,0.0,0.0,0.0,0,0.0041867429390549
3100,4200,R20,0,0.0,0.0,0.0,0,0.0001630629412829
3100,4100,STRIP,0,0.0,0.0,0.0,0,0.0035468430723994
3100,4300,R20,0,0.0,0.0,0.0,0,0.0001285140169784
3100,4200,STRIP,0,0.0,0.0,0.0,0,0.0030851160408928
3100,4400,R20,0,0.0,0.0,0.0,0,0.0001274680253118
3100,4300,STRIP,0,0.0,0.0,0.0,0,0.0031567380065098
3100,4500,R20,0,0.0,0.0,0.0,0,0.0001339960144832
3100,4400,STRIP,0,0.0,0.0,0.0,0,0.0032114690402522
3100,4600,R20,0,0.0,0.0,0.0,0,0.000135776004754
3100,4500,STRIP,0,0.0,0.0,0.0,0,0.0033224360086023
3100,4700,R20,0,0.0,0.0,0.0,0,0.0001411789562553
3100,4600,STRIP,0,0.0,0.0,0.0,0,0.0032336210133507
3100,4800,R20,0,0.0,0.0,0.0,0,0.0001296340487897
3100,4700,STRIP,0,0.0,0.0,0.0,0,0.003131023957394
3100,4900,R20,0,0.0,0.0,0.0,0,0.0001337910071015
3100,4800,STRIP,0,0.0,0.0,0.0,0,0.0031441620085388
3100,5000,R20,0,0.0,0.0,0.0,0,0.0001233130460605
3100,4900,STRIP,0,0.0,0.0,0.0,0,0.0029746290529146
3100,5100,R20,0,0.0,0.0,0.0,0,0.0001269680215045
3100,5000,STRIP,0,0.0,0.0,0.0,0,0.0029296230059117
3100,5200,R20,0,0.0,0.0,0.0,0,0.0001216349191963
3100,5100,STRIP,0,0.0,0.0,0.0,0,0.002961192978546
3100,5300,R20,0,0.0,0.0,0.0,0,0.0001359130255877
3100,5200,STRIP,0,0.0,0.0,0.0,0,0.0029752190457656
3100,5400,R20,0,0.0,0.0,0.0,0,0.0001165879657492
3100,5300,STRIP,0,0.0,0.0,0.0,0,0.0029157659737393
3100,5500,R20,0,0.0,0.0,0.0,0,0.0001337559660896
3100,5400,STRIP,0,0.0,0.0,0.0,0,0.0028439639136195
3100,5500,STRIP,0,0.0,0.0,0.0,0,0.0029548719758167
3100,2800,R20,2,55.99088428661132,55.984375,-1181652.5793795043,40,1.0620825629448518
3100,5700,R20,0,0.0,0.0,0.0,0,0.0002334340242668
3100,5700,STRIP,0,0.0,0.0,0.0,0,0.0049378239782527
3100,2800,STRIP,2,68.16668911953447,68.125,-1602934.1283105046,41,1.0427063369425014
3100,5800,STRIP,0,0.0,0.0,0.0,0,0.004529203986749
3100,5900,R20,0,0.0,0.0,0.0,0,0.0001800620229914
3100,5900,STRIP,0,0.0,0.0,0.0,0,0.0042581380112096
3100,6000,R20,0,0.0,0.0,0.0,0,0.0001689000055193
3100,6000,STRIP,0,0.0,0.0,0.0,0,0.0041066679405048
3100,6100,R20,0,0.0,0.0,0.0,0,0.0001684940652921
3100,6100,STRIP,0,0.0,0.0,0.0,0,0.0039946630131453
3100,6200,R20,0,0.0,0.0,0.0,0,0.0001586889848113
3100,6200,STRIP,0,0.0,0.0,0.0,0,0.0039775490295141
3100,6300,R20,0,0.0,0.0,0.0,0,0.000163518008776
3100,6300,STRIP,0,0.0,0.0,0.0,0,0.0040125849191099
3100,6400,R20,0,0.0,0.0,0.0,0,0.0001645080046728
3100,6400,STRIP,0,0.0,0.0,0.0,0,0.0039793320465832
3100,6500,R20,0,0.0,0.0,0.0,0,0.0001576080685481
3100,6500,STRIP,0,0.0,0.0,0.0,0,0.0040729000465944
3100,6600,R20,0,0.0,0.0,0.0,0,0.0001552479807287
3100,6600,STRIP,0,0.0,0.0,0.0,0,0.0040400829166173
3100,6700,R20,0,0.0,0.0,0.0,0,0.0001567439176142
3100,6700,STRIP,0,0.0,0.0,0.0,0,0.0040547670796513
3100,6800,R20,0,0.0,0.0,0.0,0,0.0001609830651432
3100,6800,STRIP,0,0.0,0.0,0.0,0,0.0040296349907293
3100,6900,R20,0,0.0,0.0,0.0,0,0.0001607770100235
3100,6900,STRIP,0,0.0,0.0,0.0,0,0.004059551982209
3100,7000,R20,0,0.0,0.0,0.0,0,0.0001550329616293
3100,7000,STRIP,0,0.0,0.0,0.0,0,0.0041442769579589
3100,7100,R20,0,0.0,0.0,0.0,0,0.0001713989768177
3100,7100,STRIP,0,0.0,0.0,0.0,0,0.0038134839851409
3100,7200,R20,0,0.0,0.0,0.0,0,0.0001519999932497
3100,7200,STRIP,0,0.0,0.0,0.0,0,0.0033653361024335
3100,7300,R20,0,0.0,0.0,0.0,0,0.0001466579269617
3100,7300,STRIP,0,0.0,0.0,0.0,0,0.0031158220954239
3100,7400,R20,0,0.0,0.0,0.0,0,0.00015036505647
3100,7400,STRIP,0,0.0,0.0,0.0,0,0.002855847007595
3100,7500,R20,0,0.0,0.0,0.0,0,0.0001404519425705
3100,7500,STRIP,0,0.0,0.0,0.0,0,0.0027228450635448
3100,7600,R20,0,0.0,0.0,0.0,0,0.0001470280112698
3100,7600,STRIP,0,0.0,0.0,0.0,0,0.0027364089619368
3100,7700,R20,0,0.0,0.0,0.0,0,0.0001320489682257
3100,7700,STRIP,0,0.0,0.0,0.0,0,0.002470962004736
3100,7800,R20,0,0.0,0.0,0.0,0,0.0001195870572701
3100,7800,STRIP,0,0.0,0.0,0.0,0,0.0024425160372629
3100,7900,R20,0,0.0,0.0,0.0,0,0.0001163820270448
3100,7900,STRIP,0,0.0,0.0,0.0,0,0.0024745839182287
3100,8000,R20,0,0.0,0.0,0.0,0,0.000108232954517
3100,8000,STRIP,0,0.0,0.0,0.0,0,0.0022946030367165
3100,8100,R20,0,0.0,0.0,0.0,0,9.730295278131962e-05
3100,8100,STRIP,0,0.0,0.0,0.0,0,0.0022680619731545
3100,8200,R20,0,0.0,0.0,0.0,0,9.29540256038308e-05
3100,8200,STRIP,0,0.0,0.0,0.0,0,0.0022360070142894
3100,3000,R20,1,41.511695961147296,41.515625,-286505.5216880033,36,1.1012007959652692
3200,2100,STRIP,0,0.0,0.0,0.0,0,0.0045782460365444
3200,2200,R20,0,0.0,0.0,0.0,0,0.000169439939782
3200,2200,STRIP,0,0.0,0.0,0.0,0,0.0038134109927341
3200,2300,R20,0,0.0,0.0,0.0,0,0.0001765909837558
3200,2300,STRIP,0,0.0,0.0,0.0,0,0.0033526900224387
3200,2400,R20,0,0.0,0.0,0.0,0,0.0001468600239604
3200,2400,STRIP,0,0.0,0.0,0.0,0,0.0031820739386603
3200,2500,R20,0,0.0,0.0,0.0,0,0.0001595539506524
3200,2500,STRIP,0,0.0,0.0,0.0,0,0.00305618904531
3200,2600,R20,0,0.0,0.0,0.0,0,0.000133431982249
3200,2600,STRIP,0,0.0,0.0,0.0,0,0.0031518159667029
3200,2700,R20,0,0.0,0.0,0.0,0,0.0001339220907539
3100,5600,STRIP,1,264.3022604646105,264.296875,-21362.800885483484,42,0.8327536879805848
3100,5600,R20,1,264.3022604646105,264.296875,-21362.800885483484,42,0.8361023369943723
3100,3400,R20,1,211.96144928446665,211.84375,-578256.7139715585,42,1.3279731649672613
3100,5800,R20,1,12.925141447645498,12.953125,-1190.0283940669065,30,1.0688635010737926
3100,3500,R20,1,85.36746727332678,85.375,-367258.6680699643,36,1.2859979419736192
3200,3000,R20,0,0.0,0.0,0.0,0,0.000184289063327
3200,2100,R20,1,22.978369152165264,22.953125,-1599862.881527834,36,0.6971122738905251
3200,3100,R20,0,0.0,0.0,0.0,0,0.0002079169498756
3200,3100,STRIP,0,0.0,0.0,0.0,0,0.0050318259745836
3200,3200,R20,0,0.0,0.0,0.0,0,0.0001795010175555
3200,3200,STRIP,0,0.0,0.0,0.0,0,0.0049328630557283
3100,3500,STRIP,3,291.6668115183887,291.5625,-1499970.2915041484,64,1.5976457840297371
3200,3300,STRIP,0,0.0,0.0,0.0,0,0.0046684349654242
3100,3400,STRIP,4,748.834209601506,748.671875,-2499788.177529293,91,2.1102673260029405
3200,2800,R20,1,286.7831190103195,286.828125,-7789881.53947744,54,1.4296250579645855
3200,2800,STRIP,1,286.7831190103195,286.828125,-7789881.53947744,54,1.4371746609685945
3200,2700,STRIP,1,1242.5812911132668,1239.046875,-26406543.29059808,83,1.609677327098325
3200,3600,R20,0,0.0,0.0,0.0,0,0.0002038750099018
3200,3600,STRIP,0,0.0,0.0,0.0,0,0.0050496340263634
3200,3700,R20,0,0.0,0.0,0.0,0,0.0001745050540193
3200,3700,STRIP,0,0.0,0.0,0.0,0,0.0048003790434449
3200,3800,R20,0,0.0,0.0,0.0,0,0.0001622058916836
3200,3800,STRIP,0,0.0,0.0,0.0,0,0.0047810579417273
3200,3300,R20,1,198.2389557197025,198.234375,-3588667.5300312303,42,1.4237899540457877
3200,2900,R20,1,2386.3182357442743,2386.09375,-75770944.22045113,112,1.8195633310824637
3200,4000,R20,0,0.0,0.0,0.0,0,0.0001935909967869
3200,4000,STRIP,0,0.0,0.0,0.0,0,0.0045668600359931
3200,4100,R20,0,0.0,0.0,0.0,0,0.0001738050486892
3200,4100,STRIP,0,0.0,0.0,0.0,0,0.0037382369628176
3200,4200,R20,0,0.0,0.0,0.0,0,0.0001608380116522
3200,4200,STRIP,0,0.0,0.0,0.0,0,0.0033203499624505
3200,4300,R20,0,0.0,0.0,0.0,0,0.0001413408899679
3200,4300,STRIP,0,0.0,0.0,0.0,0,0.0031317550456151
3200,4400,R20,0,0.0,0.0,0.0,0,0.0001435980666428
3200,4400,STRIP,0,0.0,0.0,0.0,0,0.0030156050343066
3200,4500,R20,0,0.0,0.0,0.0,0,0.0001455099554732
3200,4500,STRIP,0,0.0,0.0,0.0,0,0.0029216390103101
3200,4600,R20,0,0.0,0.0,0.0,0,0.0001335300039499
3200,4600,STRIP,0,0.0,0.0,0.0,0,0.0030023540602996
3200,4700,R20,0,0.0,0.0,0.0,0,0.0001422830391675
3200,4700,STRIP,0,0.0,0.0,0.0,0,0.0034500309266149
3200,4800,R20,0,0.0,0.0,0.0,0,0.0001483559608459
3200,4800,STRIP,0,0.0,0.0,0.0,0,0.0035032361047342
3200,4900,R20,0,0.0,0.0,0.0,0,0.0001497529447078
3200,4900,STRIP,0,0.0,0.0,0.0,0,0.003471715026535
3200,5000,R20,0,0.0,0.0,0.0,0,0.0001524889376014
3200,5000,STRIP,0,0.0,0.0,0.0,0,0.0035577500239014
3200,5100,R20,0,0.0,0.0,0.0,0,0.0001556280767545
3200,5100,STRIP,0,0.0,0.0,0.0,0,0.0034965008962899
3200,5200,R20,0,0.0,0.0,0.0,0,0.0001490270951762
3200,5200,STRIP,0,0.0,0.0,0.0,0,0.0033680140040814
3200,5300,R20,0,0.0,0.0,0.0,0,0.000145366997458
3200,5300,STRIP,0,0.0,0.0,0.0,0,0.0035238119307905
3200,5400,R20,0,0.0,0.0,0.0,0,0.0001476029865443
3200,5400,STRIP,0,0.0,0.0,0.0,0,0.0033922300208359
3200,5500,R20,0,0.0,0.0,0.0,0,0.0001453689765185
3200,5500,STRIP,0,0.0,0.0,0.0,0,0.0035054050385951
3200,2900,STRIP,2,2818.230107179824,2817.984375,-95533275.11327788,127,1.8338424740359187
3200,5600,STRIP,0,0.0,0.0,0.0,0,0.0040467180078849
3200,3000,STRIP,1,2386.3182357442743,2386.09375,-75770944.22045113,112,1.8455550789367408
3200,3900,STRIP,2,167.40985650735502,167.4375,-633431.8768754655,46,0.6685628860723227
3200,3900,R20,1,114.89730409180744,114.90625,-452657.2832090504,41,1.0589217519154772
3200,3500,R20,1,37.97156879154015,37.96875,-231492.52121906256,41,1.283229685970582
3200,5900,R20,0,0.0,0.0,0.0,0,0.0001859710318967
3200,5900,STRIP,0,0.0,0.0,0.0,0,0.0043502079788595
3200,6000,R20,0,0.0,0.0,0.0,0,0.0001714139943942
3200,6000,STRIP,0,0.0,0.0,0.0,0,0.0035028639249503
3200,6100,R20,0,0.0,0.0,0.0,0,0.0001537109492346
3200,6100,STRIP,0,0.0,0.0,0.0,0,0.0030196900479495
3200,6200,R20,0,0.0,0.0,0.0,0,0.0001436549937352
3200,6200,STRIP,0,0.0,0.0,0.0,0,0.0027114819968119
3200,6300,R20,0,0.0,0.0,0.0,0,0.0001416330924257
3200,6300,STRIP,0,0.0,0.0,0.0,0,0.0026007479755207
3200,6400,R20,0,0.0,0.0,0.0,0,0.0001267649931833
3200,6400,STRIP,0,0.0,0.0,0.0,0,0.002451094915159
3200,6500,R20,0,0.0,0.0,0.0,0,0.0001307480270043
3200,6500,STRIP,0,0.0,0.0,0.0,0,0.002757549053058
3200,6600,R20,0,0.0,0.0,0.0,0,0.0001418329775333
3200,6600,STRIP,0,0.0,0.0,0.0,0,0.0029742849292233
3200,6700,R20,0,0.0,0.0,0.0,0,0.0001510410802438
3200,6700,STRIP,0,0.0,0.0,0.0,0,0.0030803519766777
3200,6800,R20,0,0.0,0.0,0.0,0,0.0001455669989809
3200,6800,STRIP,0,0.0,0.0,0.0,0,0.003090688958764
3200,6900,R20,0,0.0,0.0,0.0,0,0.0001399179454892
3200,6900,STRIP,0,0.0,0.0,0.0,0,0.0032009179703891
3200,7000,R20,0,0.0,0.0,0.0,0,0.0001392060657963
3200,7000,STRIP,0,0.0,0.0,0.0,0,0.0033147590002045
3200,7100,R20,0,0.0,0.0,0.0,0,0.0001397880259901
3200,7100,STRIP,0,0.0,0.0,0.0,0,0.0033520039869472
3200,7200,R20,0,0.0,0.0,0.0,0,0.0001574809430167
3200,7200,STRIP,0,0.0,0.0,0.0,0,0.0032900279620662
3200,7300,R20,0,0.0,0.0,0.0,0,0.0001479720231145
3200,7300,STRIP,0,0.0,0.0,0.0,0,0.0033658830216154
3200,7400,R20,0,0.0,0.0,0.0,0,0.0001428400864824
3200,7400,STRIP,0,0.0,0.0,0.0,0,0.0035552009940147
3200,7500,R20,0,0.0,0.0,0.0,0,0.0001481029903516
3200,7500,STRIP,0,0.0,0.0,0.0,0,0.0037027189973741
3200,7600,R20,0,0.0,0.0,0.0,0,0.0001489040441811
3200,7600,STRIP,0,0.0,0.0,0.0,0,0.003694528946653
3200,7700,R20,0,0.0,0.0,0.0,0,0.0001500849612057
3200,7700,STRIP,0,0.0,0.0,0.0,0,0.0035411460557952
3200,7800,R20,0,0.0,0.0,0.0,0,0.0001555100316181
3200,7800,STRIP,0,0.0,0.0,0.0,0,0.0036218069726601
3200,7900,R20,0,0.0,0.0,0.0,0,0.0001495010219514
3200,7900,STRIP,0,0.0,0.0,0.0,0,0.0037334869848564
3200,8000,R20,0,0.0,0.0,0.0,0,0.0001474409364163
3200,8000,STRIP,0,0.0,0.0,0.0,0,0.0036572500830516
3200,8100,R20,0,0.0,0.0,0.0,0,0.0001476609613746
3200,8100,STRIP,0,0.0,0.0,0.0,0,0.0038207259494811
3200,8200,R20,0,0.0,0.0,0.0,0,0.0001445959787815
3200,8200,STRIP,0,0.0,0.0,0.0,0,0.0038346919463947
3200,8300,R20,0,0.0,0.0,0.0,0,0.0001540790544822
3200,8300,STRIP,0,0.0,0.0,0.0,0,0.0038856480969116
3200,8400,R20,0,0.0,0.0,0.0,0,0.0001539880177006
3200,8400,STRIP,0,0.0,0.0,0.0,0,0.0038426569662988
3200,10900,R20,0,0.0,0.0,0.0,0,0.0001557659124955
3200,10900,STRIP,0,0.0,0.0,0.0,0,0.0036660149926319
3200,11000,R20,0,0.0,0.0,0.0,0,0.000145482015796
3200,11000,STRIP,0,0.0,0.0,0.0,0,0.0036314920289441
3200,11100,R20,0,0.0,0.0,0.0,0,0.0001491280272603
3200,11100,STRIP,0,0.0,0.0,0.0,0,0.0034723200369626
3200,11200,R20,0,0.0,0.0,0.0,0,0.0001476999605074
3200,11200,STRIP,0,0.0,0.0,0.0,0,0.0035205240128561
3300,2400,R20,0,0.0,0.0,0.0,0,0.0001505509717389
3300,2400,STRIP,0,0.0,0.0,0.0,0,0.0035061760572716
3300,2500,R20,0,0.0,0.0,0.0,0,0.0001502829836681
3300,2500,STRIP,0,0.0,0.0,0.0,0,0.0034672550391405
3300,2600,R20,0,0.0,0.0,0.0,0,0.0001522289821878
3300,2600,STRIP,0,0.0,0.0,0.0,0,0.0034794349921867
3200,3400,R20,3,2298.286787451857,2269.828125,-2759294007.4050245,110,2.373887383029796
3200,5600,R20,2,90.01197497072441,90.015625,-5464.106831946861,41,1.2195029540453106
3200,5700,R20,1,298.66870965437505,298.625,-18591.630532679887,49,1.390414037974551
3200,3400,STRIP,2,1954.7319779049683,1926.296875,-1824474127.4914036,100,2.4187389300204813
3300,2900,R20,0,0.0,0.0,0.0,0,0.0001910279970616
3200,5700,STRIP,2,345.3265751997937,345.28125,-21769.618517670227,55,1.4562723480630666
3300,3000,R20,0,0.0,0.0,0.0,0,0.000178784946911
3300,3000,STRIP,0,0.0,0.0,0.0,0,0.0044917640043422
3300,3100,R20,0,0.0,0.0,0.0,0,0.0001721360022202
3300,3100,STRIP,0,0.0,0.0,0.0,0,0.0037589520215988
3300,3200,R20,0,0.0,0.0,0.0,0,0.0001645389711484
3300,3200,STRIP,0,0.0,0.0,0.0,0,0.003172914031893
3300,3300,R20,0,0.0,0.0,0.0,0,0.0001414589351043
3200,5800,R20,1,160.1195007971831,160.09375,-21977.50466149115,46,1.063102571060881
3300,3300,STRIP,0,0.0,0.0,0.0,0,0.0029787180246785
3200,3500,STRIP,1,1924.181000452373,1895.75,-1790333510.764544,100,2.4342731969663878
3200,5800,STRIP,2,209.27695736607268,206.046875,-15525.661786202829,48,1.4225576609605923
3300,2700,R20,2,1356.4100360932862,1352.859375,-31525759.990263715,88,1.3575819459510967
3300,3600,R20,0,0.0,0.0,0.0,0,0.0002067099558189
3300,3600,STRIP,0,0.0,0.0,0.0,0,0.0051476409425958
3300,3700,R20,0,0.0,0.0,0.0,0,0.000179141992703
3300,3700,STRIP,0,0.0,0.0,0.0,0,0.0047747329808771
3300,3800,R20,0,0.0,0.0,0.0,0,0.0001734560355544
3300,3800,STRIP,0,0.0,0.0,0.0,0,0.0045879560057073
3300,3900,R20,0,0.0,0.0,0.0,0,0.0001659380504861
3300,3900,STRIP,0,0.0,0.0,0.0,0,0.0043810729403048
3300,4000,R20,0,0.0,0.0,0.0,0,0.0001644359435886
3300,4000,STRIP,0,0.0,0.0,0.0,0,0.0045639099553227
3300,4100,R20,0,0.0,0.0,0.0,0,0.0001585719874128
3300,4100,STRIP,0,0.0,0.0,0.0,0,0.0046511309919878
3300,4200,R20,0,0.0,0.0,0.0,0,0.0001725669717416
3300,4200,STRIP,0,0.0,0.0,0.0,0,0.0047472829464823
3300,4300,R20,0,0.0,0.0,0.0,0,0.0001706220209598
3300,4300,STRIP,0,0.0,0.0,0.0,0,0.0047598230885341
3300,4400,R20,0,0.0,0.0,0.0,0,0.0001627020537853
3300,4400,STRIP,0,0.0,0.0,0.0,0,0.0047751780366525
3300,2800,R20,1,165.18681823783223,165.1875,-4316141.993685523,46,1.208534598001279
3300,2700,STRIP,1,1242.5812911132668,1239.046875,-26406543.29059808,83,1.5639170039212331
3300,4600,R20,0,0.0,0.0,0.0,0,0.0001779940212145
3300,4600,STRIP,0,0.0,0.0,0.0,0,0.00427770789247
3300,4700,R20,0,0.0,0.0,0.0,0,0.0001602339325472
3300,4700,STRIP,0,0.0,0.0,0.0,0,0.0034373248927295
3300,4800,R20,0,0.0,0.0,0.0,0,0.0001511470181867
3300,4800,STRIP,0,0.0,0.0,0.0,0,0.0030418849783018
3300,4900,R20,0,0.0,0.0,0.0,0,0.0001497298944741
3300,4900,STRIP,0,0.0,0.0,0.0,0,0.0030017360113561
3300,5000,R20,0,0.0,0.0,0.0,0,0.0001496749464422
3300,5000,STRIP,0,0.0,0.0,0.0,0,0.0027604240458458
3300,5100,R20,0,0.0,0.0,0.0,0,0.0001350429374724
3300,5100,STRIP,0,0.0,0.0,0.0,0,0.002561961999163
3300,5200,R20,0,0.0,0.0,0.0,0,0.0001331890234723
3300,5200,STRIP,0,0.0,0.0,0.0,0,0.0024756479542702
3300,5300,R20,0,0.0,0.0,0.0,0,0.0001251319190487
3300,5300,STRIP,0,0.0,0.0,0.0,0,0.002386605949141
3300,5400,R20,0,0.0,0.0,0.0,0,0.0001220119884237
3300,5400,STRIP,0,0.0,0.0,0.0,0,0.0023778940085321
3300,5500,R20,0,0.0,0.0,0.0,0,0.0001156689831987
3300,5500,STRIP,0,0.0,0.0,0.0,0,0.0023183909943327
3300,5600,R20,0,0.0,0.0,0.0,0,0.0001092080492526
3300,5600,STRIP,0,0.0,0.0,0.0,0,0.0024618479656055
3300,5700,R20,0,0.0,0.0,0.0,0,0.0001151149626821
3300,5700,STRIP,0,0.0,0.0,0.0,0,0.002426934079267
3300,5800,R20,0,0.0,0.0,0.0,0,0.0001103429822251
3300,5800,STRIP,0,0.0,0.0,0.0,0,0.0028700480470433
3300,5900,R20,0,0.0,0.0,0.0,0,0.0001224030274897
3300,5900,STRIP,0,0.0,0.0,0.0,0,0.0027120190206915
3300,6000,R20,0,0.0,0.0,0.0,0,0.0001180280232802
3300,6000,STRIP,0,0.0,0.0,0.0,0,0.0025209039449691
3300,6100,R20,0,0.0,0.0,0.0,0,0.0001234599621966
3300,6100,STRIP,0,0.0,0.0,0.0,0,0.0023701199097558
3300,6200,R20,0,0.0,0.0,0.0,0,0.0001134369522333
3300,6200,STRIP,0,0.0,0.0,0.0,0,0.0024195750011131
3300,6300,R20,0,0.0,0.0,0.0,0,0.0001153129851445
3300,6300,STRIP,0,0.0,0.0,0.0,0,0.0025651319883763
3300,6400,R20,0,0.0,0.0,0.0,0,0.0001197350211441
3300,6400,STRIP,0,0.0,0.0,0.0,0,0.0027522249147295
3300,6500,R20,0,0.0,0.0,0.0,0,0.0001291760709136
3300,6500,STRIP,0,0.0,0.0,0.0,0,0.0030727511039003
3300,6600,R20,0,0.0,0.0,0.0,0,0.0001312920358031
3300,6600,STRIP,0,0.0,0.0,0.0,0,0.0030486069153994
3300,6700,R20,0,0.0,0.0,0.0,0,0.0001404930371791
3300,6700,STRIP,0,0.0,0.0,0.0,0,0.0030009619658812
3300,6800,R20,0,0.0,0.0,0.0,0,0.0001413670834153
3300,6800,STRIP,0,0.0,0.0,0.0,0,0.0030775789637118
3300,6900,R20,0,0.0,0.0,0.0,0,0.0001392770791426
3300,6900,STRIP,0,0.0,0.0,0.0,0,0.0029878810746595
3300,7000,R20,0,0.0,0.0,0.0,0,0.0001404059585183
3300,7000,STRIP,0,0.0,0.0,0.0,0,0.0030119409784674
3300,7100,R20,0,0.0,0.0,0.0,0,0.0001344990450888
3300,7100,STRIP,0,0.0,0.0,0.0,0,0.0030479669803753
3300,7200,R20,0,0.0,0.0,0.0,0,0.000141255906783
3300,7200,STRIP,0,0.0,0.0,0.0,0,0.0031222149264067
3300,7300,R20,0,0.0,0.0,0.0,0,0.0001494199968874
3300,7300,STRIP,0,0.0,0.0,0.0,0,0.0031956539023667
3300,7400,R20,0,0.0,0.0,0.0,0,0.0001431520795449
3300,7400,STRIP,0,0.0,0.0,0.0,0,0.0034407409839332
3300,7500,R20,0,0.0,0.0,0.0,0,0.0001441859640181
3300,7500,STRIP,0,0.0,0.0,0.0,0,0.0033980909502133
3300,7600,R20,0,0.0,0.0,0.0,0,0.0001445419620722
3300,2800,STRIP,1,165.18681823783223,165.1875,-4316141.993685523,46,1.2222250259947032
3300,7700,R20,0,0.0,0.0,0.0,0,0.0001846810337156
3300,7600,STRIP,0,0.0,0.0,0.0,0,0.0032977430382743
3300,7800,R20,0,0.0,0.0,0.0,0,0.0001184210414066
3300,7800,STRIP,0,0.0,0.0,0.0,0,0.0032049639848992
3300,7700,STRIP,0,0.0,0.0,0.0,0,0.003557143965736
3300,7900,R20,0,0.0,0.0,0.0,0,0.0001427950337529
3300,8000,R20,0,0.0,0.0,0.0,0,4.346098285168409e-05
3300,8000,STRIP,0,0.0,0.0,0.0,0,0.0035845199599862
3300,7900,STRIP,0,0.0,0.0,0.0,0,0.0036814790219068
3300,8100,R20,0,0.0,0.0,0.0,0,0.0001514939358457
3300,8200,R20,0,0.0,0.0,0.0,0,4.629394970834255e-05
3300,8200,STRIP,0,0.0,0.0,0.0,0,0.0030295850010588
3300,8100,STRIP,0,0.0,0.0,0.0,0,0.0032984940335154
3300,8300,R20,0,0.0,0.0,0.0,0,0.0001569540472701
3300,8400,R20,0,0.0,0.0,0.0,0,4.306703340262175e-05
3300,8400,STRIP,0,0.0,0.0,0.0,0,0.0030532979872077
3300,8300,STRIP,0,0.0,0.0,0.0,0,0.0032707049977034
3300,8500,R20,0,0.0,0.0,0.0,0,0.0001426500966772
3300,8600,R20,0,0.0,0.0,0.0,0,4.210893530398607e-05
3300,8600,STRIP,0,0.0,0.0,0.0,0,0.0031337480759248
3300,8500,STRIP,0,0.0,0.0,0.0,0,0.0033139940351247
3300,8700,R20,0,0.0,0.0,0.0,0,0.0001486099790781
3300,10000,R20,0,0.0,0.0,0.0,0,4.9525988288223743e-05
3300,8700,STRIP,0,0.0,0.0,0.0,0,0.0033128520008176
3300,10000,STRIP,0,0.0,0.0,0.0,0,0.0031022679759189
3300,10100,STRIP,0,0.0,0.0,0.0,0,0.0033831249456852
3300,10200,R20,0,0.0,0.0,0.0,0,0.0001595149515196
3300,10200,STRIP,0,0.0,0.0,0.0,0,0.0035382159985601
3300,10300,R20,0,0.0,0.0,0.0,0,0.0001511450391262
3300,10300,STRIP,0,0.0,0.0,0.0,0,0.0034394760150462
3300,10400,R20,0,0.0,0.0,0.0,0,0.0001542519312351
3300,10400,STRIP,0,0.0,0.0,0.0,0,0.0034110439009964
3300,10500,R20,0,0.0,0.0,0.0,0,0.0001466610701754
3300,10500,STRIP,0,0.0,0.0,0.0,0,0.003511280985549
3300,10600,R20,0,0.0,0.0,0.0,0,0.000143174896948
3300,10600,STRIP,0,0.0,0.0,0.0,0,0.0033796710195019
3300,10700,R20,0,0.0,0.0,0.0,0,0.0001552510075271
3300,4500,R20,1,55.90590776596068,55.859375,-44839.72798812312,35,1.04350405104924
3300,10800,R20,0,0.0,0.0,0.0,0,0.0002088089240714
3300,10800,STRIP,0,0.0,0.0,0.0,0,0.0048140599392354
3300,10900,R20,0,0.0,0.0,0.0,0,0.0001686990726739
3300,10900,STRIP,0,0.0,0.0,0.0,0,0.0044071779120713
3300,11000,R20,0,0.0,0.0,0.0,0,0.0001647579483687
3300,11000,STRIP,0,0.0,0.0,0.0,0,0.0042254430009052
3300,11100,R20,0,0.0,0.0,0.0,0,0.0001600419636815
3300,11100,STRIP,0,0.0,0.0,0.0,0,0.0040603739907965
3300,11200,R20,0,0.0,0.0,0.0,0,0.0001582349650561
3300,11200,STRIP,0,0.0,0.0,0.0,0,0.0037752920761704
3300,3400,R20,1,543.2365952138441,543.234375,-308638159.0794518,63,1.6951326640555635
3300,2900,STRIP,1,2386.3182357442743,2386.09375,-75770944.22045113,112,1.8258921270025892
3400,2700,STRIP,0,0.0,0.0,0.0,0,0.0041413890430703
3400,2800,STRIP,0,0.0,0.0,0.0,0,0.0027971980161964
3400,2900,R20,0,0.0,0.0,0.0,0,0.0001493950840085
3400,2900,STRIP,0,0.0,0.0,0.0,0,0.0023185720201581
3400,3000,R20,0,0.0,0.0,0.0,0,0.0001146249705925
3400,3000,STRIP,0,0.0,0.0,0.0,0,0.0023090400500223
3400,3100,R20,0,0.0,0.0,0.0,0,0.0001008240506052
3400,3100,STRIP,0,0.0,0.0,0.0,0,0.0022768849739804
3400,3200,R20,0,0.0,0.0,0.0,0,9.442900773137808e-05
3400,3200,STRIP,0,0.0,0.0,0.0,0,0.002283620997332
3400,3300,R20,0,0.0,0.0,0.0,0,9.2953909188509e-05
3400,3300,STRIP,0,0.0,0.0,0.0,0,0.0022327200276777
3400,3400,R20,0,0.0,0.0,0.0,0,8.86439811438322e-05
3400,3400,STRIP,0,0.0,0.0,0.0,0,0.0022620749659836
3300,10100,R20,1,29.64427989799159,29.640625,-103.40542766331218,25,0.6827092139283195
3300,4500,STRIP,1,55.90590776596068,55.859375,-44839.72798812312,35,1.029135926044546
3400,3600,R20,0,0.0,0.0,0.0,0,0.0001920550130307
3400,3600,STRIP,0,0.0,0.0,0.0,0,0.0047747580101713
3400,3700,R20,0,0.0,0.0,0.0,0,0.0001718669664114
3400,3700,STRIP,0,0.0,0.0,0.0,0,0.004584162030369
3400,3800,R20,0,0.0,0.0,0.0,0,0.0001668960321694
3400,3800,STRIP,0,0.0,0.0,0.0,0,0.0046100610634312
3400,3900,R20,0,0.0,0.0,0.0,0,0.0001685569295659
3400,3900,STRIP,0,0.0,0.0,0.0,0,0.0045463260030373
3400,4000,R20,0,0.0,0.0,0.0,0,0.0001573000336065
3400,4000,STRIP,0,0.0,0.0,0.0,0,0.0044545570854097
3400,4100,R20,0,0.0,0.0,0.0,0,0.0001534329494461
3400,4100,STRIP,0,0.0,0.0,0.0,0,0.0044688569614663
3400,4200,R20,0,0.0,0.0,0.0,0,0.0001626539742574
3400,4200,STRIP,0,0.0,0.0,0.0,0,0.0044920240761712
3400,4300,R20,0,0.0,0.0,0.0,0,0.0001560139935463
3300,10700,STRIP,1,870.9222247203859,870.9375,-5509.301784352589,69,0.834992263931781
3400,4400,R20,0,0.0,0.0,0.0,0,0.0002046050503849
3400,4300,STRIP,0,0.0,0.0,0.0,0,0.0044576750369742
3400,4500,R20,0,0.0,0.0,0.0,0,0.0001264769816771
3400,4500,STRIP,0,0.0,0.0,0.0,0,0.004340925021097
3400,4400,STRIP,0,0.0,0.0,0.0,0,0.0045809119474142
3400,4600,R20,0,0.0,0.0,0.0,0,0.0001473600277677
3400,4700,R20,0,0.0,0.0,0.0,0,4.100194200873375e-05
3400,4700,STRIP,0,0.0,0.0,0.0,0,0.0042475169757381
3400,4600,STRIP,0,0.0,0.0,0.0,0,0.0043968739919364
3400,4800,R20,0,0.0,0.0,0.0,0,0.0001635099761188
3400,4900,R20,0,0.0,0.0,0.0,0,4.064105451107025e-05
3400,4900,STRIP,0,0.0,0.0,0.0,0,0.0039653420681133
3400,4800,STRIP,0,0.0,0.0,0.0,0,0.0041809299727901
3300,3500,R20,1,1739.731725151615,1738.484375,-2095889295.0694225,98,2.4979140009963885
3400,5100,R20,0,0.0,0.0,0.0,0,0.0001712539233267
3400,5100,STRIP,0,0.0,0.0,0.0,0,0.0038592549972236
3400,5200,R20,0,0.0,0.0,0.0,0,0.0001331199891865
3400,5200,STRIP,0,0.0,0.0,0.0,0,0.0024750570300966
3400,5300,R20,0,0.0,0.0,0.0,0,0.000101619050838
3400,5300,STRIP,0,0.0,0.0,0.0,0,0.0022816349519416
3400,5400,R20,0,0.0,0.0,0.0,0,8.887099102139473e-05
3400,5400,STRIP,0,0.0,0.0,0.0,0,0.0022431309334933
3400,5500,R20,0,0.0,0.0,0.0,0,8.510402403771877e-05
3400,5500,STRIP,0,0.0,0.0,0.0,0,0.0022347189951688
3400,5600,R20,0,0.0,0.0,0.0,0,9.493890684098004e-05
3400,5600,STRIP,0,0.0,0.0,0.0,0,0.0023393189767375
3400,5700,R20,0,0.0,0.0,0.0,0,9.243900422006844e-05
3400,5700,STRIP,0,0.0,0.0,0.0,0,0.0022647579899057
3400,5800,R20,0,0.0,0.0,0.0,0,8.474395144730806e-05
3400,5800,STRIP,0,0.0,0.0,0.0,0,0.0022507980465888
3400,5900,R20,0,0.0,0.0,0.0,0,9.281199891120195e-05
3400,5900,STRIP,0,0.0,0.0,0.0,0,0.0023316070437431
3400,6000,R20,0,0.0,0.0,0.0,0,9.01899766176939e-05
3400,2700,R20,1,25.46749806287449,25.453125,-316421.5427694985,30,1.0885630890261382
3400,6100,R20,0,0.0,0.0,0.0,0,0.0001458040205761
3400,6000,STRIP,0,0.0,0.0,0.0,0,0.0022547210101038
3400,6200,R20,0,0.0,0.0,0.0,0,9.858794510364532e-05
3400,6100,STRIP,0,0.0,0.0,0.0,0,0.0024725829716771
3400,6300,R20,0,0.0,0.0,0.0,0,9.915395639836788e-05
3400,6200,STRIP,0,0.0,0.0,0.0,0,0.002235856023617
3400,6400,R20,0,0.0,0.0,0.0,0,8.4078055806458e-05
3400,6300,STRIP,0,0.0,0.0,0.0,0,0.0023239719448611
3300,3400,STRIP,2,1966.3014462742065,1965.03125,-2113120701.9433415,115,2.7295100850751624
3400,6400,STRIP,0,0.0,0.0,0.0,0,0.0022539659403264
3300,3500,STRIP,2,3459.1992408583874,3456.0625,-3477168857.887243,150,2.552049751044251
3400,2800,R20,1,366.6942977151089,367.078125,-7906731.087193775,69,1.353283261996694
3400,5000,R20,1,55.58644279767808,55.703125,-7485.842718118703,35,1.259818212944083
3400,5000,STRIP,1,59.46759249246064,59.421875,-11119.664152912035,36,1.2822158810449764
3400,6800,R20,0,0.0,0.0,0.0,0,0.000202671973966
3400,6800,STRIP,0,0.0,0.0,0.0,0,0.0047667629551142
3400,6900,R20,0,0.0,0.0,0.0,0,0.000174421002157
3400,6900,STRIP,0,0.0,0.0,0.0,0,0.0046658379724249
3400,7000,R20,0,0.0,0.0,0.0,0,0.0001790690002962
3400,7000,STRIP,0,0.0,0.0,0.0,0,0.0046303810086101
3400,7100,R20,0,0.0,0.0,0.0,0,0.0001820239704102
3400,7100,STRIP,0,0.0,0.0,0.0,0,0.0046167019754648
3400,7200,R20,0,0.0,0.0,0.0,0,0.0001611990155652
3400,7200,STRIP,0,0.0,0.0,0.0,0,0.0046769570326432
3400,7300,R20,0,0.0,0.0,0.0,0,0.000169844017364
3400,7300,STRIP,0,0.0,0.0,0.0,0,0.0046827949117869
3400,7400,R20,0,0.0,0.0,0.0,0,0.0001692890655249
3400,7400,STRIP,0,0.0,0.0,0.0,0,0.0047149789752438
3400,3500,R20,1,1719.4675157067727,1717.578125,-639105708.7388214,93,1.6139725940302014
3400,3500,STRIP,1,1719.4675157067727,1717.578125,-639105708.7388214,93,1.5894604170462117
3400,6500,STRIP,1,80.16528808429409,80.15625,-1014.6193899467312,41,1.0499587979866192
3400,7600,STRIP,0,0.0,0.0,0.0,0,0.0045949789928272
3400,7700,R20,0,0.0,0.0,0.0,0,0.0001833280548453
3400,7700,STRIP,0,0.0,0.0,0.0,0,0.0043993609724566
3400,7800,R20,0,0.0,0.0,0.0,0,0.0001857948955148
3400,6500,R20,1,80.16528808429409,80.15625,-1014.6193899467312,41,1.06420767493546
3400,7800,STRIP,0,0.0,0.0,0.0,0,0.004606514936313
3400,6600,R20,2,43.90020876278805,43.875,-382.635928579568,35,1.2319762510014698
3400,8000,R20,0,0.0,0.0,0.0,0,0.0001839030301198
3400,8000,STRIP,0,0.0,0.0,0.0,0,0.0045955369714647
3400,8100,R20,0,0.0,0.0,0.0,0,0.0001734549878165
3400,8100,STRIP,0,0.0,0.0,0.0,0,0.0041359399911016
3400,8200,R20,0,0.0,0.0,0.0,0,0.0001658980036154
3400,8200,STRIP,0,0.0,0.0,0.0,0,0.0039214589633047
3400,8300,R20,0,0.0,0.0,0.0,0,0.0001674019731581
3400,8300,STRIP,0,0.0,0.0,0.0,0,0.0040456770220771
3400,8400,R20,0,0.0,0.0,0.0,0,0.0001551930326968
3400,8400,STRIP,0,0.0,0.0,0.0,0,0.0041365920333191
3400,8500,R20,0,0.0,0.0,0.0,0,0.0001547960564494
3400,8500,STRIP,0,0.0,0.0,0.0,0,0.0039690550183877
3400,8600,R20,0,0.0,0.0,0.0,0,0.0001596839865669
3400,8600,STRIP,0,0.0,0.0,0.0,0,0.0038531629834324
3400,8700,R20,0,0.0,0.0,0.0,0,0.0001642931019887
3400,8700,STRIP,0,0.0,0.0,0.0,0,0.0037732040509581
3400,8800,R20,0,0.0,0.0,0.0,0,0.0001659279223531
3400,8800,STRIP,0,0.0,0.0,0.0,0,0.0038009849376976
3400,8900,R20,0,0.0,0.0,0.0,0,0.0001621810952201
3400,8900,STRIP,0,0.0,0.0,0.0,0,0.0040007539791986
3400,6700,R20,1,99.40525458528364,99.453125,-1154.7617580308497,42,1.1320463840384036
3400,7500,R20,1,114.20832776978126,114.203125,-121.5211737327114,41,0.9872511649737136
3400,9100,R20,0,0.0,0.0,0.0,0,0.0001937319757416
3400,9100,STRIP,0,0.0,0.0,0.0,0,0.0046778520336374
3400,9200,R20,0,0.0,0.0,0.0,0,0.0001743889879435
3400,9200,STRIP,0,0.0,0.0,0.0,0,0.0042763139354065
3400,9300,R20,0,0.0,0.0,0.0,0,0.0001619019312784
3400,9300,STRIP,0,0.0,0.0,0.0,0,0.0041225609602406
3400,9400,R20,0,0.0,0.0,0.0,0,0.0001602520933374
3400,9400,STRIP,0,0.0,0.0,0.0,0,0.0040080420440062
3400,9500,R20,0,0.0,0.0,0.0,0,0.0001580449752509
3400,6600,STRIP,4,209.31321518273097,207.671875,-3236.783387745294,71,1.3462290490278974
3400,7500,STRIP,1,114.20832776978126,114.203125,-121.5211737327114,41,1.010275432956405
3400,6700,STRIP,1,99.40525458528364,99.453125,-1154.7617580308497,42,1.1392746899509802
3400,9700,R20,0,0.0,0.0,0.0,0,0.0002135270042344
3400,7600,R20,1,30.74859793090372,26.015625,-39.13788845848547,25,1.0461677830899134
3400,7900,STRIP,1,111.44033604088656,111.453125,-172.25316288393472,41,0.6617814559722319
3400,9800,STRIP,0,0.0,0.0,0.0,0,0.0052912470418959
3400,9900,R20,0,0.0,0.0,0.0,0,0.0002189399674534
3400,7900,R20,1,111.44033604088656,111.453125,-172.25316288393472,41,0.6722096090670675
3400,10000,R20,0,0.0,0.0,0.0,0,0.0002214679261669
3400,9900,STRIP,0,0.0,0.0,0.0,0,0.0050662979483604
3400,10100,R20,0,0.0,0.0,0.0,0,0.000170435057953
3400,10100,STRIP,0,0.0,0.0,0.0,0,0.0044910160358995
3400,10200,R20,0,0.0,0.0,0.0,0,0.0001809359528124
3400,10200,STRIP,0,0.0,0.0,0.0,0,0.0048776890616863
3400,10300,R20,0,0.0,0.0,0.0,0,0.0001732000382617
3400,10300,STRIP,0,0.0,0.0,0.0,0,0.0051411550957709
3400,10400,R20,0,0.0,0.0,0.0,0,0.000175500055775
3400,10400,STRIP,0,0.0,0.0,0.0,0,0.0052219839999452
3400,10500,R20,0,0.0,0.0,0.0,0,0.0001799029996618
3400,10500,STRIP,0,0.0,0.0,0.0,0,0.0052333190105855
3400,10600,R20,0,0.0,0.0,0.0,0,0.0001781419850885
3400,10600,STRIP,0,0.0,0.0,0.0,0,0.0051765340613201
3400,10700,R20,0,0.0,0.0,0.0,0,0.0001859469339251
3400,10700,STRIP,0,0.0,0.0,0.0,0,0.0052392650395631
3400,10800,R20,0,0.0,0.0,0.0,0,0.0001798400189727
3400,10800,STRIP,0,0.0,0.0,0.0,0,0.0052256559720262
3400,10900,R20,0,0.0,0.0,0.0,0,0.0001797330332919
3400,10900,STRIP,0,0.0,0.0,0.0,0,0.005186028080061
3400,11000,R20,0,0.0,0.0,0.0,0,0.0001754109980538
3400,11000,STRIP,0,0.0,0.0,0.0,0,0.0051808389835059
3400,11100,R20,0,0.0,0.0,0.0,0,0.0001931360457092
3400,11100,STRIP,0,0.0,0.0,0.0,0,0.0050939599750563
3400,11200,R20,0,0.0,0.0,0.0,0,0.0001763050677254
3400,11200,STRIP,0,0.0,0.0,0.0,0,0.0048899599350988
3500,2900,R20,0,0.0,0.0,0.0,0,0.000180603004992
3500,2900,STRIP,0,0.0,0.0,0.0,0,0.0049939940217882
3400,9000,R20,1,19.46652467295755,19.484375,-66.09240083675908,36,0.7673049260629341
3400,9000,STRIP,1,19.46652467295755,19.484375,-66.09240083675908,36,0.7725660990690812
3500,3100,R20,0,0.0,0.0,0.0,0,0.0001875458983704
3500,3100,STRIP,0,0.0,0.0,0.0,0,0.0046730079920962
3500,3200,R20,0,0.0,0.0,0.0,0,0.0001715798862278
3500,3200,STRIP,0,0.0,0.0,0.0,0,0.0044135360512882
3500,3300,R20,0,0.0,0.0,0.0,0,0.0001678100088611
3500,3300,STRIP,0,0.0,0.0,0.0,0,0.0043431469239294
3500,3400,R20,0,0.0,0.0,0.0,0,0.0001624880824238
3500,3400,STRIP,0,0.0,0.0,0.0,0,0.0042657200247049
3500,3500,R20,0,0.0,0.0,0.0,0,0.0001564710400998
3500,3500,STRIP,0,0.0,0.0,0.0,0,0.0041153030470013
3500,3600,R20,0,0.0,0.0,0.0,0,0.0001520819496363
3500,3600,STRIP,0,0.0,0.0,0.0,0,0.0040938060265034
3500,3700,R20,0,0.0,0.0,0.0,0,0.0001735929399728
3500,3700,STRIP,0,0.0,0.0,0.0,0,0.0043404600583016
3500,3800,R20,0,0.0,0.0,0.0,0,0.0001565370475873
3500,3800,STRIP,0,0.0,0.0,0.0,0,0.0044415040174499
3500,3900,R20,0,0.0,0.0,0.0,0,0.0001529000001028
3500,3900,STRIP,0,0.0,0.0,0.0,0,0.0044753949623554
3500,4000,R20,0,0.0,0.0,0.0,0,0.0001696399413049
3500,4000,STRIP,0,0.0,0.0,0.0,0,0.0044854050502181
3500,4100,R20,0,0.0,0.0,0.0,0,0.0001596549991518
3500,4100,STRIP,0,0.0,0.0,0.0,0,0.0044380839681252
3500,4200,R20,0,0.0,0.0,0.0,0,0.0001544989645481
3500,4200,STRIP,0,0.0,0.0,0.0,0,0.004287201911211
3500,4300,R20,0,0.0,0.0,0.0,0,0.0001605779398232
3500,4300,STRIP,0,0.0,0.0,0.0,0,0.0041929750004783
3500,4400,R20,0,0.0,0.0,0.0,0,0.0001573970075696
3500,4400,STRIP,0,0.0,0.0,0.0,0,0.0041299749864265
3400,9800,R20,1,218.5493697647886,218.546875,-6271.080246363868,42,0.9360942849889398
3500,3000,R20,2,105.5789854196047,105.578125,-1206059.390034412,48,1.1952410190133378
3400,10000,STRIP,1,396.7846069876414,396.84375,-4328.796985571671,55,1.2742060919990763
3500,4600,STRIP,0,0.0,0.0,0.0,0,0.0043256090721115
3500,4700,R20,0,0.0,0.0,0.0,0,0.0001567429862916
3500,4700,STRIP,0,0.0,0.0,0.0,0,0.0028453610138967
3500,4800,R20,0,0.0,0.0,0.0,0,0.0001281340373679
3500,4800,STRIP,0,0.0,0.0,0.0,0,0.0024011239875108
3500,4900,R20,0,0.0,0.0,0.0,0,9.89880645647645e-05
3500,4900,STRIP,0,0.0,0.0,0.0,0,0.0023303689667955
3500,3000,STRIP,1,24.194510903694923,24.171875,-253666.73082370972,36,1.1741591049358249
3400,9600,R20,2,3509.614776367635,3509.6875,-26284871.877775244,131,1.7742082939948889
3500,5100,R20,0,0.0,0.0,0.0,0,0.0001796630676835
3500,5100,STRIP,0,0.0,0.0,0.0,0,0.0040837660199031
3500,5200,R20,0,0.0,0.0,0.0,0,0.0001594880595803
3500,5200,STRIP,0,0.0,0.0,0.0,0,0.0029560499824583
3500,5300,R20,0,0.0,0.0,0.0,0,0.000142219942063
3500,5300,STRIP,0,0.0,0.0,0.0,0,0.0024499970022588
3500,5400,R20,0,0.0,0.0,0.0,0,0.0001247939653694
3500,5400,STRIP,0,0.0,0.0,0.0,0,0.0023265170166268
3500,5500,R20,0,0.0,0.0,0.0,0,0.0001204059226438
3500,5500,STRIP,0,0.0,0.0,0.0,0,0.0023745370563119
3500,5600,R20,0,0.0,0.0,0.0,0,0.0001326170749962
3500,5600,STRIP,0,0.0,0.0,0.0,0,0.0024819640675559
3500,5700,R20,0,0.0,0.0,0.0,0,0.0001137868966907
3500,5700,STRIP,0,0.0,0.0,0.0,0,0.0023730300599709
3500,5800,R20,0,0.0,0.0,0.0,0,0.0001086510019376
3500,5800,STRIP,0,0.0,0.0,0.0,0,0.0022807519417256
3500,5900,R20,0,0.0,0.0,0.0,0,0.0001028210390359
3500,4500,R20,2,245.3427218550288,245.296875,-194452.9628795845,47,1.0878963459981603
3500,6000,R20,0,0.0,0.0,0.0,0,0.0001551309833303
3500,5900,STRIP,0,0.0,0.0,0.0,0,0.0023386880056932
3500,6100,R20,0,0.0,0.0,0.0,0,9.07030189409852e-05
3500,6000,STRIP,0,0.0,0.0,0.0,0,0.0025497520109638
3500,6200,R20,0,0.0,0.0,0.0,0,0.0001173639902845
3500,6100,STRIP,0,0.0,0.0,0.0,0,0.0023658720310777
3500,6300,R20,0,0.0,0.0,0.0,0,9.03770560398698e-05
3500,6200,STRIP,0,0.0,0.0,0.0,0,0.0024131439859047
3500,6400,R20,0,0.0,0.0,0.0,0,0.0001075349282473
3500,6300,STRIP,0,0.0,0.0,0.0,0,0.0022466669324785
3500,6400,STRIP,0,0.0,0.0,0.0,0,0.0022790550719946
3500,6500,STRIP,0,0.0,0.0,0.0,0,0.002429906046018
3400,9600,STRIP,2,3509.614776367635,3509.6875,-26284871.877775244,131,1.7960920569021257
3400,9500,STRIP,1,3391.5982926830275,3391.671875,-23905411.82772511,125,2.049553061951883
3500,6700,R20,0,0.0,0.0,0.0,0,0.0002091450151056
3500,6700,STRIP,0,0.0,0.0,0.0,0,0.0047886240063235
3500,6800,R20,0,0.0,0.0,0.0,0,0.0001743539469316
3500,6800,STRIP,0,0.0,0.0,0.0,0,0.0045604270417243
3500,6900,R20,0,0.0,0.0,0.0,0,0.0001842930214479
3500,6900,STRIP,0,0.0,0.0,0.0,0,0.0044875799212604
3500,7000,R20,0,0.0,0.0,0.0,0,0.0001674289815127
3500,7000,STRIP,0,0.0,0.0,0.0,0,0.0043928469531238
3500,7100,R20,0,0.0,0.0,0.0,0,0.0001652720384299
3500,7100,STRIP,0,0.0,0.0,0.0,0,0.0043636880582198
3500,7200,R20,0,0.0,0.0,0.0,0,0.0001668740296736
3500,7200,STRIP,0,0.0,0.0,0.0,0,0.0043475909624248
3500,7300,R20,0,0.0,0.0,0.0,0,0.0001609299797564
3500,7300,STRIP,0,0.0,0.0,0.0,0,0.0044010779820382
3500,7400,R20,0,0.0,0.0,0.0,0,0.0001477559562772
3500,7400,STRIP,0,0.0,0.0,0.0,0,0.0043171739671379
3500,7500,R20,0,0.0,0.0,0.0,0,0.0001567739527672
3500,7500,STRIP,0,0.0,0.0,0.0,0,0.0043828189373016
3500,7600,R20,0,0.0,0.0,0.0,0,0.000152647960931
3500,7600,STRIP,0,0.0,0.0,0.0,0,0.0041463179513812
3500,7700,R20,0,0.0,0.0,0.0,0,0.0001478659687563
3500,7700,STRIP,0,0.0,0.0,0.0,0,0.0039126520277932
3500,7800,R20,0,0.0,0.0,0.0,0,0.0001525429543107
3500,7800,STRIP,0,0.0,0.0,0.0,0,0.0036809700541198
3500,7900,R20,0,0.0,0.0,0.0,0,0.0001405129441991
3500,7900,STRIP,0,0.0,0.0,0.0,0,0.0033812460023909
3500,8000,R20,0,0.0,0.0,0.0,0,0.0001430429983884
3400,9700,STRIP,1,3391.5982926830275,3391.671875,-23905411.82772511,125,2.0334717410150915
3500,8100,R20,0,0.0,0.0,0.0,0,0.0001857919851318
3500,8000,STRIP,0,0.0,0.0,0.0,0,0.0033379470696672
3500,8200,R20,0,0.0,0.0,0.0,0,0.0001382230548188
3500,8100,STRIP,0,0.0,0.0,0.0,0,0.0032605290180072
3500,8300,R20,0,0.0,0.0,0.0,0,0.0001397939631715
3500,8200,STRIP,0,0.0,0.0,0.0,0,0.0027715519536286
3500,8400,R20,0,0.0,0.0,0.0,0,0.0001097619533538
3500,8300,STRIP,0,0.0,0.0,0.0,0,0.002962831989862
3500,8500,R20,0,0.0,0.0,0.0,0,0.0001281920121982
3500,8400,STRIP,0,0.0,0.0,0.0,0,0.0026816279860213
3500,8600,R20,0,0.0,0.0,0.0,0,0.0001042699441313
3500,8500,STRIP,0,0.0,0.0,0.0,0,0.0026909710140898
3500,8600,STRIP,0,0.0,0.0,0.0,0,0.0024399360409006
3500,8700,R20,0,0.0,0.0,0.0,0,0.0001249680062755
3500,8800,R20,0,0.0,0.0,0.0,0,4.15450194850564e-05
3500,8700,STRIP,0,0.0,0.0,0.0,0,0.0028736939420923
3500,8800,STRIP,0,0.0,0.0,0.0,0,0.0028613139875233
3500,8900,STRIP,0,0.0,0.0,0.0,0,0.0032181399874389
3500,4500,STRIP,2,245.3427218550288,245.296875,-194452.9628795845,47,1.1137692619813606
3500,9000,STRIP,0,0.0,0.0,0.0,0,0.0048008299199864
3500,9100,R20,0,0.0,0.0,0.0,0,0.000182312913239
3500,9100,STRIP,0,0.0,0.0,0.0,0,0.0042361469240859
3500,9200,R20,0,0.0,0.0,0.0,0,0.0001686690375208
3500,9200,STRIP,0,0.0,0.0,0.0,0,0.0037963130744174
3500,9300,R20,0,0.0,0.0,0.0,0,0.0001636180095374
3500,9300,STRIP,0,0.0,0.0,0.0,0,0.0033931030193343
3500,9400,R20,0,0.0,0.0,0.0,0,0.0001505229156464
3500,9400,STRIP,0,0.0,0.0,0.0,0,0.0030111250234767
3500,9500,R20,0,0.0,0.0,0.0,0,0.0001427209936082
3500,5000,R20,1,102.11200370766156,102.15625,-13430.00848228715,41,1.0359268259489909
3500,4600,R20,1,242.29559831870503,242.25,-189896.72712252545,52,1.205234898021445
3500,5000,STRIP,1,102.11200370766156,102.15625,-13430.00848228715,41,1.033683871966787
3500,6600,R20,1,18.669315994405068,18.6875,-138.2211499634673,30,1.1303824461065233
3500,6500,R20,1,35.5697957292383,35.578125,-262.55128920543103,30,1.1365311009576544
3500,6600,STRIP,1,14.462058754281664,13.640625,-146.08012305889918,30,1.1527389410184696
3500,8900,R20,1,25.65470076558792,25.65625,-75.36706494721984,30,1.055089464993216
3500,9000,R20,1,159.3083513817696,159.28125,-381.549174806127,47,1.1184254479594529
3500,9900,STRIP,0,0.0,0.0,0.0,0,0.0049911419628188
3500,9600,R20,1,226.4830412673056,226.46875,-55189.520759777486,42,1.3644258229760453
3500,9600,STRIP,1,66.79304946229318,66.78125,-15182.01984787559,36,1.4000072850612924
3500,10100,R20,0,0.0,0.0,0.0,0,0.0001730730291455
3500,10100,STRIP,0,0.0,0.0,0.0,0,0.0041064330143854
3500,10200,R20,0,0.0,0.0,0.0,0,0.0001572059700265
3500,10200,STRIP,0,0.0,0.0,0.0,0,0.0030864030122756
3500,10300,R20,0,0.0,0.0,0.0,0,0.0001466199755668
3500,10300,STRIP,0,0.0,0.0,0.0,0,0.0026617529802024
3500,10400,R20,0,0.0,0.0,0.0,0,0.0001569050364196
3500,10400,STRIP,0,0.0,0.0,0.0,0,0.0025723229628056
3500,10500,R20,0,0.0,0.0,0.0,0,0.0001244760351255
3500,10500,STRIP,0,0.0,0.0,0.0,0,0.0024930499494075
3500,10600,R20,0,0.0,0.0,0.0,0,0.0001289539504796
3500,10600,STRIP,0,0.0,0.0,0.0,0,0.0024283300153911
3500,10700,R20,0,0.0,0.0,0.0,0,0.0001232849899679
3500,10700,STRIP,0,0.0,0.0,0.0,0,0.0024423339636996
3500,10800,R20,0,0.0,0.0,0.0,0,0.0001120809465646
3500,10800,STRIP,0,0.0,0.0,0.0,0,0.0024420960107818
3500,10900,R20,0,0.0,0.0,0.0,0,0.0001072599552571
3500,10900,STRIP,0,0.0,0.0,0.0,0,0.0024663989897817
3500,11000,R20,0,0.0,0.0,0.0,0,0.0001067770645022
3500,11000,STRIP,0,0.0,0.0,0.0,0,0.0024286119733005
3500,11100,R20,0,0.0,0.0,0.0,0,0.0001051930012181
3500,11100,STRIP,0,0.0,0.0,0.0,0,0.0025387849891558
3600,3200,R20,0,0.0,0.0,0.0,0,0.0001128229778259
3600,3200,STRIP,0,0.0,0.0,0.0,0,0.0025645099813118
3600,3300,R20,0,0.0,0.0,0.0,0,0.0001289889914914
3600,3300,STRIP,0,0.0,0.0,0.0,0,0.0025042300112545
3600,3400,R20,0,0.0,0.0,0.0,0,0.0001086599659174
3600,3400,STRIP,0,0.0,0.0,0.0,0,0.0023983870632946
3600,3500,R20,0,0.0,0.0,0.0,0,0.0001068410929292
3600,3500,STRIP,0,0.0,0.0,0.0,0,0.0024024759186431
3600,3600,R20,0,0.0,0.0,0.0,0,0.0001051139552146
3600,3600,STRIP,0,0.0,0.0,0.0,0,0.0024500649888068
3500,9800,R20,1,116.17143917781203,116.140625,-1252.89988171439,36,1.1626359299989415
3600,3700,STRIP,0,0.0,0.0,0.0,0,0.0040618750499561
3600,3800,R20,0,0.0,0.0,0.0,0,0.0001670690253376
3600,3800,STRIP,0,0.0,0.0,0.0,0,0.0029376990860328
3600,3900,R20,0,0.0,0.0,0.0,0,0.000150141888298
3600,3900,STRIP,0,0.0,0.0,0.0,0,0.002464450080879
3600,4000,R20,0,0.0,0.0,0.0,0,0.0001320439623668
3600,4000,STRIP,0,0.0,0.0,0.0,0,0.0025007521035149
3600,4100,R20,0,0.0,0.0,0.0,0,0.0001244129380211
3600,4100,STRIP,0,0.0,0.0,0.0,0,0.0023591510253027
3600,4200,R20,0,0.0,0.0,0.0,0,0.0001171129988506
3600,4200,STRIP,0,0.0,0.0,0.0,0,0.0022959930356591
3500,9500,STRIP,1,3391.5982926830275,3391.671875,-23905411.82772511,125,2.0261834129923955
3600,4300,STRIP,0,0.0,0.0,0.0,0,0.004130118060857
3600,4400,R20,0,0.0,0.0,0.0,0,0.0001677250256761
3600,4400,STRIP,0,0.0,0.0,0.0,0,0.0028651700122281
3500,9700,R20,1,149.81065510910656,149.796875,-115173.39576654077,48,1.5588440200081095
3600,4500,STRIP,0,0.0,0.0,0.0,0,0.0044220129493623
3600,4600,R20,0,0.0,0.0,0.0,0,0.0001764969201758
3600,4600,STRIP,0,0.0,0.0,0.0,0,0.0037262990372255
3600,4700,R20,0,0.0,0.0,0.0,0,0.0001659819390624
3600,4700,STRIP,0,0.0,0.0,0.0,0,0.0033229939872398
3600,4800,R20,0,0.0,0.0,0.0,0,0.0001585260033607
3600,4800,STRIP,0,0.0,0.0,0.0,0,0.0030035959789529
3600,4900,R20,0,0.0,0.0,0.0,0,0.0001488790148869
3600,4900,STRIP,0,0.0,0.0,0.0,0,0.0028044789796695
3600,5000,R20,0,0.0,0.0,0.0,0,0.0001451609423384
3600,5000,STRIP,0,0.0,0.0,0.0,0,0.0030020819976925
3600,5100,R20,0,0.0,0.0,0.0,0,0.0001513650640845
3600,5100,STRIP,0,0.0,0.0,0.0,0,0.0030439289985224
3600,5200,R20,0,0.0,0.0,0.0,0,0.000150155974552
3600,5200,STRIP,0,0.0,0.0,0.0,0,0.0030694960150867
3600,5300,R20,0,0.0,0.0,0.0,0,0.000150840030983
3600,5300,STRIP,0,0.0,0.0,0.0,0,0.0030296240001916
3600,5400,R20,0,0.0,0.0,0.0,0,0.0001497000921517
3600,5400,STRIP,0,0.0,0.0,0.0,0,0.0031055549625307
3600,5500,R20,0,0.0,0.0,0.0,0,0.0001543889520689
3600,5500,STRIP,0,0.0,0.0,0.0,0,0.0032215439714491
3600,5600,R20,0,0.0,0.0,0.0,0,0.0001595470821484
3600,5600,STRIP,0,0.0,0.0,0.0,0,0.0033333370229229
3600,5700,R20,0,0.0,0.0,0.0,0,0.0001570059685036
3600,5700,STRIP,0,0.0,0.0,0.0,0,0.0032717720605432
3600,5800,R20,0,0.0,0.0,0.0,0,0.0001535250339657
3600,5800,STRIP,0,0.0,0.0,0.0,0,0.00327012501657
3600,5900,R20,0,0.0,0.0,0.0,0,0.0001543740509077
3600,5900,STRIP,0,0.0,0.0,0.0,0,0.0033588710939511
3600,6000,R20,0,0.0,0.0,0.0,0,0.0001483109081164
3600,6000,STRIP,0,0.0,0.0,0.0,0,0.0034433719702064
3600,6100,R20,0,0.0,0.0,0.0,0,0.0001576119102537
3600,6100,STRIP,0,0.0,0.0,0.0,0,0.0039411169709637
3600,6200,R20,0,0.0,0.0,0.0,0,0.0001491250004619
3600,6200,STRIP,0,0.0,0.0,0.0,0,0.0040350980125367
3600,6300,R20,0,0.0,0.0,0.0,0,0.0001523620449006
3600,6300,STRIP,0,0.0,0.0,0.0,0,0.0042556059779599
3600,6400,R20,0,0.0,0.0,0.0,0,0.0001576989889144
3600,6400,STRIP,0,0.0,0.0,0.0,0,0.0042266770033165
3600,6500,R20,0,0.0,0.0,0.0,0,0.0001648740144446
3600,6500,STRIP,0,0.0,0.0,0.0,0,0.0043108779937028
3600,6600,R20,0,0.0,0.0,0.0,0,0.0001615859800949
3600,6600,STRIP,0,0.0,0.0,0.0,0,0.0043293449562042
3600,6700,R20,0,0.0,0.0,0.0,0,0.0001553220208734
3600,6700,STRIP,0,0.0,0.0,0.0,0,0.0044006990501657
3600,6800,R20,0,0.0,0.0,0.0,0,0.0001616650260984
3600,6800,STRIP,0,0.0,0.0,0.0,0,0.0043352909851819
3600,6900,R20,0,0.0,0.0,0.0,0,0.0001609630417078
3600,6900,STRIP,0,0.0,0.0,0.0,0,0.0042780999792739
3600,7000,R20,0,0.0,0.0,0.0,0,0.0001556470524519
3600,7000,STRIP,0,0.0,0.0,0.0,0,0.0042970390059053
3600,7100,R20,0,0.0,0.0,0.0,0,0.0001572760520502
3600,7100,STRIP,0,0.0,0.0,0.0,0,0.0042232900159433
3600,7200,R20,0,0.0,0.0,0.0,0,0.0001608229940757
3600,7200,STRIP,0,0.0,0.0,0.0,0,0.0042280519846826
3600,7300,R20,0,0.0,0.0,0.0,0,0.0001628811005502
3600,7300,STRIP,0,0.0,0.0,0.0,0,0.0042147589847445
3600,7400,R20,0,0.0,0.0,0.0,0,0.0001603240380063
3600,7400,STRIP,0,0.0,0.0,0.0,0,0.0042227830272167
3600,7500,R20,0,0.0,0.0,0.0,0,0.0001717689447104
3600,7500,STRIP,0,0.0,0.0,0.0,0,0.0042443330166861
3600,7600,R20,0,0.0,0.0,0.0,0,0.0001548309810459
3600,7600,STRIP,0,0.0,0.0,0.0,0,0.0042213120032101
3600,7700,R20,0,0.0,0.0,0.0,0,0.00015935592819
3600,7700,STRIP,0,0.0,0.0,0.0,0,0.0042291830759495
3600,7800,R20,0,0.0,0.0,0.0,0,0.0001556589268147
3600,7800,STRIP,0,0.0,0.0,0.0,0,0.0041859180200845
3600,7900,R20,0,0.0,0.0,0.0,0,0.0001575229689478
3600,7900,STRIP,0,0.0,0.0,0.0,0,0.0040048559894785
3600,8000,R20,0,0.0,0.0,0.0,0,0.0001529729925096
3600,8000,STRIP,0,0.0,0.0,0.0,0,0.0039175370475277
3600,8100,R20,0,0.0,0.0,0.0,0,0.0001542760292068
3600,8100,STRIP,0,0.0,0.0,0.0,0,0.0038947790162637
3600,8200,R20,0,0.0,0.0,0.0,0,0.0001523810205981
3600,8200,STRIP,0,0.0,0.0,0.0,0,0.0038713719695806
3600,8300,R20,0,0.0,0.0,0.0,0,0.0001536660129204
3600,8300,STRIP,0,0.0,0.0,0.0,0,0.003769997972995
3600,8400,R20,0,0.0,0.0,0.0,0,0.0001500059152022
3600,8400,STRIP,0,0.0,0.0,0.0,0,0.0037623529788106
3600,8500,R20,0,0.0,0.0,0.0,0,0.0001502489903941
3600,8500,STRIP,0,0.0,0.0,0.0,0,0.0037920139729976
3600,8600,R20,0,0.0,0.0,0.0,0,0.0001539279473945
3600,8600,STRIP,0,0.0,0.0,0.0,0,0.0039595660055056
3600,8700,R20,0,0.0,0.0,0.0,0,0.0001561290118843
3600,8700,STRIP,0,0.0,0.0,0.0,0,0.0039451719494536
3600,8800,R20,0,0.0,0.0,0.0,0,0.0001565279671922
3500,9900,R20,1,49.00490048780499,48.765625,-145.63979898067691,35,1.2722627440234646
3600,8900,R20,0,0.0,0.0,0.0,0,0.0001873769797384
3600,8800,STRIP,0,0.0,0.0,0.0,0,0.0038580910768359
3600,9000,R20,0,0.0,0.0,0.0,0,0.0001314890105277
3600,8900,STRIP,0,0.0,0.0,0.0,0,0.0036264531081542
3600,9100,R20,0,0.0,0.0,0.0,0,0.0001580619718879
3600,9000,STRIP,0,0.0,0.0,0.0,0,0.0032011419534683
3600,9200,R20,0,0.0,0.0,0.0,0,0.0001217069802805
3600,9200,STRIP,0,0.0,0.0,0.0,0,0.0031884730560705
3600,9100,STRIP,0,0.0,0.0,0.0,0,0.0033668510150164
3600,9300,R20,0,0.0,0.0,0.0,0,0.0001459950581192
3600,9400,R20,0,0.0,0.0,0.0,0,4.187703598290682e-05
3600,9400,STRIP,0,0.0,0.0,0.0,0,0.0034346929751336
3600,9300,STRIP,0,0.0,0.0,0.0,0,0.0036523749586194
3600,9500,R20,0,0.0,0.0,0.0,0,0.0001493510790169
3600,9500,STRIP,0,0.0,0.0,0.0,0,0.0035517240175977
3600,9600,STRIP,0,0.0,0.0,0.0,0,0.0035972889745607
3600,9700,R20,0,0.0,0.0,0.0,0,0.0001669289777055
3600,9700,STRIP,0,0.0,0.0,0.0,0,0.003623284981586
3500,9800,STRIP,2,214.88839505107964,214.875,-2729.4409152129315,58,1.4819594559958205
3600,9800,STRIP,0,0.0,0.0,0.0,0,0.0042849680176004
3600,9900,R20,0,0.0,0.0,0.0,0,0.0001747749047353
3600,9900,STRIP,0,0.0,0.0,0.0,0,0.0032104549463838
3600,10000,R20,0,0.0,0.0,0.0,0,0.000144300982356
3600,10000,STRIP,0,0.0,0.0,0.0,0,0.0025524400407448
3600,10100,R20,0,0.0,0.0,0.0,0,0.0001281610457226
3600,10100,STRIP,0,0.0,0.0,0.0,0,0.0023727080551907
3600,10200,R20,0,0.0,0.0,0.0,0,0.0001136449864134
3600,10200,STRIP,0,0.0,0.0,0.0,0,0.0022261609556153
3600,10300,R20,0,0.0,0.0,0.0,0,0.0001029500272125
3600,10300,STRIP,0,0.0,0.0,0.0,0,0.002212235936895
3600,10400,R20,0,0.0,0.0,0.0,0,9.831110946834087e-05
3600,10400,STRIP,0,0.0,0.0,0.0,0,0.002202835981734
3600,10500,R20,0,0.0,0.0,0.0,0,9.516102727502584e-05
3600,10500,STRIP,0,0.0,0.0,0.0,0,0.0022026919759809
3600,10600,R20,0,0.0,0.0,0.0,0,9.68810636550188e-05
3600,10600,STRIP,0,0.0,0.0,0.0,0,0.0021345870336517
3600,10700,R20,0,0.0,0.0,0.0,0,8.91820527613163e-05
3600,10700,STRIP,0,0.0,0.0,0.0,0,0.0021904449677094
3600,10800,R20,0,0.0,0.0,0.0,0,9.042711462825535e-05
3600,10800,STRIP,0,0.0,0.0,0.0,0,0.0022428650408983
3600,10900,R20,0,0.0,0.0,0.0,0,9.094900451600552e-05
3600,10900,STRIP,0,0.0,0.0,0.0,0,0.0022425219649448
3600,11000,R20,0,0.0,0.0,0.0,0,9.207497350871564e-05
3600,11000,STRIP,0,0.0,0.0,0.0,0,0.0021963089238852
3600,11100,R20,0,0.0,0.0,0.0,0,8.902593981474638e-05
3600,11100,STRIP,0,0.0,0.0,0.0,0,0.0022084850352257
3700,3500,R20,0,0.0,0.0,0.0,0,8.76330304890871e-05
3700,3500,STRIP,0,0.0,0.0,0.0,0,0.0021803040290251
3700,3600,R20,0,0.0,0.0,0.0,0,8.805806282907724e-05
3700,3600,STRIP,0,0.0,0.0,0.0,0,0.0020928230369463
3500,10000,R20,2,449.4864317793455,449.546875,-4841.860306934123,61,1.317808412015438
3600,3700,R20,1,22.17443897462414,22.15625,-81788.41906266965,30,0.6580967289628461
3700,3800,R20,0,0.0,0.0,0.0,0,0.0002307929098606
3700,3800,STRIP,0,0.0,0.0,0.0,0,0.004834103048779
3700,3900,R20,0,0.0,0.0,0.0,0,0.0001755070406943
3700,3900,STRIP,0,0.0,0.0,0.0,0,0.00456668890547
3700,4000,R20,0,0.0,0.0,0.0,0,0.0001712549710646
3700,4000,STRIP,0,0.0,0.0,0.0,0,0.0045313920127227
3700,4100,R20,0,0.0,0.0,0.0,0,0.0001690220087766
3700,4100,STRIP,0,0.0,0.0,0.0,0,0.0044852319406345
3700,4200,R20,0,0.0,0.0,0.0,0,0.0001620079856365
3700,4200,STRIP,0,0.0,0.0,0.0,0,0.0044180590193718
3700,4300,R20,0,0.0,0.0,0.0,0,0.0001525490079075
3700,4300,STRIP,0,0.0,0.0,0.0,0,0.0042707480024546
3700,4400,R20,0,0.0,0.0,0.0,0,0.0001659689005464
3700,4400,STRIP,0,0.0,0.0,0.0,0,0.0040835189865902
3700,4500,R20,0,0.0,0.0,0.0,0,0.000149630010128
3700,4500,STRIP,0,0.0,0.0,0.0,0,0.0038747679209336
3700,4600,R20,0,0.0,0.0,0.0,0,0.0001530770678073
3700,4600,STRIP,0,0.0,0.0,0.0,0,0.0037032220279797
3700,4700,R20,0,0.0,0.0,0.0,0,0.0001476070610806
3700,4700,STRIP,0,0.0,0.0,0.0,0,0.0034415710251778
3700,4800,R20,0,0.0,0.0,0.0,0,0.000164994969964
3700,4800,STRIP,0,0.0,0.0,0.0,0,0.0032058060169219
3700,4900,R20,0,0.0,0.0,0.0,0,0.0001486629480496
3700,4900,STRIP,0,0.0,0.0,0.0,0,0.002969634020701
3700,5000,R20,0,0.0,0.0,0.0,0,0.0001491439761593
3700,5000,STRIP,0,0.0,0.0,0.0,0,0.0022410689853131
3700,5100,R20,0,0.0,0.0,0.0,0,0.0001352570252493
3700,5100,STRIP,0,0.0,0.0,0.0,0,0.0024864319711923
3700,5200,R20,0,0.0,0.0,0.0,0,0.0001214379444718
3700,5200,STRIP,0,0.0,0.0,0.0,0,0.0023666770430281
3700,5300,R20,0,0.0,0.0,0.0,0,0.0001162500120699
3700,5300,STRIP,0,0.0,0.0,0.0,0,0.0018558909650892
3700,5400,R20,0,0.0,0.0,0.0,0,0.0001067230477929
3700,5400,STRIP,0,0.0,0.0,0.0,0,0.0017297730082646
3700,5500,R20,0,0.0,0.0,0.0,0,9.942904580384492e-05
3700,5500,STRIP,0,0.0,0.0,0.0,0,0.0017551489872857
3700,5600,R20,0,0.0,0.0,0.0,0,9.802100248634817e-05
3700,5600,STRIP,0,0.0,0.0,0.0,0,0.0017922420520335
3700,5700,R20,0,0.0,0.0,0.0,0,9.614101145416498e-05
3500,9700,STRIP,3,299.34228802730775,299.296875,-128608.09961493708,70,1.8608430150197817
3700,5800,R20,0,0.0,0.0,0.0,0,0.0001436070306226
3700,5700,STRIP,0,0.0,0.0,0.0,0,0.0017623549792915
3700,5900,R20,0,0.0,0.0,0.0,0,8.63960012793541e-05
3700,5800,STRIP,0,0.0,0.0,0.0,0,0.0020823309896513
3700,6000,R20,0,0.0,0.0,0.0,0,0.0001105810515582
3700,5900,STRIP,0,0.0,0.0,0.0,0,0.0023216919507831
3700,6100,R20,0,0.0,0.0,0.0,0,8.589797653257847e-05
3700,6000,STRIP,0,0.0,0.0,0.0,0,0.0022634860360994
3700,6200,R20,0,0.0,0.0,0.0,0,0.0001013810979202
3700,6100,STRIP,0,0.0,0.0,0.0,0,0.0020895610796287
3700,6300,R20,0,0.0,0.0,0.0,0,9.928399231284855e-05
3700,6200,STRIP,0,0.0,0.0,0.0,0,0.0022134709870442
3700,6400,R20,0,0.0,0.0,0.0,0,9.650806896388532e-05
3700,6300,STRIP,0,0.0,0.0,0.0,0,0.0021956140408292
3700,6500,R20,0,0.0,0.0,0.0,0,8.46589682623744e-05
3700,6400,STRIP,0,0.0,0.0,0.0,0,0.0021983109181746
3700,6600,R20,0,0.0,0.0,0.0,0,9.380304254591464e-05
3700,6500,STRIP,0,0.0,0.0,0.0,0,0.0021492509404197
3700,6700,R20,0,0.0,0.0,0.0,0,8.458993397653103e-05
3700,6600,STRIP,0,0.0,0.0,0.0,0,0.0017484119161963
3700,6800,R20,0,0.0,0.0,0.0,0,8.734595030546188e-05
3700,6700,STRIP,0,0.0,0.0,0.0,0,0.0017964590806514
3700,6900,R20,0,0.0,0.0,0.0,0,8.332193829119205e-05
3700,6800,STRIP,0,0.0,0.0,0.0,0,0.0017745100194588
3700,7000,R20,0,0.0,0.0,0.0,0,9.04769403859973e-05
3700,6900,STRIP,0,0.0,0.0,0.0,0,0.0017620750004425
3700,7100,R20,0,0.0,0.0,0.0,0,8.317292667925358e-05
3700,7000,STRIP,0,0.0,0.0,0.0,0,0.0017501399852335
3700,7200,R20,0,0.0,0.0,0.0,0,8.432799950242043e-05
3700,7100,STRIP,0,0.0,0.0,0.0,0,0.0017707510851323
3700,7300,R20,0,0.0,0.0,0.0,0,8.087791502475739e-05
3700,7200,STRIP,0,0.0,0.0,0.0,0,0.0016442280029878
3700,7400,R20,0,0.0,0.0,0.0,0,8.073204662650824e-05
3700,7300,STRIP,0,0.0,0.0,0.0,0,0.0017273490084335
3700,7500,R20,0,0.0,0.0,0.0,0,9.192200377583504e-05
3700,7400,STRIP,0,0.0,0.0,0.0,0,0.00171912193764
3700,7600,R20,0,0.0,0.0,0.0,0,8.102506399154663e-05
3700,7500,STRIP,0,0.0,0.0,0.0,0,0.0017116150120273
3700,7700,R20,0,0.0,0.0,0.0,0,7.835705764591694e-05
3700,7600,STRIP,0,0.0,0.0,0.0,0,0.0016356030246242
3700,7800,R20,0,0.0,0.0,0.0,0,7.496797479689121e-05
3700,7700,STRIP,0,0.0,0.0,0.0,0,0.0016005630604922
3700,7900,R20,0,0.0,0.0,0.0,0,7.708696648478508e-05
3700,7800,STRIP,0,0.0,0.0,0.0,0,0.0015182939823716
3700,8000,R20,0,0.0,0.0,0.0,0,7.49640166759491e-05
3700,7900,STRIP,0,0.0,0.0,0.0,0,0.0016227199230343
3700,8100,R20,0,0.0,0.0,0.0,0,7.741199806332588e-05
3700,8000,STRIP,0,0.0,0.0,0.0,0,0.0020320159383118
3700,8200,R20,0,0.0,0.0,0.0,0,7.878802716732025e-05
3700,8100,STRIP,0,0.0,0.0,0.0,0,0.0020510689355432
3700,8300,R20,0,0.0,0.0,0.0,0,7.839198224246502e-05
3700,8200,STRIP,0,0.0,0.0,0.0,0,0.0020805860403925
3700,8400,R20,0,0.0,0.0,0.0,0,7.724901661276817e-05
3700,8300,STRIP,0,0.0,0.0,0.0,0,0.002116115996614
3700,8500,R20,0,0.0,0.0,0.0,0,7.759698200970888e-05
3700,8400,STRIP,0,0.0,0.0,0.0,0,0.0019353560637682
3700,8600,R20,0,0.0,0.0,0.0,0,7.88919860497117e-05
3700,8500,STRIP,0,0.0,0.0,0.0,0,0.0019825600320473
3700,8700,R20,0,0.0,0.0,0.0,0,8.286605589091778e-05
3700,8600,STRIP,0,0.0,0.0,0.0,0,0.0020121089182794
3700,8800,R20,0,0.0,0.0,0.0,0,8.396303746849298e-05
3700,8700,STRIP,0,0.0,0.0,0.0,0,0.0020449210423976
3700,8900,R20,0,0.0,0.0,0.0,0,9.012396913021804e-05
3700,8800,STRIP,0,0.0,0.0,0.0,0,0.0020122709684073
3700,9000,R20,0,0.0,0.0,0.0,0,7.780606392771006e-05
3700,8900,STRIP,0,0.0,0.0,0.0,0,0.0020880759693682
3700,9100,R20,0,0.0,0.0,0.0,0,8.483603596687317e-05
3700,9000,STRIP,0,0.0,0.0,0.0,0,0.0021678840275853
3700,9200,R20,0,0.0,0.0,0.0,0,8.162192534655333e-05
3700,9100,STRIP,0,0.0,0.0,0.0,0,0.0021745279664173
3700,9300,R20,0,0.0,0.0,0.0,0,8.308002725243568e-05
3700,9200,STRIP,0,0.0,0.0,0.0,0,0.0020192549563944
3700,9400,R20,0,0.0,0.0,0.0,0,7.690791971981525e-05
3700,9300,STRIP,0,0.0,0.0,0.0,0,0.0016488040564581
3700,9500,R20,0,0.0,0.0,0.0,0,7.714400999248028e-05
3700,9400,STRIP,0,0.0,0.0,0.0,0,0.0015853870427235
3700,9600,R20,0,0.0,0.0,0.0,0,7.598090451210737e-05
3700,9500,STRIP,0,0.0,0.0,0.0,0,0.0016297369729727
3700,9700,R20,0,0.0,0.0,0.0,0,7.872306741774082e-05
3700,9600,STRIP,0,0.0,0.0,0.0,0,0.0020050039747729
3700,9800,R20,0,0.0,0.0,0.0,0,7.29080056771636e-05
3700,9700,STRIP,0,0.0,0.0,0.0,0,0.0020783829968422
3700,9900,R20,0,0.0,0.0,0.0,0,8.22991132736206e-05
3700,9800,STRIP,0,0.0,0.0,0.0,0,0.0016356509877368
3700,10000,R20,0,0.0,0.0,0.0,0,8.564593736082315e-05
3700,9900,STRIP,0,0.0,0.0,0.0,0,0.0016483629588037
3700,10100,R20,0,0.0,0.0,0.0,0,8.623499888926744e-05
3700,10000,STRIP,0,0.0,0.0,0.0,0,0.0017454519402235
3700,10200,R20,0,0.0,0.0,0.0,0,8.145999163389206e-05
3700,10100,STRIP,0,0.0,0.0,0.0,0,0.0021748440340161
3700,10300,R20,0,0.0,0.0,0.0,0,8.244707714766264e-05
3700,10200,STRIP,0,0.0,0.0,0.0,0,0.0020895280176773
3700,10400,R20,0,0.0,0.0,0.0,0,7.599999662488699e-05
3700,10300,STRIP,0,0.0,0.0,0.0,0,0.0020975569495931
3700,10500,R20,0,0.0,0.0,0.0,0,8.096895180642605e-05
3700,10400,STRIP,0,0.0,0.0,0.0,0,0.0021297970088198
3700,10600,R20,0,0.0,0.0,0.0,0,7.915007881820202e-05
3700,10500,STRIP,0,0.0,0.0,0.0,0,0.0021557389991357
3700,10600,STRIP,0,0.0,0.0,0.0,0,0.0021330380113795
3700,10700,STRIP,0,0.0,0.0,0.0,0,0.0021627190290018
3700,10800,R20,0,0.0,0.0,0.0,0,9.74839786067605e-05
3700,10800,STRIP,0,0.0,0.0,0.0,0,0.0021439680131152
3700,10900,R20,0,0.0,0.0,0.0,0,8.605699986219406e-05
3700,10900,STRIP,0,0.0,0.0,0.0,0,0.0020389290293678
3700,11000,R20,0,0.0,0.0,0.0,0,8.41100700199604e-05
3700,11000,STRIP,0,0.0,0.0,0.0,0,0.0017155850073322
3700,11100,R20,0,0.0,0.0,0.0,0,8.002400863915682e-05
3700,11100,STRIP,0,0.0,0.0,0.0,0,0.0016805910272523
3800,3800,R20,0,0.0,0.0,0.0,0,7.816997822374105e-05
3800,3800,STRIP,0,0.0,0.0,0.0,0,0.0021678790217265
3800,3900,R20,0,0.0,0.0,0.0,0,8.129398338496685e-05
3800,3900,STRIP,0,0.0,0.0,0.0,0,0.0021811459446325
3800,4000,R20,0,0.0,0.0,0.0,0,8.36770050227642e-05
3800,4000,STRIP,0,0.0,0.0,0.0,0,0.0021806510630995
3800,4100,R20,0,0.0,0.0,0.0,0,8.53989040479064e-05
3800,4100,STRIP,0,0.0,0.0,0.0,0,0.0025059629697352
3800,4200,R20,0,0.0,0.0,0.0,0,0.0001190019538626
3600,4500,R20,1,34.661636441195355,34.65625,-24801.985521193164,30,0.6876323010073975
3800,4300,R20,0,0.0,0.0,0.0,0,0.0001764529151841
3800,4200,STRIP,0,0.0,0.0,0.0,0,0.0030619109747931
3800,4400,R20,0,0.0,0.0,0.0,0,0.0001077279448509
3800,4400,STRIP,0,0.0,0.0,0.0,0,0.0027063719462603
3800,4300,STRIP,0,0.0,0.0,0.0,0,0.0032888479763641
3800,4500,R20,0,0.0,0.0,0.0,0,0.0001328570069745
3800,4600,R20,0,0.0,0.0,0.0,0,4.1999039240181446e-05
3800,4600,STRIP,0,0.0,0.0,0.0,0,0.0033821909455582
3800,4500,STRIP,0,0.0,0.0,0.0,0,0.0035551940090954
3800,4700,R20,0,0.0,0.0,0.0,0,0.0001365639036521
3800,4800,R20,0,0.0,0.0,0.0,0,3.832695074379444e-05
3800,4800,STRIP,0,0.0,0.0,0.0,0,0.0033861029660329
3800,4700,STRIP,0,0.0,0.0,0.0,0,0.0035971279721707
3800,4900,R20,0,0.0,0.0,0.0,0,0.0001484099775552
3800,4900,STRIP,0,0.0,0.0,0.0,0,0.0034410370280966
3600,9600,R20,1,42.374722087378544,42.375,-404.69100828080695,30,0.6885443669743836
3700,3700,R20,1,19.05779057623784,19.046875,-64079.55192008376,30,0.6769977350486442
3500,10000,STRIP,2,449.4864317793455,449.546875,-4841.860306934123,61,1.3363172290846703
3800,5200,R20,0,0.0,0.0,0.0,0,0.0001776550197973
3800,5100,STRIP,0,0.0,0.0,0.0,0,0.0044235340319573
3800,5300,R20,0,0.0,0.0,0.0,0,0.0001701089786365
3800,5300,STRIP,0,0.0,0.0,0.0,0,0.0035435809986665
3800,5400,R20,0,0.0,0.0,0.0,0,0.0001587769947946
3800,5400,STRIP,0,0.0,0.0,0.0,0,0.0032089160522446
3800,5500,R20,0,0.0,0.0,0.0,0,0.0001481539802625
3800,5500,STRIP,0,0.0,0.0,0.0,0,0.0028087110258638
3800,5600,R20,0,0.0,0.0,0.0,0,0.0001368010416626
3700,3700,STRIP,1,19.05779057623784,19.046875,-64079.55192008376,30,0.6720901919761673
3800,5700,R20,0,0.0,0.0,0.0,0,0.0001654790248721
3800,5600,STRIP,0,0.0,0.0,0.0,0,0.0025881839683279
3800,5800,R20,0,0.0,0.0,0.0,0,0.0001090380828827
3800,5700,STRIP,0,0.0,0.0,0.0,0,0.0027134449919685
3800,5900,R20,0,0.0,0.0,0.0,0,0.0001216779928654
3800,5800,STRIP,0,0.0,0.0,0.0,0,0.0022952080471441
3800,6000,R20,0,0.0,0.0,0.0,0,0.0001066250260919
3800,5900,STRIP,0,0.0,0.0,0.0,0,0.0025144079700112
3800,6000,STRIP,0,0.0,0.0,0.0,0,0.0023689100053161
3800,6100,R20,0,0.0,0.0,0.0,0,0.0001423429930582
3800,6200,R20,0,0.0,0.0,0.0,0,4.257797263562679e-05
3800,6100,STRIP,0,0.0,0.0,0.0,0,0.0025115490425378
3800,6200,STRIP,0,0.0,0.0,0.0,0,0.0024925520410761
3800,6300,R20,0,0.0,0.0,0.0,0,0.0001343809999525
3800,6400,R20,0,0.0,0.0,0.0,0,4.27180202677846e-05
3800,6300,STRIP,0,0.0,0.0,0.0,0,0.0027523400494828
3800,6400,STRIP,0,0.0,0.0,0.0,0,0.0027696070028468
3800,6500,R20,0,0.0,0.0,0.0,0,0.0001325589837506
3800,6600,R20,0,0.0,0.0,0.0,0,4.179601091891527e-05
3800,6500,STRIP,0,0.0,0.0,0.0,0,0.0028530159033834
3800,6600,STRIP,0,0.0,0.0,0.0,0,0.0027595759602263
3800,6700,R20,0,0.0,0.0,0.0,0,0.0001326729543507
3800,6800,R20,0,0.0,0.0,0.0,0,4.483293741941452e-05
3800,6800,STRIP,0,0.0,0.0,0.0,0,0.0023771160049363
3800,6700,STRIP,0,0.0,0.0,0.0,0,0.0025759150739759
3800,6900,R20,0,0.0,0.0,0.0,0,0.0001260790741071
3800,7000,R20,0,0.0,0.0,0.0,0,4.442501813173294e-05
3800,6900,STRIP,0,0.0,0.0,0.0,0,0.0025083509972319
3800,7000,STRIP,0,0.0,0.0,0.0,0,0.0024127180222421
3800,7100,R20,0,0.0,0.0,0.0,0,0.0001311459345743
3800,7200,R20,0,0.0,0.0,0.0,0,4.825496580451727e-05
3800,7100,STRIP,0,0.0,0.0,0.0,0,0.0025489289546385
3800,7200,STRIP,0,0.0,0.0,0.0,0,0.0024425709852948
3800,7300,R20,0,0.0,0.0,0.0,0,0.0001255730167031
3800,7400,R20,0,0.0,0.0,0.0,0,4.569196607917547e-05
3800,7300,STRIP,0,0.0,0.0,0.0,0,0.0025437109870836
3800,7400,STRIP,0,0.0,0.0,0.0,0,0.0024140260647982
3800,7500,R20,0,0.0,0.0,0.0,0,0.00012855802197
3800,7600,R20,0,0.0,0.0,0.0,0,4.602700937539339e-05
3800,7500,STRIP,0,0.0,0.0,0.0,0,0.0024259709753096
3800,7600,STRIP,0,0.0,0.0,0.0,0,0.0023683460894972
3800,7700,R20,0,0.0,0.0,0.0,0,0.0001264649908989
3800,7800,R20,0,0.0,0.0,0.0,0,4.511105362325907e-05
3800,7700,STRIP,0,0.0,0.0,0.0,0,0.0022755219833925
3800,7800,STRIP,0,0.0,0.0,0.0,0,0.0022365900222212
3800,7900,R20,0,0.0,0.0,0.0,0,0.0001198420068249
3800,8000,R20,0,0.0,0.0,0.0,0,4.326098132878542e-05
3800,7900,STRIP,0,0.0,0.0,0.0,0,0.0022569569991901
3800,8100,R20,0,0.0,0.0,0.0,0,0.0001090059522539
3800,8000,STRIP,0,0.0,0.0,0.0,0,0.0023202779702842
3800,8200,R20,0,0.0,0.0,0.0,0,0.0001048609847202
3600,4300,R20,1,35.290763649944296,35.265625,-20645.42292414956,30,1.1074118810938671
3800,8300,R20,0,0.0,0.0,0.0,0,0.0001391330733895
3800,8100,STRIP,0,0.0,0.0,0.0,0,0.0022426220821216
3800,8400,R20,0,0.0,0.0,0.0,0,9.52689442783594e-05
3800,8200,STRIP,0,0.0,0.0,0.0,0,0.0022708349861204
3800,8500,R20,0,0.0,0.0,0.0,0,9.813799988478422e-05
3800,8300,STRIP,0,0.0,0.0,0.0,0,0.0024871210334822
3800,8600,R20,0,0.0,0.0,0.0,0,0.0001098500797525
3800,8400,STRIP,0,0.0,0.0,0.0,0,0.0022171559976413
3800,8700,R20,0,0.0,0.0,0.0,0,9.231700096279384e-05
3800,8500,STRIP,0,0.0,0.0,0.0,0,0.0022666070144623
3800,8800,R20,0,0.0,0.0,0.0,0,8.735700976103544e-05
3800,8600,STRIP,0,0.0,0.0,0.0,0,0.002333004027605
3800,8900,R20,0,0.0,0.0,0.0,0,0.0001082470407709
3800,8700,STRIP,0,0.0,0.0,0.0,0,0.0022599420044571
3800,9000,R20,0,0.0,0.0,0.0,0,9.268103167414664e-05
3800,8800,STRIP,0,0.0,0.0,0.0,0,0.002291276003234
3800,9100,R20,0,0.0,0.0,0.0,0,8.787191472947598e-05
3800,8900,STRIP,0,0.0,0.0,0.0,0,0.0022140089422464
3800,9200,R20,0,0.0,0.0,0.0,0,0.0001114860642701
3800,9000,STRIP,0,0.0,0.0,0.0,0,0.0022409199737012
3800,9300,R20,0,0.0,0.0,0.0,0,9.573600254952908e-05
3800,9100,STRIP,0,0.0,0.0,0.0,0,0.0022487189853563
3800,9400,R20,0,0.0,0.0,0.0,0,8.520390838384628e-05
3800,9200,STRIP,0,0.0,0.0,0.0,0,0.0021859239786863
3800,9500,R20,0,0.0,0.0,0.0,0,0.0001000589691102
3800,9300,STRIP,0,0.0,0.0,0.0,0,0.0022855650167912
3800,9600,R20,0,0.0,0.0,0.0,0,9.139999747276306e-05
3800,9400,STRIP,0,0.0,0.0,0.0,0,0.0021975740091875
3800,9700,R20,0,0.0,0.0,0.0,0,9.363796561956406e-05
3800,9500,STRIP,0,0.0,0.0,0.0,0,0.002182750031352
3800,9800,R20,0,0.0,0.0,0.0,0,9.956397116184236e-05
3800,9600,STRIP,0,0.0,0.0,0.0,0,0.0022335338871926
3800,9900,R20,0,0.0,0.0,0.0,0,0.0001026690006256
3800,9700,STRIP,0,0.0,0.0,0.0,0,0.0023327930830419
3800,10000,R20,0,0.0,0.0,0.0,0,0.0001021610805764
3800,9800,STRIP,0,0.0,0.0,0.0,0,0.0021744359983131
3800,10100,R20,0,0.0,0.0,0.0,0,9.805394802242516e-05
3800,9900,STRIP,0,0.0,0.0,0.0,0,0.0022748030023649
3800,10200,R20,0,0.0,0.0,0.0,0,9.794801007956266e-05
3800,10000,STRIP,0,0.0,0.0,0.0,0,0.0022599049843847
3800,10300,R20,0,0.0,0.0,0.0,0,8.641905151307583e-05
3800,10100,STRIP,0,0.0,0.0,0.0,0,0.0023101969854906
3800,10200,STRIP,0,0.0,0.0,0.0,0,0.0023326510563492
3800,10300,STRIP,0,0.0,0.0,0.0,0,0.0022975689498707
3800,10500,R20,0,0.0,0.0,0.0,0,0.0001002659555524
3800,10500,STRIP,0,0.0,0.0,0.0,0,0.0024193909484893
3600,9800,R20,1,13.765682423340936,12.875,-90.94989700038307,36,1.1012992720352486
3700,10700,R20,1,15.220198408449896,15.203125,-30.994675206197137,30,1.0489279619650915
3800,10600,R20,1,305.1325032276236,305.15625,-604.072933099845,48,0.7765671939123422
3800,10400,R20,1,165.65520099105103,165.640625,-91.22150454541357,42,0.8052731190109625
3800,10400,STRIP,1,165.65520099105103,165.640625,-91.22150454541357,42,0.8090083110146224
3800,10600,STRIP,1,305.1325032276236,305.15625,-604.072933099845,48,0.7834905689815059
3800,5000,STRIP,1,551.8382532146921,551.859375,25827.012777565124,66,1.4557999749667945
3800,5000,R20,2,584.1486451769933,584.1875,27006.97003650086,81,1.6719954359577969
3800,11000,R20,0,0.0,0.0,0.0,0,0.0002082799328491
3800,11000,STRIP,0,0.0,0.0,0.0,0,0.0046927779912948
3900,4100,R20,0,0.0,0.0,0.0,0,0.0001873950241133
3900,4100,STRIP,0,0.0,0.0,0.0,0,0.0047315889969468
3900,4200,R20,0,0.0,0.0,0.0,0,0.0001756929559633
3900,4200,STRIP,0,0.0,0.0,0.0,0,0.0046590249985456
3900,4300,R20,0,0.0,0.0,0.0,0,0.000171797000803
3900,4300,STRIP,0,0.0,0.0,0.0,0,0.0046395920217037
3900,4400,R20,0,0.0,0.0,0.0,0,0.0001600179821252
3900,4400,STRIP,0,0.0,0.0,0.0,0,0.004716480965726
3900,4500,R20,0,0.0,0.0,0.0,0,0.0001594660570845
3900,4500,STRIP,0,0.0,0.0,0.0,0,0.004714410053566
3900,4600,R20,0,0.0,0.0,0.0,0,0.0001603720011189
3800,5100,R20,1,328.7812124016994,328.796875,-45075.34882308587,54,1.4813059159787372
3900,4700,R20,0,0.0,0.0,0.0,0,0.0002137010451406
3900,4600,STRIP,0,0.0,0.0,0.0,0,0.0047991040628403
3900,4800,R20,0,0.0,0.0,0.0,0,0.0001641899580135
3900,4700,STRIP,0,0.0,0.0,0.0,0,0.0046363529982045
3900,4800,STRIP,0,0.0,0.0,0.0,0,0.0040380059508606
3800,5200,STRIP,1,328.7812124016994,328.796875,-45075.34882308587,54,1.4794924330199135
3800,10700,R20,1,49.309101639579694,48.984375,-293.59579810895605,36,1.1212736159795895
3800,10900,R20,1,147.55168192255033,147.59375,-2504.441176198259,46,1.0192051719641313
3900,5100,R20,0,0.0,0.0,0.0,0,0.0001808040542528
3800,10700,STRIP,1,125.4421765769907,125.46875,-7138.2322649277285,46,1.461319167050533
3800,10800,STRIP,1,397.59767948914566,397.640625,-21761.02882174366,59,1.7359190509887412
3800,10800,R20,1,604.5963017186311,604.59375,-40397.69386156096,77,1.9640862989472223
3800,10900,STRIP,1,604.5963017186311,604.59375,-40397.69386156096,77,1.9846469170879573
3900,5000,R20,1,614.0723364016968,614.078125,-350809.9448024858,72,1.8953915919410065
3900,5400,R20,0,0.0,0.0,0.0,0,0.0001977960346266
3900,5400,STRIP,0,0.0,0.0,0.0,0,0.0044708449859172
3900,5500,R20,0,0.0,0.0,0.0,0,0.0001660389825701
3900,5500,STRIP,0,0.0,0.0,0.0,0,0.0040925299981608
3900,5600,R20,0,0.0,0.0,0.0,0,0.0001629970502108
3900,5600,STRIP,0,0.0,0.0,0.0,0,0.0039063909789547
3900,5700,R20,0,0.0,0.0,0.0,0,0.0001594320638105
3900,5700,STRIP,0,0.0,0.0,0.0,0,0.003630185034126
3900,5800,R20,0,0.0,0.0,0.0,0,0.0001464210217818
3900,5800,STRIP,0,0.0,0.0,0.0,0,0.0032190489582717
3900,5900,R20,0,0.0,0.0,0.0,0,0.0001472550211474
3900,5900,STRIP,0,0.0,0.0,0.0,0,0.0030894420342519
3900,6000,R20,0,0.0,0.0,0.0,0,0.0001409969991073
3900,6000,STRIP,0,0.0,0.0,0.0,0,0.0029534209752455
3900,6100,R20,0,0.0,0.0,0.0,0,0.000147990998812
3900,6100,STRIP,0,0.0,0.0,0.0,0,0.0028689909959211
3900,6200,R20,0,0.0,0.0,0.0,0,0.0001293969107791
3900,6200,STRIP,0,0.0,0.0,0.0,0,0.002617661957629
3900,6300,R20,0,0.0,0.0,0.0,0,0.0001341499155387
3900,6300,STRIP,0,0.0,0.0,0.0,0,0.0024006520397961
3900,6400,R20,0,0.0,0.0,0.0,0,0.0001166140427812
3900,6400,STRIP,0,0.0,0.0,0.0,0,0.0024004110600799
3900,6500,R20,0,0.0,0.0,0.0,0,0.000113426009193
3900,6500,STRIP,0,0.0,0.0,0.0,0,0.0023246030323207
3900,6600,R20,0,0.0,0.0,0.0,0,0.0001048910198733
3900,6600,STRIP,0,0.0,0.0,0.0,0,0.0023160049458965
3900,6700,R20,0,0.0,0.0,0.0,0,9.976106230169536e-05
3900,6700,STRIP,0,0.0,0.0,0.0,0,0.002267453004606
3900,6800,R20,0,0.0,0.0,0.0,0,0.0001127920113503
3900,6800,STRIP,0,0.0,0.0,0.0,0,0.0023216870613396
3900,6900,R20,0,0.0,0.0,0.0,0,0.000104179023765
3900,6900,STRIP,0,0.0,0.0,0.0,0,0.0022553639719262
3900,7000,R20,0,0.0,0.0,0.0,0,9.09809023141861e-05
3900,7000,STRIP,0,0.0,0.0,0.0,0,0.0022762659937143
3900,7100,R20,0,0.0,0.0,0.0,0,9.045610204339027e-05
3900,7100,STRIP,0,0.0,0.0,0.0,0,0.0023056020727381
3900,7200,R20,0,0.0,0.0,0.0,0,8.842500392347574e-05
3900,7200,STRIP,0,0.0,0.0,0.0,0,0.0023683570325374
3900,7300,R20,0,0.0,0.0,0.0,0,9.309605229645967e-05
3900,7300,STRIP,0,0.0,0.0,0.0,0,0.0023670149967074
3900,7400,R20,0,0.0,0.0,0.0,0,9.160907939076424e-05
3900,7400,STRIP,0,0.0,0.0,0.0,0,0.0023875799961388
3900,7500,R20,0,0.0,0.0,0.0,0,9.59940953180194e-05
3900,7500,STRIP,0,0.0,0.0,0.0,0,0.002268600044772
3900,7600,R20,0,0.0,0.0,0.0,0,9.38910525292158e-05
3900,7600,STRIP,0,0.0,0.0,0.0,0,0.0022941229399293
3900,7700,R20,0,0.0,0.0,0.0,0,9.046308696269988e-05
3900,7700,STRIP,0,0.0,0.0,0.0,0,0.0022186550777405
3900,7800,R20,0,0.0,0.0,0.0,0,8.90420051291585e-05
3900,7800,STRIP,0,0.0,0.0,0.0,0,0.0022343029268085
3900,7900,R20,0,0.0,0.0,0.0,0,8.948193863034248e-05
3900,7900,STRIP,0,0.0,0.0,0.0,0,0.0022490959381684
3900,8000,R20,0,0.0,0.0,0.0,0,9.046203922480343e-05
3900,8000,STRIP,0,0.0,0.0,0.0,0,0.0023790160194039
3900,8100,R20,0,0.0,0.0,0.0,0,8.925609290599823e-05
3900,8100,STRIP,0,0.0,0.0,0.0,0,0.0022963159717619
3900,8200,R20,0,0.0,0.0,0.0,0,9.15570417419076e-05
3900,8200,STRIP,0,0.0,0.0,0.0,0,0.0023542520357295
3900,8300,R20,0,0.0,0.0,0.0,0,9.258300997316836e-05
3900,8300,STRIP,0,0.0,0.0,0.0,0,0.0023058340884745
3900,8400,R20,0,0.0,0.0,0.0,0,9.38590383157134e-05
3900,8400,STRIP,0,0.0,0.0,0.0,0,0.002351586939767
3900,8500,R20,0,0.0,0.0,0.0,0,9.167101234197617e-05
3900,8500,STRIP,0,0.0,0.0,0.0,0,0.0022820170270279
3900,8600,R20,0,0.0,0.0,0.0,0,9.07600624486804e-05
3900,8600,STRIP,0,0.0,0.0,0.0,0,0.002387915039435
3900,8700,R20,0,0.0,0.0,0.0,0,9.308499284088612e-05
3900,8700,STRIP,0,0.0,0.0,0.0,0,0.0023287080693989
3900,8800,R20,0,0.0,0.0,0.0,0,9.153701830655336e-05
3900,8800,STRIP,0,0.0,0.0,0.0,0,0.0023217189591377
3900,8900,R20,0,0.0,0.0,0.0,0,9.213399607688189e-05
3900,8900,STRIP,0,0.0,0.0,0.0,0,0.0022634810302406
3900,9000,R20,0,0.0,0.0,0.0,0,9.011500515043736e-05
3900,9000,STRIP,0,0.0,0.0,0.0,0,0.0023091150214895
3900,9100,R20,0,0.0,0.0,0.0,0,9.926292113959788e-05
3900,9100,STRIP,0,0.0,0.0,0.0,0,0.0023454159963876
3900,9200,R20,0,0.0,0.0,0.0,0,8.967297617346048e-05
3900,9200,STRIP,0,0.0,0.0,0.0,0,0.0023189319763332
3900,9300,R20,0,0.0,0.0,0.0,0,8.820299990475178e-05
3900,9300,STRIP,0,0.0,0.0,0.0,0,0.0022506630048155
3900,9400,R20,0,0.0,0.0,0.0,0,8.56020487844944e-05
3900,9400,STRIP,0,0.0,0.0,0.0,0,0.0022766069741919
3900,9500,R20,0,0.0,0.0,0.0,0,8.216500282287598e-05
3900,9500,STRIP,0,0.0,0.0,0.0,0,0.0021499950671568
3900,9600,R20,0,0.0,0.0,0.0,0,8.729903493076563e-05
3900,9600,STRIP,0,0.0,0.0,0.0,0,0.0021233350271359
3900,9700,R20,0,0.0,0.0,0.0,0,7.950491271913052e-05
3900,9700,STRIP,0,0.0,0.0,0.0,0,0.0020973660284653
3900,9800,R20,0,0.0,0.0,0.0,0,7.917406037449837e-05
3900,9800,STRIP,0,0.0,0.0,0.0,0,0.0022601510863751
3900,9900,R20,0,0.0,0.0,0.0,0,8.008303120732307e-05
3900,9900,STRIP,0,0.0,0.0,0.0,0,0.00226614496205
3900,10000,R20,0,0.0,0.0,0.0,0,8.288107346743345e-05
3900,10000,STRIP,0,0.0,0.0,0.0,0,0.002324201981537
3900,10100,R20,0,0.0,0.0,0.0,0,8.214206900447607e-05
3900,10100,STRIP,0,0.0,0.0,0.0,0,0.0022164080291986
3900,10200,R20,0,0.0,0.0,0.0,0,7.910397835075855e-05
3900,10200,STRIP,0,0.0,0.0,0.0,0,0.00221733096987
3900,10300,R20,0,0.0,0.0,0.0,0,8.014403283596039e-05
3900,10300,STRIP,0,0.0,0.0,0.0,0,0.0021578880259767
3900,10400,R20,0,0.0,0.0,0.0,0,7.9290010035038e-05
3900,10400,STRIP,0,0.0,0.0,0.0,0,0.0022869709646329
3900,10500,R20,0,0.0,0.0,0.0,0,9.071908425539732e-05
3900,10500,STRIP,0,0.0,0.0,0.0,0,0.0025255299406126
3900,10600,R20,0,0.0,0.0,0.0,0,9.666499681770802e-05
3900,10600,STRIP,0,0.0,0.0,0.0,0,0.0025348840281367
3900,4900,STRIP,1,1083.9754268266029,1083.109375,-674293.6027689227,85,2.1039605959085748
3900,4900,R20,1,1083.9754268266029,1083.109375,-674293.6027689227,85,2.1089632509974763
3900,10700,STRIP,0,0.0,0.0,0.0,0,0.003133314079605
3900,5100,STRIP,1,328.7812124016994,328.796875,-45075.34882308587,54,1.452524772961624
3900,5000,STRIP,2,1698.0477632282996,1697.1875,-1161945.1834479636,97,2.063585077994503
3900,5200,R20,1,1433.769831701225,1410.234375,-4787002.200868713,90,2.1449808159377426
3900,10700,R20,1,8.270857988966593,8.28125,-67.24600857689784,30,1.096288891043514
3900,5300,R20,1,2340.756804711315,2340.71875,-9840912.19961265,121,2.1830399319296703
4000,4400,R20,0,0.0,0.0,0.0,0,0.0001785029890015
4000,4400,STRIP,0,0.0,0.0,0.0,0,0.0041243259329348
4000,4500,R20,0,0.0,0.0,0.0,0,0.0001534200273454
4000,4500,STRIP,0,0.0,0.0,0.0,0,0.0031114530283957
4000,4600,R20,0,0.0,0.0,0.0,0,0.0001365279313176
4000,4600,STRIP,0,0.0,0.0,0.0,0,0.0026315490249544
4000,4700,R20,0,0.0,0.0,0.0,0,0.0001256460091099
4000,4700,STRIP,0,0.0,0.0,0.0,0,0.0024401240516453
4000,4800,R20,0,0.0,0.0,0.0,0,0.000110128079541
4000,4800,STRIP,0,0.0,0.0,0.0,0,0.0022973460145294
3900,5200,STRIP,2,3774.52663641254,3750.953125,-14321577.1769373,168,2.523420004057698
3900,10800,R20,2,136.02115063936253,136.0625,-3402.470727764654,58,1.6350255819270387
3900,10900,R20,2,281.08634915312746,281.078125,-2632.796612359005,52,1.5913668780121952
4000,5000,STRIP,0,0.0,0.0,0.0,0,0.0045152279781177
3900,5300,STRIP,1,2340.756804711315,2340.71875,-9840912.19961265,121,2.2158608980244026
3900,10900,STRIP,4,792.5262671184593,790.0,-18950.48717341709,82,1.53102376696188
3900,10800,STRIP,1,604.5963017186311,604.59375,-40397.69386156096,77,1.9608269450254736
4000,5200,STRIP,0,0.0,0.0,0.0,0,0.0047422599745914
3900,11000,R20,1,374.5549148258604,372.03125,-8875.351789855653,65,1.5619584240484985
3900,11000,STRIP,1,374.5549148258604,372.03125,-8875.351789855653,65,1.581424376112409
4000,5400,R20,0,0.0,0.0,0.0,0,0.0001754659460857
4000,5400,STRIP,0,0.0,0.0,0.0,0,0.0044634139630943
4000,5500,R20,0,0.0,0.0,0.0,0,0.0001582379918545
4000,5500,STRIP,0,0.0,0.0,0.0,0,0.0036606860812753
4000,5600,R20,0,0.0,0.0,0.0,0,0.0001671030186116
4000,5600,STRIP,0,0.0,0.0,0.0,0,0.0031795180402696
4000,5700,R20,0,0.0,0.0,0.0,0,0.0001469739945605
4000,5700,STRIP,0,0.0,0.0,0.0,0,0.0029950109310448
4000,5800,R20,0,0.0,0.0,0.0,0,0.0001363690244033
4000,5800,STRIP,0,0.0,0.0,0.0,0,0.0027138430159538
4000,5900,R20,0,0.0,0.0,0.0,0,0.000118970987387
4000,5900,STRIP,0,0.0,0.0,0.0,0,0.0026769059477373
4000,6000,R20,0,0.0,0.0,0.0,0,0.000118002993986
4000,6000,STRIP,0,0.0,0.0,0.0,0,0.0028674060013145
4000,6100,R20,0,0.0,0.0,0.0,0,0.0001194520154967
4000,6100,STRIP,0,0.0,0.0,0.0,0,0.0028149710269644
4000,6200,R20,0,0.0,0.0,0.0,0,0.000117392046377
4000,6200,STRIP,0,0.0,0.0,0.0,0,0.002756061963737
4000,6300,R20,0,0.0,0.0,0.0,0,0.0001194860087707
4000,6300,STRIP,0,0.0,0.0,0.0,0,0.0027712249429896
4000,6400,R20,0,0.0,0.0,0.0,0,0.0001168909948319
4000,6400,STRIP,0,0.0,0.0,0.0,0,0.0027241269126534
4000,6500,R20,0,0.0,0.0,0.0,0,0.0001152289332821
4000,6500,STRIP,0,0.0,0.0,0.0,0,0.0028446590295061
4000,6600,R20,0,0.0,0.0,0.0,0,0.0001247469335794
4000,6600,STRIP,0,0.0,0.0,0.0,0,0.0028660359093919
4000,6700,R20,0,0.0,0.0,0.0,0,0.000118114054203
4000,6700,STRIP,0,0.0,0.0,0.0,0,0.0028058560565114
4000,6800,R20,0,0.0,0.0,0.0,0,0.0001165330177173
4000,6800,STRIP,0,0.0,0.0,0.0,0,0.0027034230297431
4000,6900,R20,0,0.0,0.0,0.0,0,0.0001123839756473
4000,6900,STRIP,0,0.0,0.0,0.0,0,0.0027663849759846
4000,7000,R20,0,0.0,0.0,0.0,0,0.0001138729276135
4000,7000,STRIP,0,0.0,0.0,0.0,0,0.0027006369782611
4000,7100,R20,0,0.0,0.0,0.0,0,0.000121809891425
4000,7100,STRIP,0,0.0,0.0,0.0,0,0.0028738670516759
4000,7200,R20,0,0.0,0.0,0.0,0,0.0001136309001594
4000,7200,STRIP,0,0.0,0.0,0.0,0,0.002837497042492
4000,7300,R20,0,0.0,0.0,0.0,0,0.0001201370032504
4000,7300,STRIP,0,0.0,0.0,0.0,0,0.0027847760356962
4000,7400,R20,0,0.0,0.0,0.0,0,0.0001144220586866
4000,7400,STRIP,0,0.0,0.0,0.0,0,0.0025223570410162
4000,7500,R20,0,0.0,0.0,0.0,0,0.0001026410609483
4000,7500,STRIP,0,0.0,0.0,0.0,0,0.0023736689472571
4000,7600,R20,0,0.0,0.0,0.0,0,9.990402031689882e-05
4000,7600,STRIP,0,0.0,0.0,0.0,0,0.002431645989418
4000,7700,R20,0,0.0,0.0,0.0,0,9.778293315321208e-05
4000,7700,STRIP,0,0.0,0.0,0.0,0,0.0023908179719001
4000,7800,R20,0,0.0,0.0,0.0,0,9.447196498513222e-05
4000,7800,STRIP,0,0.0,0.0,0.0,0,0.0024342640535905
4000,7900,R20,0,0.0,0.0,0.0,0,9.369896724820136e-05
4000,7900,STRIP,0,0.0,0.0,0.0,0,0.0023008910939097
4000,8000,R20,0,0.0,0.0,0.0,0,9.765103459358215e-05
4000,8000,STRIP,0,0.0,0.0,0.0,0,0.0024374580243602
4000,8100,R20,0,0.0,0.0,0.0,0,9.325600694864988e-05
4000,8100,STRIP,0,0.0,0.0,0.0,0,0.0023615460377186
4000,8200,R20,0,0.0,0.0,0.0,0,9.184598457068204e-05
4000,8200,STRIP,0,0.0,0.0,0.0,0,0.0024037800030782
4000,8300,R20,0,0.0,0.0,0.0,0,9.15509881451726e-05
4000,8300,STRIP,0,0.0,0.0,0.0,0,0.0023644350003451
4000,8400,R20,0,0.0,0.0,0.0,0,0.0001016180031001
4000,8400,STRIP,0,0.0,0.0,0.0,0,0.0024520930601283
4000,8500,R20,0,0.0,0.0,0.0,0,9.107403457164764e-05
4000,8500,STRIP,0,0.0,0.0,0.0,0,0.0023918430088087
4000,8600,R20,0,0.0,0.0,0.0,0,8.995807729661465e-05
4000,8600,STRIP,0,0.0,0.0,0.0,0,0.0024048939812928
4000,8700,R20,0,0.0,0.0,0.0,0,9.089906234294176e-05
4000,8700,STRIP,0,0.0,0.0,0.0,0,0.0023747769882902
4000,8800,R20,0,0.0,0.0,0.0,0,9.186705574393272e-05
4000,8800,STRIP,0,0.0,0.0,0.0,0,0.0024266180116683
4000,8900,R20,0,0.0,0.0,0.0,0,9.736197534948587e-05
4000,8900,STRIP,0,0.0,0.0,0.0,0,0.0023999660043045
4000,9000,R20,0,0.0,0.0,0.0,0,9.007297921925785e-05
4000,9000,STRIP,0,0.0,0.0,0.0,0,0.0024390220642089
4000,9100,R20,0,0.0,0.0,0.0,0,9.473308455199005e-05
4000,9100,STRIP,0,0.0,0.0,0.0,0,0.0025510139530524
4000,9200,R20,0,0.0,0.0,0.0,0,9.836500976234674e-05
4000,9200,STRIP,0,0.0,0.0,0.0,0,0.0025924699148163
4000,9300,R20,0,0.0,0.0,0.0,0,9.675603359937668e-05
4000,9300,STRIP,0,0.0,0.0,0.0,0,0.0024778980296105
4000,9400,R20,0,0.0,0.0,0.0,0,9.596801828593016e-05
4000,9400,STRIP,0,0.0,0.0,0.0,0,0.0024751370074227
4000,9500,R20,0,0.0,0.0,0.0,0,9.076297283172607e-05
4000,9500,STRIP,0,0.0,0.0,0.0,0,0.0023348439717665
4000,9600,R20,0,0.0,0.0,0.0,0,9.213201701641084e-05
4000,9600,STRIP,0,0.0,0.0,0.0,0,0.0023083579726517
4000,9700,R20,0,0.0,0.0,0.0,0,9.152397979050876e-05
4000,9700,STRIP,0,0.0,0.0,0.0,0,0.0022606999846175
4000,9800,R20,0,0.0,0.0,0.0,0,8.727505337446928e-05
4000,9800,STRIP,0,0.0,0.0,0.0,0,0.0022822669707238
4000,9900,R20,0,0.0,0.0,0.0,0,8.635700214654207e-05
4000,9900,STRIP,0,0.0,0.0,0.0,0,0.0023704069899395
4000,5100,R20,1,123.15139814119364,123.078125,-127500.62536118404,36,1.2117295829812065
4000,5000,R20,1,45.488434819220174,45.484375,-27297.4300319241,36,1.3361882440513
4000,10100,R20,0,0.0,0.0,0.0,0,0.00019382906612
4000,10100,STRIP,0,0.0,0.0,0.0,0,0.0045686620287597
4000,10200,R20,0,0.0,0.0,0.0,0,0.0001735440455377
4000,10200,STRIP,0,0.0,0.0,0.0,0,0.0041218020487576
4000,10300,R20,0,0.0,0.0,0.0,0,0.0001660609850659
4000,10300,STRIP,0,0.0,0.0,0.0,0,0.0038940759841352
4000,10400,R20,0,0.0,0.0,0.0,0,0.0001573580084368
4000,10400,STRIP,0,0.0,0.0,0.0,0,0.003893211018294
4000,10500,R20,0,0.0,0.0,0.0,0,0.0001652529463171
4000,10500,STRIP,0,0.0,0.0,0.0,0,0.0037600819487124
4000,10600,R20,0,0.0,0.0,0.0,0,0.000165520934388
4000,10600,STRIP,0,0.0,0.0,0.0,0,0.0037338159745559
4000,10700,R20,0,0.0,0.0,0.0,0,0.0001698900014162
4000,10700,STRIP,0,0.0,0.0,0.0,0,0.0037498449673876
4000,10800,R20,0,0.0,0.0,0.0,0,0.0001683409791439
4000,10800,STRIP,0,0.0,0.0,0.0,0,0.0037436219863593
4000,10900,R20,0,0.0,0.0,0.0,0,0.0001687230542302
4000,10900,STRIP,0,0.0,0.0,0.0,0,0.0038339020684361
4100,4600,R20,0,0.0,0.0,0.0,0,0.0001616069348528
4100,4600,STRIP,0,0.0,0.0,0.0,0,0.0037764720618724
4100,4700,R20,0,0.0,0.0,0.0,0,0.0001603050623089
4000,4900,R20,1,558.9080736143488,558.859375,-390009.9051256197,68,1.5016235699877143
4100,4700,STRIP,0,0.0,0.0,0.0,0,0.0038617179961875
4100,4800,STRIP,0,0.0,0.0,0.0,0,0.0037180770887061
4100,4900,R20,0,0.0,0.0,0.0,0,0.0001688189804553
4100,4900,STRIP,0,0.0,0.0,0.0,0,0.0037956469459459
4100,5000,R20,0,0.0,0.0,0.0,0,0.0001699569402262
4100,5000,STRIP,0,0.0,0.0,0.0,0,0.00402492005378
4100,5100,R20,0,0.0,0.0,0.0,0,0.0001516680931672
4100,5100,STRIP,0,0.0,0.0,0.0,0,0.0041475209873169
4000,5200,R20,1,15.73078710989452,15.734375,-7301.327385969329,30,1.1715994700789452
4100,5200,STRIP,0,0.0,0.0,0.0,0,0.0046661520609632
4000,5100,STRIP,1,256.2535979228131,256.234375,-219578.6616420022,48,1.283560489071533
4000,4900,STRIP,1,558.9080736143488,558.859375,-390009.9051256197,68,1.5289193160133436
4000,5300,R20,1,196.28550729564867,196.28125,-104097.9903179494,52,1.5414416659623384
4100,4800,R20,1,65.92208791119035,65.921875,-23797.39052066274,40,0.7146020509535447
4100,5500,R20,0,0.0,0.0,0.0,0,0.0001853719586506
4100,5500,STRIP,0,0.0,0.0,0.0,0,0.0049601759528741
4100,5600,R20,0,0.0,0.0,0.0,0,0.0001677619293332
4100,5600,STRIP,0,0.0,0.0,0.0,0,0.0040661609964445
4100,5700,R20,0,0.0,0.0,0.0,0,0.0001662209397181
4100,5700,STRIP,0,0.0,0.0,0.0,0,0.0038450320716947
4100,5800,R20,0,0.0,0.0,0.0,0,0.0001656470121815
4100,5800,STRIP,0,0.0,0.0,0.0,0,0.0035823349608108
4100,5900,R20,0,0.0,0.0,0.0,0,0.0001440459163859
4100,5900,STRIP,0,0.0,0.0,0.0,0,0.0031089300755411
4100,6000,R20,0,0.0,0.0,0.0,0,0.0001354049891233
4100,6000,STRIP,0,0.0,0.0,0.0,0,0.0025944850640371
4100,6100,R20,0,0.0,0.0,0.0,0,0.0001452430151402
4100,6100,STRIP,0,0.0,0.0,0.0,0,0.0024112090468406
4100,6200,R20,0,0.0,0.0,0.0,0,0.0001188960159197
4100,6200,STRIP,0,0.0,0.0,0.0,0,0.0022623930126428
4100,6300,R20,0,0.0,0.0,0.0,0,0.0001169689930975
4100,6300,STRIP,0,0.0,0.0,0.0,0,0.0023386880056932
4100,6400,R20,0,0.0,0.0,0.0,0,0.0001035530585795
4100,6400,STRIP,0,0.0,0.0,0.0,0,0.0023046539863571
4100,6500,R20,0,0.0,0.0,0.0,0,0.0001080969814211
4100,6500,STRIP,0,0.0,0.0,0.0,0,0.0022522440413013
4100,6600,R20,0,0.0,0.0,0.0,0,9.435298852622508e-05
4100,6600,STRIP,0,0.0,0.0,0.0,0,0.0021898780250921
4100,6700,R20,0,0.0,0.0,0.0,0,9.312992915511133e-05
4100,6700,STRIP,0,0.0,0.0,0.0,0,0.0022905539954081
4100,6800,R20,0,0.0,0.0,0.0,0,9.174994193017484e-05
4100,6800,STRIP,0,0.0,0.0,0.0,0,0.0022416060091927
4100,6900,R20,0,0.0,0.0,0.0,0,8.894095662981272e-05
4100,6900,STRIP,0,0.0,0.0,0.0,0,0.0022787050111219
4100,7000,R20,0,0.0,0.0,0.0,0,8.874107152223587e-05
4100,7000,STRIP,0,0.0,0.0,0.0,0,0.0022727459436282
4100,7100,R20,0,0.0,0.0,0.0,0,8.973793592303991e-05
4100,7100,STRIP,0,0.0,0.0,0.0,0,0.0022832580143585
4100,7200,R20,0,0.0,0.0,0.0,0,9.305099956691264e-05
4100,7200,STRIP,0,0.0,0.0,0.0,0,0.0023677060380578
4100,7300,R20,0,0.0,0.0,0.0,0,9.156507439911366e-05
4100,7300,STRIP,0,0.0,0.0,0.0,0,0.002379685989581
4100,7400,R20,0,0.0,0.0,0.0,0,9.089999366551638e-05
4100,7400,STRIP,0,0.0,0.0,0.0,0,0.0022809420479461
4100,7500,R20,0,0.0,0.0,0.0,0,8.817994967103004e-05
4100,7500,STRIP,0,0.0,0.0,0.0,0,0.0022685070289298
4100,7600,R20,0,0.0,0.0,0.0,0,8.687307126820087e-05
4100,7600,STRIP,0,0.0,0.0,0.0,0,0.0021906839683651
4100,7700,R20,0,0.0,0.0,0.0,0,8.757703471928835e-05
4100,7700,STRIP,0,0.0,0.0,0.0,0,0.0022148810094222
4100,7800,R20,0,0.0,0.0,0.0,0,9.20869642868638e-05
4100,7800,STRIP,0,0.0,0.0,0.0,0,0.0023061250103637
4100,7900,R20,0,0.0,0.0,0.0,0,8.799496572464705e-05
4100,7900,STRIP,0,0.0,0.0,0.0,0,0.002397260046564
4100,8000,R20,0,0.0,0.0,0.0,0,9.022699669003488e-05
4100,8000,STRIP,0,0.0,0.0,0.0,0,0.0021747869905084
4100,8100,R20,0,0.0,0.0,0.0,0,8.732697460800409e-05
4100,8100,STRIP,0,0.0,0.0,0.0,0,0.0022510830312967
4100,8200,R20,0,0.0,0.0,0.0,0,9.548605885356665e-05
4100,8200,STRIP,0,0.0,0.0,0.0,0,0.0021968920482322
4100,8300,R20,0,0.0,0.0,0.0,0,8.585699833929539e-05
4100,8300,STRIP,0,0.0,0.0,0.0,0,0.0022073679137974
4100,8400,R20,0,0.0,0.0,0.0,0,8.279795292764902e-05
4100,8400,STRIP,0,0.0,0.0,0.0,0,0.0021769549930468
4100,8500,R20,0,0.0,0.0,0.0,0,9.547499939799307e-05
4100,8500,STRIP,0,0.0,0.0,0.0,0,0.0022040209732949
4100,8600,R20,0,0.0,0.0,0.0,0,8.723605424165726e-05
4100,8600,STRIP,0,0.0,0.0,0.0,0,0.002182177035138
4100,8700,R20,0,0.0,0.0,0.0,0,8.578493725508451e-05
4100,8700,STRIP,0,0.0,0.0,0.0,0,0.0021999469026923
4100,8800,R20,0,0.0,0.0,0.0,0,8.972000796347857e-05
4100,8800,STRIP,0,0.0,0.0,0.0,0,0.0021680979989469
4100,8900,R20,0,0.0,0.0,0.0,0,8.402392268180847e-05
4100,8900,STRIP,0,0.0,0.0,0.0,0,0.0022125359391793
4100,9000,R20,0,0.0,0.0,0.0,0,8.491100743412971e-05
4100,9000,STRIP,0,0.0,0.0,0.0,0,0.0021758020156994
4100,9100,R20,0,0.0,0.0,0.0,0,8.748599793761969e-05
4100,9100,STRIP,0,0.0,0.0,0.0,0,0.0022382449824362
4100,9200,R20,0,0.0,0.0,0.0,0,8.641195017844439e-05
4100,9200,STRIP,0,0.0,0.0,0.0,0,0.0022134399041533
4100,9300,R20,0,0.0,0.0,0.0,0,8.677609730511904e-05
4100,9300,STRIP,0,0.0,0.0,0.0,0,0.0022279630647972
4100,9400,R20,0,0.0,0.0,0.0,0,9.226694237440825e-05
4100,9400,STRIP,0,0.0,0.0,0.0,0,0.0021768619772046
4100,9500,R20,0,0.0,0.0,0.0,0,8.343998342752457e-05
4100,9500,STRIP,0,0.0,0.0,0.0,0,0.0021914379904046
4100,9600,R20,0,0.0,0.0,0.0,0,8.187501225620508e-05
4100,9600,STRIP,0,0.0,0.0,0.0,0,0.002228511031717
4100,9700,R20,0,0.0,0.0,0.0,0,8.916598744690418e-05
4100,9700,STRIP,0,0.0,0.0,0.0,0,0.0022115659667178
4100,9800,R20,0,0.0,0.0,0.0,0,7.943890523165464e-05
4100,9800,STRIP,0,0.0,0.0,0.0,0,0.0021556980209425
4100,5200,R20,1,22.90389794974884,22.90625,-3189.9931241922504,30,1.2484836099902168
4100,9900,STRIP,0,0.0,0.0,0.0,0,0.0042400549864396
4100,5400,R20,1,76.7738224658048,76.828125,-17403.792260104157,35,1.183288607979193
4100,10000,STRIP,0,0.0,0.0,0.0,0,0.0043582050129771
4100,10100,R20,0,0.0,0.0,0.0,0,0.0001774909906089
4100,10100,STRIP,0,0.0,0.0,0.0,0,0.0032469370635226
4100,10200,R20,0,0.0,0.0,0.0,0,0.000160434981808
4100,10200,STRIP,0,0.0,0.0,0.0,0,0.0026997739914804
4100,10300,R20,0,0.0,0.0,0.0,0,0.0001425279770046
4100,10300,STRIP,0,0.0,0.0,0.0,0,0.0025559019995853
4100,10400,R20,0,0.0,0.0,0.0,0,0.0001303729368373
4100,10400,STRIP,0,0.0,0.0,0.0,0,0.0024858230026438
4100,10500,R20,0,0.0,0.0,0.0,0,0.0001254900125786
4100,10500,STRIP,0,0.0,0.0,0.0,0,0.0026514750206843
4100,10600,R20,0,0.0,0.0,0.0,0,0.0001217359676957
4100,10600,STRIP,0,0.0,0.0,0.0,0,0.0024881360586732
4100,10700,R20,0,0.0,0.0,0.0,0,0.0001173530472442
4100,10700,STRIP,0,0.0,0.0,0.0,0,0.002412477042526
4000,5300,STRIP,2,2537.042312006964,2537.0,-10165053.188216664,123,1.914392522885464
4100,10800,STRIP,0,0.0,0.0,0.0,0,0.0044332209508866
4000,10000,STRIP,5,261.9740375193376,262.03125,-1040.0696962293696,55,1.5912281369091943
4000,10000,R20,3,88.18410092289105,88.15625,-295.34194138317434,60,1.7307560389162973
4200,4900,R20,0,0.0,0.0,0.0,0,0.0001968879951164
4200,4900,STRIP,0,0.0,0.0,0.0,0,0.0051001639803871
4200,5000,R20,0,0.0,0.0,0.0,0,0.0001895220484584
4200,5000,STRIP,0,0.0,0.0,0.0,0,0.0045169530203565
4200,5100,R20,0,0.0,0.0,0.0,0,0.0001664160517975
4200,5100,STRIP,0,0.0,0.0,0.0,0,0.0046059390297159
4100,5300,R20,3,100.66310274074462,100.046875,-28256.152756194228,47,1.5573967350646851
4200,5200,STRIP,0,0.0,0.0,0.0,0,0.0046629019780084
4100,5400,STRIP,3,138.07156137368975,138.046875,-27173.481189058744,47,1.1603951069992036
4100,5300,STRIP,1,220.8392753145353,220.875,-27273.51346206321,48,1.6398782070027664
4100,9900,R20,1,11.226585687688331,8.40625,-2.18858950556725,35,1.0557133499532938
4100,10000,R20,1,20.186221386683265,20.09375,-30.2291342864826,36,0.9794007689924912
4200,5500,R20,0,0.0,0.0,0.0,0,0.0001972758909687
4200,5500,STRIP,0,0.0,0.0,0.0,0,0.0044103059917688
4200,5600,R20,0,0.0,0.0,0.0,0,0.0001749660586938
4200,5600,STRIP,0,0.0,0.0,0.0,0,0.0035664000315591
4200,5700,R20,0,0.0,0.0,0.0,0,0.0001712740631774
4200,5700,STRIP,0,0.0,0.0,0.0,0,0.0032088729785755
4200,5800,R20,0,0.0,0.0,0.0,0,0.0001464351080358
4200,5800,STRIP,0,0.0,0.0,0.0,0,0.0029903399990871
4200,5900,R20,0,0.0,0.0,0.0,0,0.0001441140193492
4200,5900,STRIP,0,0.0,0.0,0.0,0,0.0027896870160475
4200,6000,R20,0,0.0,0.0,0.0,0,0.0001317930873483
4200,6000,STRIP,0,0.0,0.0,0.0,0,0.0026237129932269
4200,6100,R20,0,0.0,0.0,0.0,0,0.0001258900156244
4200,6100,STRIP,0,0.0,0.0,0.0,0,0.0024941879091784
4200,6200,R20,0,0.0,0.0,0.0,0,0.0001264869933947
4200,6200,STRIP,0,0.0,0.0,0.0,0,0.0024596730945631
4200,6300,R20,0,0.0,0.0,0.0,0,0.0001106129493564
4200,6300,STRIP,0,0.0,0.0,0.0,0,0.0024008559994399
4200,6400,R20,0,0.0,0.0,0.0,0,0.0001082139788195
4200,6400,STRIP,0,0.0,0.0,0.0,0,0.002393131959252
4200,6500,R20,0,0.0,0.0,0.0,0,0.0001072380691766
4200,6500,STRIP,0,0.0,0.0,0.0,0,0.0023750140098854
4200,6600,R20,0,0.0,0.0,0.0,0,0.0001046869438141
4200,6600,STRIP,0,0.0,0.0,0.0,0,0.0024180129403248
4200,6700,R20,0,0.0,0.0,0.0,0,0.0001033010194078
4200,6700,STRIP,0,0.0,0.0,0.0,0,0.0023724460043013
4200,6800,R20,0,0.0,0.0,0.0,0,0.0001014780718833
4200,6800,STRIP,0,0.0,0.0,0.0,0,0.0023586780298501
4200,6900,R20,0,0.0,0.0,0.0,0,0.0001015301095321
4200,6900,STRIP,0,0.0,0.0,0.0,0,0.0023267889628186
4200,7000,R20,0,0.0,0.0,0.0,0,0.0001072990708053
4200,7000,STRIP,0,0.0,0.0,0.0,0,0.0025424220366403
4200,7100,R20,0,0.0,0.0,0.0,0,0.0001071079168468
4200,7100,STRIP,0,0.0,0.0,0.0,0,0.0024584620259702
4200,7200,R20,0,0.0,0.0,0.0,0,0.0001046219840645
4200,7200,STRIP,0,0.0,0.0,0.0,0,0.0025106720859184
4200,7300,R20,0,0.0,0.0,0.0,0,0.0001023859949782
4200,7300,STRIP,0,0.0,0.0,0.0,0,0.0023985200095921
4200,7400,R20,0,0.0,0.0,0.0,0,0.0001137190265581
4200,7400,STRIP,0,0.0,0.0,0.0,0,0.0023764930665493
4200,7500,R20,0,0.0,0.0,0.0,0,0.000100422068499
4200,7500,STRIP,0,0.0,0.0,0.0,0,0.0023789239348843
4200,7600,R20,0,0.0,0.0,0.0,0,0.0001002619974315
4200,7600,STRIP,0,0.0,0.0,0.0,0,0.0023934399941936
4200,7700,R20,0,0.0,0.0,0.0,0,0.0001012820284813
4200,7700,STRIP,0,0.0,0.0,0.0,0,0.0023418590426445
4200,7800,R20,0,0.0,0.0,0.0,0,0.0001003310317173
4200,7800,STRIP,0,0.0,0.0,0.0,0,0.0023756040027365
4200,7900,R20,0,0.0,0.0,0.0,0,9.874999523162842e-05
4200,7900,STRIP,0,0.0,0.0,0.0,0,0.0023677319986745
4200,8000,R20,0,0.0,0.0,0.0,0,9.964697528630496e-05
4200,8000,STRIP,0,0.0,0.0,0.0,0,0.002370108035393
4200,8100,R20,0,0.0,0.0,0.0,0,9.830493945628405e-05
4200,8100,STRIP,0,0.0,0.0,0.0,0,0.002274701022543
4200,8200,R20,0,0.0,0.0,0.0,0,0.0001003650249913
4200,8200,STRIP,0,0.0,0.0,0.0,0,0.0024496980477124
4200,8300,R20,0,0.0,0.0,0.0,0,0.0001166249858215
4200,8300,STRIP,0,0.0,0.0,0.0,0,0.0027032010257244
4200,8400,R20,0,0.0,0.0,0.0,0,0.0001246780157089
4200,8400,STRIP,0,0.0,0.0,0.0,0,0.0028743389993906
4200,8500,R20,0,0.0,0.0,0.0,0,0.0001308099599555
4200,8500,STRIP,0,0.0,0.0,0.0,0,0.0030230500269681
4200,8600,R20,0,0.0,0.0,0.0,0,0.0001440759515389
4200,8600,STRIP,0,0.0,0.0,0.0,0,0.0030398080125451
4200,8700,R20,0,0.0,0.0,0.0,0,0.0001372899860143
4200,8700,STRIP,0,0.0,0.0,0.0,0,0.0029747110093012
4200,8800,R20,0,0.0,0.0,0.0,0,0.0001306359190493
4200,8800,STRIP,0,0.0,0.0,0.0,0,0.0028130690334364
4200,8900,R20,0,0.0,0.0,0.0,0,0.0001347030047327
4200,8900,STRIP,0,0.0,0.0,0.0,0,0.0026173850055783
4200,9000,R20,0,0.0,0.0,0.0,0,0.0001302770106121
4200,9000,STRIP,0,0.0,0.0,0.0,0,0.0025856320280581
4200,9100,R20,0,0.0,0.0,0.0,0,0.0001338210422545
4200,9100,STRIP,0,0.0,0.0,0.0,0,0.0025372699601575
4200,9200,R20,0,0.0,0.0,0.0,0,0.000124130048789
4200,9200,STRIP,0,0.0,0.0,0.0,0,0.0026476349448785
4200,9300,R20,0,0.0,0.0,0.0,0,0.0001242180587723
4200,9300,STRIP,0,0.0,0.0,0.0,0,0.0026472570607438
4200,9400,R20,0,0.0,0.0,0.0,0,0.0001243400620296
4200,9400,STRIP,0,0.0,0.0,0.0,0,0.0026605100138112
4200,9500,R20,0,0.0,0.0,0.0,0,0.0001168679445981
4200,9500,STRIP,0,0.0,0.0,0.0,0,0.0025403220206499
4200,9600,R20,0,0.0,0.0,0.0,0,0.0001230239868164
4200,9600,STRIP,0,0.0,0.0,0.0,0,0.0024507930502295
4200,9700,R20,0,0.0,0.0,0.0,0,0.0001076619373634
4200,9700,STRIP,0,0.0,0.0,0.0,0,0.0023990330519154
4200,9800,R20,0,0.0,0.0,0.0,0,0.0001046030083671
4200,9800,STRIP,0,0.0,0.0,0.0,0,0.0023690499365329
4200,9900,R20,0,0.0,0.0,0.0,0,0.0001067760167643
4200,9900,STRIP,0,0.0,0.0,0.0,0,0.0024116690037772
4200,10000,R20,0,0.0,0.0,0.0,0,0.000107389059849
4200,10000,STRIP,0,0.0,0.0,0.0,0,0.0023878739448264
4200,10100,R20,0,0.0,0.0,0.0,0,0.0001068620476871
4200,10100,STRIP,0,0.0,0.0,0.0,0,0.0023594149388372
4200,10200,R20,0,0.0,0.0,0.0,0,9.888201020658016e-05
4200,10200,STRIP,0,0.0,0.0,0.0,0,0.0023438310017809
4200,10300,R20,0,0.0,0.0,0.0,0,9.801401756703854e-05
4200,10300,STRIP,0,0.0,0.0,0.0,0,0.0023299090098589
4200,10400,R20,0,0.0,0.0,0.0,0,9.941996540874244e-05
4200,10400,STRIP,0,0.0,0.0,0.0,0,0.0023643199820071
4200,10500,R20,0,0.0,0.0,0.0,0,0.0001018909970298
4200,10500,STRIP,0,0.0,0.0,0.0,0,0.0024398519890382
4200,10600,R20,0,0.0,0.0,0.0,0,0.0001023330260068
4200,10600,STRIP,0,0.0,0.0,0.0,0,0.0024383419658988
4100,10800,R20,1,163.92346270561617,163.953125,-687.6511858173853,42,1.3636942360317337
4200,10700,STRIP,0,0.0,0.0,0.0,0,0.0040269580204039
4100,10900,R20,1,70.69400789056046,70.671875,-995.0696723850592,39,1.3555869200499728
4100,10900,STRIP,2,261.1932270296885,261.21875,-3510.287257343829,48,1.286262628971599
4300,5200,R20,0,0.0,0.0,0.0,0,0.000164714991115
4300,5200,STRIP,0,0.0,0.0,0.0,0,0.0029075630009174
4200,5200,R20,1,108.83637147201254,108.84375,-72156.78518694294,42,1.5085371159948409
4200,10700,R20,1,45.93261196403429,45.9375,-75.92683711586754,35,0.657643867074512
4300,5400,R20,0,0.0,0.0,0.0,0,0.0001756540732458
4200,5400,R20,1,43.20408775779762,43.1875,-8929.920763742577,41,1.3046555269975215
4300,5500,R20,0,0.0,0.0,0.0,0,0.0001559170195832
4300,5400,STRIP,0,0.0,0.0,0.0,0,0.0043090770486742
4300,5600,R20,0,0.0,0.0,0.0,0,0.0001474410528317
4300,5500,STRIP,0,0.0,0.0,0.0,0,0.0038933029863983
4300,5700,R20,0,0.0,0.0,0.0,0,0.000127085018903
4300,5600,STRIP,0,0.0,0.0,0.0,0,0.0032151909545063
4300,5800,R20,0,0.0,0.0,0.0,0,0.000127181992866
4300,5700,STRIP,0,0.0,0.0,0.0,0,0.0030353270703926
4300,5900,R20,0,0.0,0.0,0.0,0,0.0001116859493777
4300,5800,STRIP,0,0.0,0.0,0.0,0,0.0027927620103582
4300,6000,R20,0,0.0,0.0,0.0,0,0.0001204329309985
4300,5900,STRIP,0,0.0,0.0,0.0,0,0.0025854060659185
4300,6100,R20,0,0.0,0.0,0.0,0,0.0001354849664494
4300,6000,STRIP,0,0.0,0.0,0.0,0,0.0025180160300806
4300,6200,R20,0,0.0,0.0,0.0,0,0.0001245669554919
4300,6100,STRIP,0,0.0,0.0,0.0,0,0.002495425986126
4300,6300,R20,0,0.0,0.0,0.0,0,0.0001139920204877
4300,6200,STRIP,0,0.0,0.0,0.0,0,0.0023787310346961
4300,6300,STRIP,0,0.0,0.0,0.0,0,0.0023029929725453
4300,6400,R20,0,0.0,0.0,0.0,0,0.000122672994621
4300,6500,R20,0,0.0,0.0,0.0,0,4.165491554886103e-05
4300,6400,STRIP,0,0.0,0.0,0.0,0,0.0024127739015966
4300,6500,STRIP,0,0.0,0.0,0.0,0,0.0024338470539078
4300,6600,R20,0,0.0,0.0,0.0,0,0.000125247053802
4300,6700,R20,0,0.0,0.0,0.0,0,4.089099820703268e-05
4300,6600,STRIP,0,0.0,0.0,0.0,0,0.0024110230151563
4300,6700,STRIP,0,0.0,0.0,0.0,0,0.0024321690434589
4300,6800,R20,0,0.0,0.0,0.0,0,0.0001146519789472
4300,6900,R20,0,0.0,0.0,0.0,0,4.152196925133467e-05
4300,6800,STRIP,0,0.0,0.0,0.0,0,0.0023780290503054
4300,6900,STRIP,0,0.0,0.0,0.0,0,0.002387817017734
4300,7000,R20,0,0.0,0.0,0.0,0,0.0001280250726267
4300,7100,R20,0,0.0,0.0,0.0,0,4.394003190100193e-05
4300,7000,STRIP,0,0.0,0.0,0.0,0,0.0023578529944643
4300,7100,STRIP,0,0.0,0.0,0.0,0,0.0023251259699463
4300,7200,R20,0,0.0,0.0,0.0,0,0.0001324109034612
4300,7300,R20,0,0.0,0.0,0.0,0,4.691001959145069e-05
4300,7200,STRIP,0,0.0,0.0,0.0,0,0.0021966019412502
4300,7300,STRIP,0,0.0,0.0,0.0,0,0.0021681770449504
4300,7400,R20,0,0.0,0.0,0.0,0,0.0001075559994205
4300,7500,R20,0,0.0,0.0,0.0,0,4.185095895081759e-05
4300,7400,STRIP,0,0.0,0.0,0.0,0,0.0020547920139506
4300,7600,R20,0,0.0,0.0,0.0,0,9.699305519461632e-05
4300,7500,STRIP,0,0.0,0.0,0.0,0,0.002146498998627
4300,7700,R20,0,0.0,0.0,0.0,0,9.486393537372352e-05
4300,7600,STRIP,0,0.0,0.0,0.0,0,0.0020355420419946
4300,7800,R20,0,0.0,0.0,0.0,0,9.029603097587824e-05
4300,7700,STRIP,0,0.0,0.0,0.0,0,0.0021221530623733
4300,7900,R20,0,0.0,0.0,0.0,0,8.226803038269281e-05
4300,7800,STRIP,0,0.0,0.0,0.0,0,0.0020679059671238
4300,8000,R20,0,0.0,0.0,0.0,0,9.89469699561596e-05
4300,7900,STRIP,0,0.0,0.0,0.0,0,0.0021079829894006
4300,8100,R20,0,0.0,0.0,0.0,0,8.202402386814356e-05
4300,8100,STRIP,0,0.0,0.0,0.0,0,0.0017275939462706
4300,8200,R20,0,0.0,0.0,0.0,0,8.21119174361229e-05
4300,8000,STRIP,0,0.0,0.0,0.0,0,0.0021300100488588
4300,8300,R20,0,0.0,0.0,0.0,0,8.095696102827787e-05
4300,8200,STRIP,0,0.0,0.0,0.0,0,0.0017068340675905
4300,8400,R20,0,0.0,0.0,0.0,0,8.089502807706594e-05
4300,8300,STRIP,0,0.0,0.0,0.0,0,0.0016773950774222
4300,8500,R20,0,0.0,0.0,0.0,0,8.63000750541687e-05
4300,8400,STRIP,0,0.0,0.0,0.0,0,0.0016887399833649
4300,8600,R20,0,0.0,0.0,0.0,0,7.820804603397846e-05
4300,8500,STRIP,0,0.0,0.0,0.0,0,0.0017079359386116
4300,8700,R20,0,0.0,0.0,0.0,0,8.709600660949945e-05
4300,8600,STRIP,0,0.0,0.0,0.0,0,0.0016962570371106
4300,8800,R20,0,0.0,0.0,0.0,0,8.082401473075151e-05
4300,8700,STRIP,0,0.0,0.0,0.0,0,0.001724261092022
4300,8900,R20,0,0.0,0.0,0.0,0,8.12220387160778e-05
4300,8800,STRIP,0,0.0,0.0,0.0,0,0.0016259079566225
4300,9000,R20,0,0.0,0.0,0.0,0,8.566002361476421e-05
4300,8900,STRIP,0,0.0,0.0,0.0,0,0.0016980890650302
4300,9100,R20,0,0.0,0.0,0.0,0,8.881196845322847e-05
4300,9000,STRIP,0,0.0,0.0,0.0,0,0.00173294194974
4300,9200,R20,0,0.0,0.0,0.0,0,7.961795199662447e-05
4300,9100,STRIP,0,0.0,0.0,0.0,0,0.002075835946016
4300,9300,R20,0,0.0,0.0,0.0,0,8.321704808622599e-05
4300,9200,STRIP,0,0.0,0.0,0.0,0,0.0022679289104416
4300,9400,R20,0,0.0,0.0,0.0,0,8.689297828823328e-05
4300,9300,STRIP,0,0.0,0.0,0.0,0,0.0022817760473117
4300,9500,R20,0,0.0,0.0,0.0,0,8.453603368252516e-05
4300,9400,STRIP,0,0.0,0.0,0.0,0,0.0022103559458628
4300,9600,R20,0,0.0,0.0,0.0,0,8.519494440406561e-05
4300,9500,STRIP,0,0.0,0.0,0.0,0,0.0022953349398449
4300,9700,R20,0,0.0,0.0,0.0,0,8.452904876321554e-05
4300,9600,STRIP,0,0.0,0.0,0.0,0,0.0022407131036743
4300,9800,R20,0,0.0,0.0,0.0,0,9.421305730938911e-05
4300,9700,STRIP,0,0.0,0.0,0.0,0,0.0023407579865306
4300,9900,R20,0,0.0,0.0,0.0,0,9.064690675586462e-05
4300,9800,STRIP,0,0.0,0.0,0.0,0,0.0023624249733984
4300,10000,R20,0,0.0,0.0,0.0,0,9.60719771683216e-05
4300,9900,STRIP,0,0.0,0.0,0.0,0,0.0018470518989488
4300,10100,R20,0,0.0,0.0,0.0,0,8.744897786527872e-05
4300,10000,STRIP,0,0.0,0.0,0.0,0,0.0018018429400399
4300,10200,R20,0,0.0,0.0,0.0,0,9.067996870726348e-05
4300,10100,STRIP,0,0.0,0.0,0.0,0,0.0017205929616466
4300,10300,R20,0,0.0,0.0,0.0,0,8.834002073854208e-05
4300,10200,STRIP,0,0.0,0.0,0.0,0,0.001805001986213
4300,10400,R20,0,0.0,0.0,0.0,0,8.559506386518478e-05
4300,10300,STRIP,0,0.0,0.0,0.0,0,0.0018210130510851
4300,10500,R20,0,0.0,0.0,0.0,0,8.467305451631546e-05
4300,10400,STRIP,0,0.0,0.0,0.0,0,0.001770389964804
4300,10600,R20,0,0.0,0.0,0.0,0,8.152192458510399e-05
4300,10500,STRIP,0,0.0,0.0,0.0,0,0.001782837905921
4300,10700,R20,0,0.0,0.0,0.0,0,7.850397378206253e-05
4300,10600,STRIP,0,0.0,0.0,0.0,0,0.0020578010007739
4300,10800,R20,0,0.0,0.0,0.0,0,8.277001325041056e-05
4300,10700,STRIP,0,0.0,0.0,0.0,0,0.0020544929429888
4400,5500,R20,0,0.0,0.0,0.0,0,8.421298116445541e-05
4300,10800,STRIP,0,0.0,0.0,0.0,0,0.0021172519773244
4400,5600,R20,0,0.0,0.0,0.0,0,8.592498488724232e-05
4400,5500,STRIP,0,0.0,0.0,0.0,0,0.0020956570515409
4400,5700,R20,0,0.0,0.0,0.0,0,8.892593905329704e-05
4400,5600,STRIP,0,0.0,0.0,0.0,0,0.0021718050120398
4400,5800,R20,0,0.0,0.0,0.0,0,8.391204755753279e-05
4400,5700,STRIP,0,0.0,0.0,0.0,0,0.0021494390675798
4400,5900,R20,0,0.0,0.0,0.0,0,8.216791320592165e-05
4400,5800,STRIP,0,0.0,0.0,0.0,0,0.0020950089674443
4400,6000,R20,0,0.0,0.0,0.0,0,8.182704914361238e-05
4400,5900,STRIP,0,0.0,0.0,0.0,0,0.0021325889974832
4400,6100,R20,0,0.0,0.0,0.0,0,8.356000762432814e-05
4400,6000,STRIP,0,0.0,0.0,0.0,0,0.0020890220766887
4400,6200,R20,0,0.0,0.0,0.0,0,8.633011020720005e-05
4400,6100,STRIP,0,0.0,0.0,0.0,0,0.0021570200333371
4400,6300,R20,0,0.0,0.0,0.0,0,8.347700349986553e-05
4400,6200,STRIP,0,0.0,0.0,0.0,0,0.0021803410490974
4400,6400,R20,0,0.0,0.0,0.0,0,9.011209476739168e-05
4400,6300,STRIP,0,0.0,0.0,0.0,0,0.0021649629343301
4400,6500,R20,0,0.0,0.0,0.0,0,8.464907296001911e-05
4400,6400,STRIP,0,0.0,0.0,0.0,0,0.0021717610070481
4400,6600,R20,0,0.0,0.0,0.0,0,9.071500971913338e-05
4400,6500,STRIP,0,0.0,0.0,0.0,0,0.0022388539509847
4400,6700,R20,0,0.0,0.0,0.0,0,8.894398342818022e-05
4400,6600,STRIP,0,0.0,0.0,0.0,0,0.0022331929067149
4400,6800,R20,0,0.0,0.0,0.0,0,9.133096318691968e-05
4400,6700,STRIP,0,0.0,0.0,0.0,0,0.0023190489737316
4400,6900,R20,0,0.0,0.0,0.0,0,0.0001027280231937
4400,6800,STRIP,0,0.0,0.0,0.0,0,0.0023462240351364
4400,7000,R20,0,0.0,0.0,0.0,0,0.0001187530579045
4400,6900,STRIP,0,0.0,0.0,0.0,0,0.0023757660528644
4400,7100,R20,0,0.0,0.0,0.0,0,8.776795584708452e-05
4400,7000,STRIP,0,0.0,0.0,0.0,0,0.0022985329851508
4400,7200,R20,0,0.0,0.0,0.0,0,9.268301073461772e-05
4400,7100,STRIP,0,0.0,0.0,0.0,0,0.0022916831076145
4400,7300,R20,0,0.0,0.0,0.0,0,9.003793820738792e-05
4400,7200,STRIP,0,0.0,0.0,0.0,0,0.0023420869838446
4400,7400,R20,0,0.0,0.0,0.0,0,9.65179642662406e-05
4400,7300,STRIP,0,0.0,0.0,0.0,0,0.002352005103603
4400,7500,R20,0,0.0,0.0,0.0,0,8.919090032577515e-05
4400,7400,STRIP,0,0.0,0.0,0.0,0,0.0023190969368442
4400,7600,R20,0,0.0,0.0,0.0,0,9.299104567617178e-05
4400,7500,STRIP,0,0.0,0.0,0.0,0,0.0022503839572891
4400,7700,R20,0,0.0,0.0,0.0,0,8.546595927327871e-05
4400,7600,STRIP,0,0.0,0.0,0.0,0,0.0023556239902973
4400,7800,R20,0,0.0,0.0,0.0,0,0.0001024189405143
4400,7700,STRIP,0,0.0,0.0,0.0,0,0.0022378419525921
4400,7900,R20,0,0.0,0.0,0.0,0,9.03200125321746e-05
4400,7800,STRIP,0,0.0,0.0,0.0,0,0.0023023510584607
4400,8000,R20,0,0.0,0.0,0.0,0,9.531690739095212e-05
4400,7900,STRIP,0,0.0,0.0,0.0,0,0.0023520570248365
4400,8100,R20,0,0.0,0.0,0.0,0,9.619304910302162e-05
4400,8000,STRIP,0,0.0,0.0,0.0,0,0.0023583290167152
4400,8200,R20,0,0.0,0.0,0.0,0,9.300489909946918e-05
4400,8100,STRIP,0,0.0,0.0,0.0,0,0.0023130690678954
4400,8300,R20,0,0.0,0.0,0.0,0,9.359500836580992e-05
4400,8200,STRIP,0,0.0,0.0,0.0,0,0.0022268069442361
4400,8400,R20,0,0.0,0.0,0.0,0,8.901301771402359e-05
4400,8300,STRIP,0,0.0,0.0,0.0,0,0.0023330649128183
4400,8500,R20,0,0.0,0.0,0.0,0,9.191804565489292e-05
4400,8400,STRIP,0,0.0,0.0,0.0,0,0.0022538669873028
4400,8600,R20,0,0.0,0.0,0.0,0,0.0001020060153678
4400,8500,STRIP,0,0.0,0.0,0.0,0,0.0023009011056274
4400,8700,R20,0,0.0,0.0,0.0,0,9.271001908928156e-05
4400,8600,STRIP,0,0.0,0.0,0.0,0,0.0024462449364364
4400,8800,R20,0,0.0,0.0,0.0,0,0.0001153539633378
4400,8700,STRIP,0,0.0,0.0,0.0,0,0.002401033998467
4400,8900,R20,0,0.0,0.0,0.0,0,0.0001025419915094
4400,8800,STRIP,0,0.0,0.0,0.0,0,0.0023794459411874
4400,9000,R20,0,0.0,0.0,0.0,0,0.0001051609870046
4400,8900,STRIP,0,0.0,0.0,0.0,0,0.0023915960919111
4400,9100,R20,0,0.0,0.0,0.0,0,9.618699550628662e-05
4400,9000,STRIP,0,0.0,0.0,0.0,0,0.0023805139353498
4200,5400,STRIP,2,234.0140570897228,234.0,-87640.71562856005,54,1.4070778141031042
4400,9200,STRIP,0,0.0,0.0,0.0,0,0.0048782570520415
4400,9300,R20,0,0.0,0.0,0.0,0,0.0001835889415815
4400,9300,STRIP,0,0.0,0.0,0.0,0,0.0047371829859912
4400,9400,R20,0,0.0,0.0,0.0,0,0.000178224989213
4400,9400,STRIP,0,0.0,0.0,0.0,0,0.0047173619968816
4400,9500,R20,0,0.0,0.0,0.0,0,0.0001786010107025
4400,9500,STRIP,0,0.0,0.0,0.0,0,0.0046707179863005
4400,9600,R20,0,0.0,0.0,0.0,0,0.0001664970768615
4400,9600,STRIP,0,0.0,0.0,0.0,0,0.0045933860819786
4400,9700,R20,0,0.0,0.0,0.0,0,0.0001742950407788
4400,9700,STRIP,0,0.0,0.0,0.0,0,0.0045836319914087
4400,9800,R20,0,0.0,0.0,0.0,0,0.0001666879979893
4400,9800,STRIP,0,0.0,0.0,0.0,0,0.0045966239413246
4400,9900,R20,0,0.0,0.0,0.0,0,0.0001644280273467
4400,9900,STRIP,0,0.0,0.0,0.0,0,0.0045732889557257
4400,10000,R20,0,0.0,0.0,0.0,0,0.0001626799348741
4400,10000,STRIP,0,0.0,0.0,0.0,0,0.0044544490519911
4400,10100,R20,0,0.0,0.0,0.0,0,0.0001604669960215
4400,10100,STRIP,0,0.0,0.0,0.0,0,0.0044473189627751
4400,10200,R20,0,0.0,0.0,0.0,0,0.0001536560012027
4400,10200,STRIP,0,0.0,0.0,0.0,0,0.0042414569761604
4400,10300,R20,0,0.0,0.0,0.0,0,0.0001582480035722
4400,10300,STRIP,0,0.0,0.0,0.0,0,0.0040453120600432
4400,10400,R20,0,0.0,0.0,0.0,0,0.000158199109137
4400,10400,STRIP,0,0.0,0.0,0.0,0,0.0040259739616885
4400,10500,R20,0,0.0,0.0,0.0,0,0.0001594520872458
4400,10500,STRIP,0,0.0,0.0,0.0,0,0.0039443729910999
4400,10600,R20,0,0.0,0.0,0.0,0,0.0001636119559407
4400,10600,STRIP,0,0.0,0.0,0.0,0,0.003860515076667
4400,10700,R20,0,0.0,0.0,0.0,0,0.0001571759348735
4400,10700,STRIP,0,0.0,0.0,0.0,0,0.003719106898643
4500,5700,R20,0,0.0,0.0,0.0,0,0.0001538050128147
4500,5700,STRIP,0,0.0,0.0,0.0,0,0.0037184889661148
4500,5800,R20,0,0.0,0.0,0.0,0,0.0001542930258437
4500,5800,STRIP,0,0.0,0.0,0.0,0,0.0036867399467155
4500,5900,R20,0,0.0,0.0,0.0,0,0.0001522230450063
4500,5900,STRIP,0,0.0,0.0,0.0,0,0.0036454399814829
4500,6000,R20,0,0.0,0.0,0.0,0,0.0001517080236226
4500,6000,STRIP,0,0.0,0.0,0.0,0,0.0036392960464581
4500,6100,R20,0,0.0,0.0,0.0,0,0.0001496140612289
4500,6100,STRIP,0,0.0,0.0,0.0,0,0.0035157089587301
4500,6200,R20,0,0.0,0.0,0.0,0,0.000151305925101
4500,6200,STRIP,0,0.0,0.0,0.0,0,0.003508148016408
4500,6300,R20,0,0.0,0.0,0.0,0,0.0001414709258824
4500,6300,STRIP,0,0.0,0.0,0.0,0,0.0033724579261615
4500,6400,R20,0,0.0,0.0,0.0,0,0.0001470179995521
4500,6400,STRIP,0,0.0,0.0,0.0,0,0.0032149630133062
4500,6500,R20,0,0.0,0.0,0.0,0,0.0001448859693482
4500,6500,STRIP,0,0.0,0.0,0.0,0,0.0031678350642323
4500,6600,R20,0,0.0,0.0,0.0,0,0.0001477570040151
4500,6600,STRIP,0,0.0,0.0,0.0,0,0.0031822359887883
4500,6700,R20,0,0.0,0.0,0.0,0,0.0001454249722883
4500,6700,STRIP,0,0.0,0.0,0.0,0,0.0031298280227929
4500,6800,R20,0,0.0,0.0,0.0,0,0.0001461129868403
4500,6800,STRIP,0,0.0,0.0,0.0,0,0.0028371809748932
4500,6900,R20,0,0.0,0.0,0.0,0,0.0001405630027875
4500,6900,STRIP,0,0.0,0.0,0.0,0,0.0024631730047985
4500,7000,R20,0,0.0,0.0,0.0,0,0.0001327680656686
4500,7000,STRIP,0,0.0,0.0,0.0,0,0.0024480320280417
4500,7100,R20,0,0.0,0.0,0.0,0,0.0001269069034606
4500,7100,STRIP,0,0.0,0.0,0.0,0,0.0024612450506538
4500,7200,R20,0,0.0,0.0,0.0,0,0.0001224109437316
4500,7200,STRIP,0,0.0,0.0,0.0,0,0.0025421209866181
4500,7300,R20,0,0.0,0.0,0.0,0,0.0001223040744662
4500,7300,STRIP,0,0.0,0.0,0.0,0,0.0025607199640944
4500,7400,R20,0,0.0,0.0,0.0,0,0.00012154399883
4500,7400,STRIP,0,0.0,0.0,0.0,0,0.0024488520575687
4500,7500,R20,0,0.0,0.0,0.0,0,0.000116842915304
4500,7500,STRIP,0,0.0,0.0,0.0,0,0.0023141029523685
4500,7600,R20,0,0.0,0.0,0.0,0,0.0001110199373215
4500,7600,STRIP,0,0.0,0.0,0.0,0,0.0022849360248073
4500,7700,R20,0,0.0,0.0,0.0,0,0.000107342028059
4500,7700,STRIP,0,0.0,0.0,0.0,0,0.0022632320178672
4500,7800,R20,0,0.0,0.0,0.0,0,0.0001144830603152
4500,7800,STRIP,0,0.0,0.0,0.0,0,0.002276359940879
4500,7900,R20,0,0.0,0.0,0.0,0,0.000103392987512
4500,7900,STRIP,0,0.0,0.0,0.0,0,0.0022648470476269
4500,8000,R20,0,0.0,0.0,0.0,0,0.000102196005173
4500,8000,STRIP,0,0.0,0.0,0.0,0,0.0023065840359777
4500,8100,R20,0,0.0,0.0,0.0,0,9.94059955701232e-05
4500,8100,STRIP,0,0.0,0.0,0.0,0,0.0022625110577791
4500,8200,R20,0,0.0,0.0,0.0,0,9.974499698728324e-05
4500,8200,STRIP,0,0.0,0.0,0.0,0,0.0022797179408371
4500,8300,R20,0,0.0,0.0,0.0,0,9.53830312937498e-05
4500,8300,STRIP,0,0.0,0.0,0.0,0,0.0022091619903221
4500,8400,R20,0,0.0,0.0,0.0,0,9.449804201722144e-05
4500,8400,STRIP,0,0.0,0.0,0.0,0,0.0021190050756558
4500,8500,R20,0,0.0,0.0,0.0,0,9.21859173104167e-05
4500,8500,STRIP,0,0.0,0.0,0.0,0,0.0021654519950971
4500,8600,R20,0,0.0,0.0,0.0,0,9.713799227029084e-05
4500,8600,STRIP,0,0.0,0.0,0.0,0,0.0021699499338865
4500,8700,R20,0,0.0,0.0,0.0,0,9.29730013012886e-05
4500,8700,STRIP,0,0.0,0.0,0.0,0,0.0021150360116735
4500,8800,R20,0,0.0,0.0,0.0,0,9.089999366551638e-05
4500,8800,STRIP,0,0.0,0.0,0.0,0,0.0021539430599659
4500,8900,R20,0,0.0,0.0,0.0,0,9.09930095076561e-05
4500,8900,STRIP,0,0.0,0.0,0.0,0,0.0021576898870989
4500,9000,R20,0,0.0,0.0,0.0,0,9.046599734574556e-05
4500,9000,STRIP,0,0.0,0.0,0.0,0,0.0021734420442953
4500,9100,R20,0,0.0,0.0,0.0,0,9.3005015514791e-05
4500,9100,STRIP,0,0.0,0.0,0.0,0,0.0022228381130844
4200,5300,STRIP,2,926.0634009867258,926.078125,-541695.2031747515,87,2.1275547510012984
4200,5300,R20,2,809.3027868180042,809.265625,-437440.7325869954,83,2.195410682936199
4200,10800,R20,1,30.447436917262515,30.4375,-160.61887946081848,35,1.1869728389428928
4200,10800,STRIP,2,194.37089962287868,194.390625,-947.5930280004231,47,1.2661073140334338
4400,9200,R20,1,95.06487384889498,95.03125,-200.91413772495213,41,0.8935583999846131
4400,9100,STRIP,1,95.06487384889498,95.03125,-200.91413772495213,41,0.8957984419539571
4500,9500,R20,0,0.0,0.0,0.0,0,0.0002100479323416
4500,9500,STRIP,0,0.0,0.0,0.0,0,0.0043424319010227
4500,9400,STRIP,0,0.0,0.0,0.0,0,0.0046161080244928
4500,9600,R20,0,0.0,0.0,0.0,0,0.0001816119765862
4500,9700,R20,0,0.0,0.0,0.0,0,4.699092824012041e-05
4500,9700,STRIP,0,0.0,0.0,0.0,0,0.0037536249728873
4500,9600,STRIP,0,0.0,0.0,0.0,0,0.0039922370342537
4500,9800,R20,0,0.0,0.0,0.0,0,0.0001582039985805
4500,9900,R20,0,0.0,0.0,0.0,0,4.309904761612415e-05
4500,9900,STRIP,0,0.0,0.0,0.0,0,0.0036647459492087
4500,9800,STRIP,0,0.0,0.0,0.0,0,0.0038836920866742
4500,10000,R20,0,0.0,0.0,0.0,0,0.000156597001478
4500,10100,R20,0,0.0,0.0,0.0,0,3.9607053622603416e-05
4500,10000,STRIP,0,0.0,0.0,0.0,0,0.0037096339510753
4500,10100,STRIP,0,0.0,0.0,0.0,0,0.0035172769566997
4500,10200,R20,0,0.0,0.0,0.0,0,0.000177206005901
4500,10300,R20,0,0.0,0.0,0.0,0,4.61390009149909e-05
4500,10200,STRIP,0,0.0,0.0,0.0,0,0.0034179809736087
4500,10300,STRIP,0,0.0,0.0,0.0,0,0.0031840939773246
4500,10400,R20,0,0.0,0.0,0.0,0,0.0001795719144865
4500,10400,STRIP,0,0.0,0.0,0.0,0,0.0032543460838496
4500,10500,STRIP,0,0.0,0.0,0.0,0,0.003197937970981
4300,5300,R20,1,88.80016056566026,88.796875,-24757.62829448031,36,1.3582287699682638
4500,10600,STRIP,0,0.0,0.0,0.0,0,0.0045904939761385
4600,6000,R20,0,0.0,0.0,0.0,0,0.0001743190223351
4600,6000,STRIP,0,0.0,0.0,0.0,0,0.0040031119715422
4600,6100,R20,0,0.0,0.0,0.0,0,0.0001720990985631
4600,6100,STRIP,0,0.0,0.0,0.0,0,0.0035932889441028
4600,6200,R20,0,0.0,0.0,0.0,0,0.0001632230123504
4600,6200,STRIP,0,0.0,0.0,0.0,0,0.0032694949768483
4600,6300,R20,0,0.0,0.0,0.0,0,0.0001660729758441
4600,6300,STRIP,0,0.0,0.0,0.0,0,0.0030403570272028
4600,6400,R20,0,0.0,0.0,0.0,0,0.0001456410391256
4600,6400,STRIP,0,0.0,0.0,0.0,0,0.0028498689644038
4600,6500,R20,0,0.0,0.0,0.0,0,0.0001407470554113
4600,6500,STRIP,0,0.0,0.0,0.0,0,0.002872688928619
4600,6600,R20,0,0.0,0.0,0.0,0,0.0001453100703656
4600,6600,STRIP,0,0.0,0.0,0.0,0,0.002767962985672
4600,6700,R20,0,0.0,0.0,0.0,0,0.0001461970387026
4600,6700,STRIP,0,0.0,0.0,0.0,0,0.0029375300509855
4600,6800,R20,0,0.0,0.0,0.0,0,0.0001390230609104
4600,6800,STRIP,0,0.0,0.0,0.0,0,0.002875798032619
4600,6900,R20,0,0.0,0.0,0.0,0,0.000141890021041
4600,6900,STRIP,0,0.0,0.0,0.0,0,0.0029265519697219
4600,7000,R20,0,0.0,0.0,0.0,0,0.0001442739740014
4600,7000,STRIP,0,0.0,0.0,0.0,0,0.0028074970468878
4600,7100,R20,0,0.0,0.0,0.0,0,0.0001376280561089
4600,7100,STRIP,0,0.0,0.0,0.0,0,0.0028017989825457
4600,7200,R20,0,0.0,0.0,0.0,0,0.0001384059432893
4600,7200,STRIP,0,0.0,0.0,0.0,0,0.0027185899671167
4600,7300,R20,0,0.0,0.0,0.0,0,0.0001333059044554
4600,7300,STRIP,0,0.0,0.0,0.0,0,0.0027202869532629
4600,7400,R20,0,0.0,0.0,0.0,0,0.0001384200295433
4600,7400,STRIP,0,0.0,0.0,0.0,0,0.0027120400918647
4600,7500,R20,0,0.0,0.0,0.0,0,0.0001363080227747
4600,7500,STRIP,0,0.0,0.0,0.0,0,0.0026447479613125
4600,7600,R20,0,0.0,0.0,0.0,0,0.0001336040440946
4600,7600,STRIP,0,0.0,0.0,0.0,0,0.0025449460372328
4600,7700,R20,0,0.0,0.0,0.0,0,0.0001294729299843
4600,7700,STRIP,0,0.0,0.0,0.0,0,0.0025992250302806
4600,7800,R20,0,0.0,0.0,0.0,0,0.0001311239320784
4600,7800,STRIP,0,0.0,0.0,0.0,0,0.0025891959667205
4600,7900,R20,0,0.0,0.0,0.0,0,0.0001240629935637
4600,7900,STRIP,0,0.0,0.0,0.0,0,0.0026189120253548
4600,8000,R20,0,0.0,0.0,0.0,0,0.0001272530062124
4600,8000,STRIP,0,0.0,0.0,0.0,0,0.0026202918961644
4600,8100,R20,0,0.0,0.0,0.0,0,0.0001305720070376
4600,8100,STRIP,0,0.0,0.0,0.0,0,0.0027199829928576
4600,8200,R20,0,0.0,0.0,0.0,0,0.0001299439463764
4600,8200,STRIP,0,0.0,0.0,0.0,0,0.0025827100034803
4600,8300,R20,0,0.0,0.0,0.0,0,0.0001273651141673
4600,8300,STRIP,0,0.0,0.0,0.0,0,0.0025506799574941
4600,8400,R20,0,0.0,0.0,0.0,0,0.0001291639637202
4600,8400,STRIP,0,0.0,0.0,0.0,0,0.0025199749507009
4600,8500,R20,0,0.0,0.0,0.0,0,0.0001246749889105
4600,8500,STRIP,0,0.0,0.0,0.0,0,0.0025842530885711
4600,8600,R20,0,0.0,0.0,0.0,0,0.0001275300746783
4600,8600,STRIP,0,0.0,0.0,0.0,0,0.0025333859957754
4600,8700,R20,0,0.0,0.0,0.0,0,0.0001327249919995
4600,8700,STRIP,0,0.0,0.0,0.0,0,0.0025194399058818
4600,8800,R20,0,0.0,0.0,0.0,0,0.0001211920753121
4600,8800,STRIP,0,0.0,0.0,0.0,0,0.0026529669994488
4600,8900,R20,0,0.0,0.0,0.0,0,0.0001327339559793
4600,8900,STRIP,0,0.0,0.0,0.0,0,0.0030741620576009
4600,9000,R20,0,0.0,0.0,0.0,0,0.0001479809870943
4600,9000,STRIP,0,0.0,0.0,0.0,0,0.0036831240868195
4600,9100,R20,0,0.0,0.0,0.0,0,0.0001563769765198
4600,9100,STRIP,0,0.0,0.0,0.0,0,0.0039239019388332
4600,9200,R20,0,0.0,0.0,0.0,0,0.0001647060271352
4600,9200,STRIP,0,0.0,0.0,0.0,0,0.0040392859373241
4300,5300,STRIP,1,178.12577581425015,178.15625,-71483.03110068623,48,1.5869483199203387
4500,9200,R20,1,13.300483721830783,13.296875,-75.56628120747752,36,1.211454399977811
4500,9200,STRIP,1,13.300483721830783,13.296875,-75.56628120747752,36,1.2373034070478752
4500,9400,R20,1,18.35320758219117,18.359375,-72.81337714619929,35,1.1366582290502265
4500,10500,R20,1,26.99660815624339,27.015625,-109.3813400345977,30,1.10013642499689
4500,10600,R20,1,21.928470104313863,21.90625,-70.61174869969393,30,1.1897060660412535
4600,9600,R20,0,0.0,0.0,0.0,0,0.0001874360023066
4600,9600,STRIP,0,0.0,0.0,0.0,0,0.0042597560677677
4600,9700,R20,0,0.0,0.0,0.0,0,0.0001569030573591
4600,9700,STRIP,0,0.0,0.0,0.0,0,0.0030562779866158
4600,9800,R20,0,0.0,0.0,0.0,0,0.0001384380739182
4600,9800,STRIP,0,0.0,0.0,0.0,0,0.0028399549191817
4600,9900,R20,0,0.0,0.0,0.0,0,0.0001425050431862
4600,9900,STRIP,0,0.0,0.0,0.0,0,0.002972668968141
4600,10000,R20,0,0.0,0.0,0.0,0,0.0001550168963149
4600,10000,STRIP,0,0.0,0.0,0.0,0,0.0029521100223064
4600,10100,R20,0,0.0,0.0,0.0,0,0.0001390470424667
4600,10100,STRIP,0,0.0,0.0,0.0,0,0.0028294019866734
4600,10200,R20,0,0.0,0.0,0.0,0,0.0001342649338766
4600,10200,STRIP,0,0.0,0.0,0.0,0,0.002736679976806
4600,10300,R20,0,0.0,0.0,0.0,0,0.0001366720534861
4600,10300,STRIP,0,0.0,0.0,0.0,0,0.0026735420105978
4600,10400,R20,0,0.0,0.0,0.0,0,0.0001401340123265
4600,10400,STRIP,0,0.0,0.0,0.0,0,0.0026430560974404
4500,9300,STRIP,1,709.5713344719511,709.53125,-7496.315258615309,73,1.6333629079163074
4600,9300,R20,1,197.01515197115916,197.015625,-3171.588250091937,53,1.4578996279742569
4500,9300,R20,2,808.5613937918718,808.484375,-9668.549997454214,93,1.903529532020912
4600,10600,STRIP,0,0.0,0.0,0.0,0,0.0047454799059778
4700,6300,R20,0,0.0,0.0,0.0,0,0.0001834890572354
4700,6300,STRIP,0,0.0,0.0,0.0,0,0.0045927849132567
4700,6400,R20,0,0.0,0.0,0.0,0,0.0001785299973562
4700,6400,STRIP,0,0.0,0.0,0.0,0,0.0044283989118412
4700,6500,R20,0,0.0,0.0,0.0,0,0.0001680710120126
4700,6500,STRIP,0,0.0,0.0,0.0,0,0.0043290780158713
4700,6600,R20,0,0.0,0.0,0.0,0,0.0001631840132176
4700,6600,STRIP,0,0.0,0.0,0.0,0,0.0043585319072008
4700,6700,R20,0,0.0,0.0,0.0,0,0.0001696679973974
4700,6700,STRIP,0,0.0,0.0,0.0,0,0.0043400599388405
4700,6800,R20,0,0.0,0.0,0.0,0,0.0001826289808377
4700,6800,STRIP,0,0.0,0.0,0.0,0,0.0042225229553878
4700,6900,R20,0,0.0,0.0,0.0,0,0.0001667060423642
4700,6900,STRIP,0,0.0,0.0,0.0,0,0.0041447489056736
4700,7000,R20,0,0.0,0.0,0.0,0,0.0001564939739182
4700,7000,STRIP,0,0.0,0.0,0.0,0,0.0039906250312924
4700,7100,R20,0,0.0,0.0,0.0,0,0.0001603330019861
4700,7100,STRIP,0,0.0,0.0,0.0,0,0.0037923299241811
4700,7200,R20,0,0.0,0.0,0.0,0,0.0001560400705784
4700,7200,STRIP,0,0.0,0.0,0.0,0,0.0035404919181019
4700,7300,R20,0,0.0,0.0,0.0,0,0.0001518189674243
4700,7300,STRIP,0,0.0,0.0,0.0,0,0.0032440250506624
4700,7400,R20,0,0.0,0.0,0.0,0,0.0001494929892942
4700,7400,STRIP,0,0.0,0.0,0.0,0,0.0030448590405285
4700,7500,R20,0,0.0,0.0,0.0,0,0.0001548869768157
4700,7500,STRIP,0,0.0,0.0,0.0,0,0.0029233950190246
4700,7600,R20,0,0.0,0.0,0.0,0,0.0001471990253776
4700,7600,STRIP,0,0.0,0.0,0.0,0,0.0028604420367628
4700,7700,R20,0,0.0,0.0,0.0,0,0.0001432909630239
4700,7700,STRIP,0,0.0,0.0,0.0,0,0.0028304130537435
4700,7800,R20,0,0.0,0.0,0.0,0,0.0001348390942439
4700,7800,STRIP,0,0.0,0.0,0.0,0,0.0027203969657421
4600,9300,STRIP,1,197.01515197115916,197.015625,-3171.588250091937,53,1.4902831650106236
4700,7900,STRIP,0,0.0,0.0,0.0,0,0.0048081050626933
4700,8000,R20,0,0.0,0.0,0.0,0,0.0002007969887927
4700,8000,STRIP,0,0.0,0.0,0.0,0,0.004304000060074
4700,8100,R20,0,0.0,0.0,0.0,0,0.0001649310579523
4700,8100,STRIP,0,0.0,0.0,0.0,0,0.0039052239153534
4700,8200,R20,0,0.0,0.0,0.0,0,0.000160107971169
4700,8200,STRIP,0,0.0,0.0,0.0,0,0.0034547599498182
4700,8300,R20,0,0.0,0.0,0.0,0,0.0001446120440959
4700,8300,STRIP,0,0.0,0.0,0.0,0,0.0033090800279751
4700,8400,R20,0,0.0,0.0,0.0,0,0.0001574819907546
4700,8400,STRIP,0,0.0,0.0,0.0,0,0.0032588960602879
4700,8500,R20,0,0.0,0.0,0.0,0,0.0001449710689485
4700,8500,STRIP,0,0.0,0.0,0.0,0,0.002997639006935
4700,8600,R20,0,0.0,0.0,0.0,0,0.0001358930021524
4600,9500,R20,1,233.9140098417363,233.90625,-616.270512546663,52,0.9897024290403352
4700,8700,R20,0,0.0,0.0,0.0,0,0.000153581961058
4700,8600,STRIP,0,0.0,0.0,0.0,0,0.0030418699607253
4700,8800,R20,0,0.0,0.0,0.0,0,0.0001281189033761
4700,8700,STRIP,0,0.0,0.0,0.0,0,0.0027626729570329
4700,8900,R20,0,0.0,0.0,0.0,0,0.0001177639933302
4700,8800,STRIP,0,0.0,0.0,0.0,0,0.0026472159661352
4700,9000,R20,0,0.0,0.0,0.0,0,0.0001119279768317
4700,8900,STRIP,0,0.0,0.0,0.0,0,0.0024438839172944
4700,9100,R20,0,0.0,0.0,0.0,0,0.0001029359409585
4700,9000,STRIP,0,0.0,0.0,0.0,0,0.0026152950013056
4700,9100,STRIP,0,0.0,0.0,0.0,0,0.0023223329335451
4700,9200,R20,0,0.0,0.0,0.0,0,0.0001120039960369
4700,9300,R20,0,0.0,0.0,0.0,0,4.515796899795532e-05
4700,9200,STRIP,0,0.0,0.0,0.0,0,0.0026730730896815
4700,9300,STRIP,0,0.0,0.0,0.0,0,0.0027555880369618
4600,9400,R20,1,94.34312121715402,94.3125,-297.4651286098483,46,1.499556140974164
4700,9500,R20,0,0.0,0.0,0.0,0,0.0001852719578891
4700,9500,STRIP,0,0.0,0.0,0.0,0,0.004348058020696
4700,9600,R20,0,0.0,0.0,0.0,0,0.0001762530300766
4600,9500,STRIP,1,233.9140098417363,233.90625,-616.270512546663,52,1.00577531196177
4700,9600,STRIP,0,0.0,0.0,0.0,0,0.0034713950008153
4700,9700,R20,0,0.0,0.0,0.0,0,0.0001822620397433
4700,9800,R20,0,0.0,0.0,0.0,0,4.93109691888094e-05
4700,9700,STRIP,0,0.0,0.0,0.0,0,0.0028988079866394
4700,9900,R20,0,0.0,0.0,0.0,0,0.000156303984113
4700,9800,STRIP,0,0.0,0.0,0.0,0,0.0030211079865694
4700,9900,STRIP,0,0.0,0.0,0.0,0,0.0029951229225844
4600,10600,R20,1,32.5828706111273,32.59375,-202.9966560884567,35,0.9155564870452508
4600,9400,STRIP,2,301.8841504727091,301.90625,-1140.1129155500953,59,1.6776215200079605
4700,7900,R20,1,27.75572796733831,27.75,-13.072235994827905,25,1.0142655780073255
4700,10200,R20,0,0.0,0.0,0.0,0,0.0001769929658621
4700,10200,STRIP,0,0.0,0.0,0.0,0,0.0041677099652588
4700,10300,R20,0,0.0,0.0,0.0,0,0.0001609500031918
4700,10300,STRIP,0,0.0,0.0,0.0,0,0.0033559529110789
4600,10500,R20,2,143.9631967023945,143.984375,-634.2968649072376,62,1.6143873740220442
4700,10400,STRIP,0,0.0,0.0,0.0,0,0.0043112380662932
4700,10500,R20,0,0.0,0.0,0.0,0,0.0001727730268612
4700,10500,STRIP,0,0.0,0.0,0.0,0,0.0036254610167816
4800,6600,R20,0,0.0,0.0,0.0,0,0.0001586308935657
4800,6600,STRIP,0,0.0,0.0,0.0,0,0.0031583519885316
4800,6700,R20,0,0.0,0.0,0.0,0,0.0001535889459773
4800,6700,STRIP,0,0.0,0.0,0.0,0,0.002956305979751
4800,6800,R20,0,0.0,0.0,0.0,0,0.0001456150785088
4800,6800,STRIP,0,0.0,0.0,0.0,0,0.0027113080723211
4800,6900,R20,0,0.0,0.0,0.0,0,0.0001402569469064
4800,6900,STRIP,0,0.0,0.0,0.0,0,0.002599824918434
4800,7000,R20,0,0.0,0.0,0.0,0,0.0001277410192415
4800,7000,STRIP,0,0.0,0.0,0.0,0,0.0024414960062131
4800,7100,R20,0,0.0,0.0,0.0,0,0.0001237249234691
4800,7100,STRIP,0,0.0,0.0,0.0,0,0.0024542520986869
4800,7200,R20,0,0.0,0.0,0.0,0,0.0001211890485137
4800,7200,STRIP,0,0.0,0.0,0.0,0,0.0023325029760599
4800,7300,R20,0,0.0,0.0,0.0,0,0.0001123370602726
4800,7300,STRIP,0,0.0,0.0,0.0,0,0.0023180489661172
4800,7400,R20,0,0.0,0.0,0.0,0,0.000108276028186
4600,10500,STRIP,1,275.1053718856372,275.078125,-1013.0025447547624,57,1.425112497061491
4800,7500,R20,0,0.0,0.0,0.0,0,0.000144642079249
4800,7400,STRIP,0,0.0,0.0,0.0,0,0.002276979968883
4800,7600,R20,0,0.0,0.0,0.0,0,9.132199920713902e-05
4800,7500,STRIP,0,0.0,0.0,0.0,0,0.0025826869532465
4800,7700,R20,0,0.0,0.0,0.0,0,0.0001199250109493
4800,7600,STRIP,0,0.0,0.0,0.0,0,0.0022757269907742
4800,7800,R20,0,0.0,0.0,0.0,0,9.536906145513058e-05
4800,7700,STRIP,0,0.0,0.0,0.0,0,0.0024247979745268
4800,7900,R20,0,0.0,0.0,0.0,0,0.0001209060428664
4800,7800,STRIP,0,0.0,0.0,0.0,0,0.002332973992452
4800,8000,R20,0,0.0,0.0,0.0,0,9.9724973551929e-05
4800,7900,STRIP,0,0.0,0.0,0.0,0,0.0023980539990589
4800,8100,R20,0,0.0,0.0,0.0,0,0.0001095050247386
4800,8000,STRIP,0,0.0,0.0,0.0,0,0.0023436460178345
4800,8200,R20,0,0.0,0.0,0.0,0,0.0001003529177978
4800,8100,STRIP,0,0.0,0.0,0.0,0,0.0024089290527626
4800,8300,R20,0,0.0,0.0,0.0,0,0.0001157040242105
4800,8200,STRIP,0,0.0,0.0,0.0,0,0.0023114379728212
4800,8400,R20,0,0.0,0.0,0.0,0,9.783997666090728e-05
4800,8300,STRIP,0,0.0,0.0,0.0,0,0.0023608250776305
4800,8500,R20,0,0.0,0.0,0.0,0,0.0001086890697479
4800,8400,STRIP,0,0.0,0.0,0.0,0,0.0023301399778574
4800,8600,R20,0,0.0,0.0,0.0,0,0.0001003029756247
4800,8500,STRIP,0,0.0,0.0,0.0,0,0.0024049630155786
4800,8700,R20,0,0.0,0.0,0.0,0,0.0001117299543693
4800,8600,STRIP,0,0.0,0.0,0.0,0,0.0022909400286152
4800,8800,R20,0,0.0,0.0,0.0,0,9.806500747799872e-05
4800,8700,STRIP,0,0.0,0.0,0.0,0,0.0023206279147416
4800,8900,R20,0,0.0,0.0,0.0,0,0.0001097430940717
4800,8800,STRIP,0,0.0,0.0,0.0,0,0.0022662740666419
4800,8900,STRIP,0,0.0,0.0,0.0,0,0.002387605025433
4800,9000,STRIP,0,0.0,0.0,0.0,0,0.0025304190348833
4800,9100,R20,0,0.0,0.0,0.0,0,0.0001385520445182
4800,9100,STRIP,0,0.0,0.0,0.0,0,0.0026799559127539
4800,9200,R20,0,0.0,0.0,0.0,0,0.0001343250041827
4800,9200,STRIP,0,0.0,0.0,0.0,0,0.0028126860270276
4700,9400,R20,1,183.7980100996097,183.8125,-978.2671374882894,47,1.1544180979253724
4800,9300,STRIP,0,0.0,0.0,0.0,0,0.0041531430324539
4800,9400,R20,0,0.0,0.0,0.0,0,0.0001680949935689
4800,9400,STRIP,0,0.0,0.0,0.0,0,0.0031259200768545
4800,9500,R20,0,0.0,0.0,0.0,0,0.0001441770000383
4800,9500,STRIP,0,0.0,0.0,0.0,0,0.0026731829857453
4800,9600,R20,0,0.0,0.0,0.0,0,0.0001377670560032
4800,9600,STRIP,0,0.0,0.0,0.0,0,0.0024601169861853
4800,9700,R20,0,0.0,0.0,0.0,0,0.0001187080051749
4800,9700,STRIP,0,0.0,0.0,0.0,0,0.0024346309946849
4800,9800,R20,0,0.0,0.0,0.0,0,0.0001117559149861
4800,9800,STRIP,0,0.0,0.0,0.0,0,0.0022689700126647
4800,9900,R20,0,0.0,0.0,0.0,0,0.0001091980375349
4800,9900,STRIP,0,0.0,0.0,0.0,0,0.0022519170306622
4700,9400,STRIP,1,183.7980100996097,183.8125,-978.2671374882894,47,1.1874254340073094
4700,10000,STRIP,1,119.4023308609454,119.390625,-178.80536460341744,36,1.1536345919594169
4700,10000,R20,1,119.4023308609454,119.390625,-178.80536460341744,36,1.160454829921946
4700,10400,R20,1,135.022638091917,135.046875,-349.5218905693991,36,1.0264698979444802
4800,10200,R20,0,0.0,0.0,0.0,0,0.0002070430200546
4800,10200,STRIP,0,0.0,0.0,0.0,0,0.0046578090405091
4700,10100,R20,2,242.05865157795375,242.03125,-1226.7146708528426,55,1.2721929440740496
4800,10300,STRIP,0,0.0,0.0,0.0,0,0.004709888016805
4700,10100,STRIP,4,602.1726402150275,602.265625,-3969.9865121670496,90,1.1833242690190673
4800,10400,STRIP,0,0.0,0.0,0.0,0,0.0049216689076274
4900,6800,R20,0,0.0,0.0,0.0,0,0.0001869080588221
4900,6800,STRIP,0,0.0,0.0,0.0,0,0.0047398250317201
4900,6900,R20,0,0.0,0.0,0.0,0,0.0001785099739208
4900,6900,STRIP,0,0.0,0.0,0.0,0,0.0046531609259545
4900,7000,R20,0,0.0,0.0,0.0,0,0.0001738650025799
4900,7000,STRIP,0,0.0,0.0,0.0,0,0.0046031180536374
4900,7100,R20,0,0.0,0.0,0.0,0,0.0001652860082685
4900,7100,STRIP,0,0.0,0.0,0.0,0,0.004559290013276
4900,7200,R20,0,0.0,0.0,0.0,0,0.0001607979647815
4900,7200,STRIP,0,0.0,0.0,0.0,0,0.0045660049654543
4900,7300,R20,0,0.0,0.0,0.0,0,0.0001617530360817
4900,7300,STRIP,0,0.0,0.0,0.0,0,0.0045515249948948
4900,7400,R20,0,0.0,0.0,0.0,0,0.0001651919446885
4900,7400,STRIP,0,0.0,0.0,0.0,0,0.0045783019158989
4900,7500,R20,0,0.0,0.0,0.0,0,0.0001629040343686
4900,7500,STRIP,0,0.0,0.0,0.0,0,0.0045441819820553
4900,7600,R20,0,0.0,0.0,0.0,0,0.0001667159376665
4900,7600,STRIP,0,0.0,0.0,0.0,0,0.0045269310940057
4900,7700,R20,0,0.0,0.0,0.0,0,0.0001670470228418
4900,7700,STRIP,0,0.0,0.0,0.0,0,0.0044546250719577
4900,7800,R20,0,0.0,0.0,0.0,0,0.0001551810419186
4900,7800,STRIP,0,0.0,0.0,0.0,0,0.0043463449692353
4900,7900,R20,0,0.0,0.0,0.0,0,0.0001651960192248
4900,7900,STRIP,0,0.0,0.0,0.0,0,0.0042220670729875
4900,8000,R20,0,0.0,0.0,0.0,0,0.0001570780295878
4900,8000,STRIP,0,0.0,0.0,0.0,0,0.003975750063546
4900,8100,R20,0,0.0,0.0,0.0,0,0.0001510450383648
4900,8100,STRIP,0,0.0,0.0,0.0,0,0.0036860289983451
4900,8200,R20,0,0.0,0.0,0.0,0,0.000145070021972
4900,8200,STRIP,0,0.0,0.0,0.0,0,0.003318379051052
4900,8300,R20,0,0.0,0.0,0.0,0,0.0001454079756513
4900,8300,STRIP,0,0.0,0.0,0.0,0,0.0028535899473354
4900,8400,R20,0,0.0,0.0,0.0,0,0.0001269640633836
4900,8400,STRIP,0,0.0,0.0,0.0,0,0.00255981402006
4900,8500,R20,0,0.0,0.0,0.0,0,0.0001144319539889
4900,8500,STRIP,0,0.0,0.0,0.0,0,0.0023125089937821
4900,8600,R20,0,0.0,0.0,0.0,0,0.0001075010513886
4900,8600,STRIP,0,0.0,0.0,0.0,0,0.0022879249881953
4900,8700,R20,0,0.0,0.0,0.0,0,0.0001015069428831
4900,8700,STRIP,0,0.0,0.0,0.0,0,0.0021881500724703
4900,8800,R20,0,0.0,0.0,0.0,0,9.547697845846416e-05
4900,8800,STRIP,0,0.0,0.0,0.0,0,0.0022135049803182
4900,8900,R20,0,0.0,0.0,0.0,0,9.61540499702096e-05
4900,8900,STRIP,0,0.0,0.0,0.0,0,0.0021800730610266
4900,9000,R20,0,0.0,0.0,0.0,0,8.919299580156803e-05
4900,9000,STRIP,0,0.0,0.0,0.0,0,0.0021977740107104
4800,9300,R20,1,18.703880342786903,15.90625,-32.5485336820982,30,1.0064208009280264
4900,9100,STRIP,0,0.0,0.0,0.0,0,0.0041884640231728
4900,9200,R20,0,0.0,0.0,0.0,0,0.0001702959416434
4900,9200,STRIP,0,0.0,0.0,0.0,0,0.0034436749992892
4900,9300,R20,0,0.0,0.0,0.0,0,0.0001603979617357
4900,9300,STRIP,0,0.0,0.0,0.0,0,0.0030513620004057
4900,9400,R20,0,0.0,0.0,0.0,0,0.0001508559798821
4900,9400,STRIP,0,0.0,0.0,0.0,0,0.0027162469923496
4900,9500,R20,0,0.0,0.0,0.0,0,0.0001406680094078
4900,9500,STRIP,0,0.0,0.0,0.0,0,0.0026549811009317
4900,9600,R20,0,0.0,0.0,0.0,0,0.000153976958245
4900,9600,STRIP,0,0.0,0.0,0.0,0,0.002904578926973
4900,9700,R20,0,0.0,0.0,0.0,0,0.0001486859982833
4900,9700,STRIP,0,0.0,0.0,0.0,0,0.0032157140085473
4900,9800,R20,0,0.0,0.0,0.0,0,0.000149201019667
4900,9800,STRIP,0,0.0,0.0,0.0,0,0.0032545980066061
4900,9900,R20,0,0.0,0.0,0.0,0,0.0001613720087334
4900,9900,STRIP,0,0.0,0.0,0.0,0,0.0031657719518989
4900,10000,R20,0,0.0,0.0,0.0,0,0.0001518670469522
4900,10000,STRIP,0,0.0,0.0,0.0,0,0.0031973669538274
4900,10100,R20,0,0.0,0.0,0.0,0,0.0001539280638098
4900,10100,STRIP,0,0.0,0.0,0.0,0,0.0031684429850429
4900,10200,R20,0,0.0,0.0,0.0,0,0.0001436549937352
4900,10200,STRIP,0,0.0,0.0,0.0,0,0.0032432609004899
4900,10300,R20,0,0.0,0.0,0.0,0,0.0001474709715694
4900,10300,STRIP,0,0.0,0.0,0.0,0,0.0032774120336398
4800,9000,R20,1,25.952973639116703,25.9375,-30.055121972955675,35,1.2651866889791563
4900,10400,STRIP,0,0.0,0.0,0.0,0,0.0043473299592733
5000,7100,R20,0,0.0,0.0,0.0,0,0.0001776469871401
5000,7100,STRIP,0,0.0,0.0,0.0,0,0.0035459009231999
5000,7200,R20,0,0.0,0.0,0.0,0,0.0001589260064065
5000,7200,STRIP,0,0.0,0.0,0.0,0,0.003134976956062
5000,7300,R20,0,0.0,0.0,0.0,0,0.0001532280584797
5000,7300,STRIP,0,0.0,0.0,0.0,0,0.0027761319652199
5000,7400,R20,0,0.0,0.0,0.0,0,0.0001414410071447
5000,7400,STRIP,0,0.0,0.0,0.0,0,0.0026503620902076
5000,7500,R20,0,0.0,0.0,0.0,0,0.0001447719987481
5000,7500,STRIP,0,0.0,0.0,0.0,0,0.0026629240019246
5000,7600,R20,0,0.0,0.0,0.0,0,0.0001404039794579
5000,7600,STRIP,0,0.0,0.0,0.0,0,0.0027347989380359
5000,7700,R20,0,0.0,0.0,0.0,0,0.0001378098968416
5000,7700,STRIP,0,0.0,0.0,0.0,0,0.0027932929806411
5000,7800,R20,0,0.0,0.0,0.0,0,0.000146057922393
5000,7800,STRIP,0,0.0,0.0,0.0,0,0.0028139930218458
5000,7900,R20,0,0.0,0.0,0.0,0,0.0001387960510328
5000,7900,STRIP,0,0.0,0.0,0.0,0,0.0026818810729309
5000,8000,R20,0,0.0,0.0,0.0,0,0.0001378640299662
5000,8000,STRIP,0,0.0,0.0,0.0,0,0.0027213980210945
5000,8100,R20,0,0.0,0.0,0.0,0,0.000134793925099
5000,8100,STRIP,0,0.0,0.0,0.0,0,0.0026748229283839
5000,8200,R20,0,0.0,0.0,0.0,0,0.0001279249554499
5000,8200,STRIP,0,0.0,0.0,0.0,0,0.0024554020492359
5000,8300,R20,0,0.0,0.0,0.0,0,0.0001161460531875
5000,8300,STRIP,0,0.0,0.0,0.0,0,0.0022407680517062
5000,8400,R20,0,0.0,0.0,0.0,0,0.0001070100115612
5000,8400,STRIP,0,0.0,0.0,0.0,0,0.0021555610001087
5000,8500,R20,0,0.0,0.0,0.0,0,0.0001064570387825
5000,8500,STRIP,0,0.0,0.0,0.0,0,0.0022560419747605
5000,8600,R20,0,0.0,0.0,0.0,0,0.0001006809761747
5000,8600,STRIP,0,0.0,0.0,0.0,0,0.0022505670785903
5000,8700,R20,0,0.0,0.0,0.0,0,0.0001014749286696
5000,8700,STRIP,0,0.0,0.0,0.0,0,0.0022193550830706
5000,8800,R20,0,0.0,0.0,0.0,0,9.78379976004362e-05
5000,8800,STRIP,0,0.0,0.0,0.0,0,0.002225236967206
5000,8900,R20,0,0.0,0.0,0.0,0,9.60369361564517e-05
5000,8900,STRIP,0,0.0,0.0,0.0,0,0.0021960110170766
5000,9000,R20,0,0.0,0.0,0.0,0,9.32089751586318e-05
5000,9000,STRIP,0,0.0,0.0,0.0,0,0.002165648038499
5000,9100,R20,0,0.0,0.0,0.0,0,9.040802251547576e-05
5000,9100,STRIP,0,0.0,0.0,0.0,0,0.0020873409230262
5000,9200,R20,0,0.0,0.0,0.0,0,8.963304571807384e-05
5000,9200,STRIP,0,0.0,0.0,0.0,0,0.0021338229998946
5000,9300,R20,0,0.0,0.0,0.0,0,9.15820710361004e-05
5000,9300,STRIP,0,0.0,0.0,0.0,0,0.0021963509498164
5000,9400,R20,0,0.0,0.0,0.0,0,9.618792682886124e-05
5000,9400,STRIP,0,0.0,0.0,0.0,0,0.0022215909557417
5000,9500,R20,0,0.0,0.0,0.0,0,9.541690815240143e-05
5000,9500,STRIP,0,0.0,0.0,0.0,0,0.0022649889579042
5000,9600,R20,0,0.0,0.0,0.0,0,9.92279965430498e-05
5000,9600,STRIP,0,0.0,0.0,0.0,0,0.0023626389447599
5000,9700,R20,0,0.0,0.0,0.0,0,0.0001017390750348
5000,9700,STRIP,0,0.0,0.0,0.0,0,0.002372013987042
5000,9800,R20,0,0.0,0.0,0.0,0,0.0001043239608407
5000,9800,STRIP,0,0.0,0.0,0.0,0,0.0023871369194239
4800,10000,R20,1,194.30420417273973,194.34375,-300.8650143954766,46,1.2550688590854406
4800,10000,STRIP,1,194.30420417273973,194.34375,-300.8650143954766,46,1.2827354500768706
5000,10000,R20,0,0.0,0.0,0.0,0,0.0002003980334848
4900,9100,R20,1,250.8436060644837,250.890625,-497.2395874022389,48,0.6593371169874445
5000,10000,STRIP,0,0.0,0.0,0.0,0,0.0045594759285449
4800,10100,R20,1,287.4267249942777,287.40625,-2305.178828887234,55,1.3967933870153502
4800,10100,STRIP,1,287.4267249942777,287.40625,-2305.178828887234,55,1.4076303339097649
4800,10300,R20,1,32.75435152134204,32.765625,-164.71783853983084,36,0.933517360012047
5000,10300,R20,0,0.0,0.0,0.0,0,0.0002380930818617
5000,10300,STRIP,0,0.0,0.0,0.0,0,0.0049204330425709
5100,7400,R20,0,0.0,0.0,0.0,0,0.0001864089863374
5100,7400,STRIP,0,0.0,0.0,0.0,0,0.0047311160014942
5100,7500,R20,0,0.0,0.0,0.0,0,0.0001720200525596
5100,7500,STRIP,0,0.0,0.0,0.0,0,0.0047286669723689
5100,7600,R20,0,0.0,0.0,0.0,0,0.0001689000055193
5100,7600,STRIP,0,0.0,0.0,0.0,0,0.004767243983224
5100,7700,R20,0,0.0,0.0,0.0,0,0.0001629739999771
5100,7700,STRIP,0,0.0,0.0,0.0,0,0.0047672459622845
5100,7800,R20,0,0.0,0.0,0.0,0,0.0001697419211268
5100,7800,STRIP,0,0.0,0.0,0.0,0,0.0047015490708872
5100,7900,R20,0,0.0,0.0,0.0,0,0.0001684090821072
5100,7900,STRIP,0,0.0,0.0,0.0,0,0.0047081259544938
5100,8000,R20,0,0.0,0.0,0.0,0,0.000167743070051
5100,8000,STRIP,0,0.0,0.0,0.0,0,0.0047058089403435
5100,8100,R20,0,0.0,0.0,0.0,0,0.0001726880436763
5100,8100,STRIP,0,0.0,0.0,0.0,0,0.0047912399750202
5100,8200,R20,0,0.0,0.0,0.0,0,0.0001698259729892
5100,8200,STRIP,0,0.0,0.0,0.0,0,0.0047089769504964
5100,8300,R20,0,0.0,0.0,0.0,0,0.0001787580549716
5100,8300,STRIP,0,0.0,0.0,0.0,0,0.0046179890632629
5100,8400,R20,0,0.0,0.0,0.0,0,0.0001625799341127
5100,8400,STRIP,0,0.0,0.0,0.0,0,0.0045548980124294
5100,8500,R20,0,0.0,0.0,0.0,0,0.0001661879941821
5100,8500,STRIP,0,0.0,0.0,0.0,0,0.0045915360096842
5100,8600,R20,0,0.0,0.0,0.0,0,0.0001744290348142
5100,8600,STRIP,0,0.0,0.0,0.0,0,0.0045900270342826
5100,8700,R20,0,0.0,0.0,0.0,0,0.0001700320281088
5100,8700,STRIP,0,0.0,0.0,0.0,0,0.0045201699249446
5100,8800,R20,0,0.0,0.0,0.0,0,0.0001685669412836
5100,8800,STRIP,0,0.0,0.0,0.0,0,0.0044583260314539
5100,8900,R20,0,0.0,0.0,0.0,0,0.0001597559312358
5100,8900,STRIP,0,0.0,0.0,0.0,0,0.0046131699346005
5100,9000,R20,0,0.0,0.0,0.0,0,0.0001623800490051
5100,9000,STRIP,0,0.0,0.0,0.0,0,0.0046901410678401
5100,9100,R20,0,0.0,0.0,0.0,0,0.0001654780935496
5100,9100,STRIP,0,0.0,0.0,0.0,0,0.0046279859961941
5100,9200,R20,0,0.0,0.0,0.0,0,0.0001785480417311
5100,9200,STRIP,0,0.0,0.0,0.0,0,0.0045078579569235
5100,9300,R20,0,0.0,0.0,0.0,0,0.0001709900097921
5100,9300,STRIP,0,0.0,0.0,0.0,0,0.0043427349301055
5100,9400,R20,0,0.0,0.0,0.0,0,0.0001606349833309
5100,9400,STRIP,0,0.0,0.0,0.0,0,0.0044069279683753
5100,9500,R20,0,0.0,0.0,0.0,0,0.0001619600225239
5100,9500,STRIP,0,0.0,0.0,0.0,0,0.0043813950615003
5100,9600,R20,0,0.0,0.0,0.0,0,0.0001548499567434
5100,9600,STRIP,0,0.0,0.0,0.0,0,0.0042672529816627
5100,9700,R20,0,0.0,0.0,0.0,0,0.0001533790491521
5100,9700,STRIP,0,0.0,0.0,0.0,0,0.0042123430175706
5100,9800,R20,0,0.0,0.0,0.0,0,0.0001533339964225
5100,9800,STRIP,0,0.0,0.0,0.0,0,0.004149030894041
4800,10400,R20,1,35.06107680415579,35.0625,-186.93620388291816,30,1.11795288301073
4900,10400,R20,1,29.19080783124309,29.171875,-209.76615480830992,30,0.983401147997938
5000,9900,STRIP,3,795.8291239685825,794.09375,-6942.933616721062,67,0.83087678195443
5100,10000,STRIP,0,0.0,0.0,0.0,0,0.0040492969565093
5000,9900,R20,1,34.28208254204932,32.5625,-347.75904495850347,35,1.1316115780500695
5100,10100,STRIP,0,0.0,0.0,0.0,0,0.0044325749622657
5000,10100,STRIP,2,367.9122636384532,367.875,-1369.6567582792736,73,0.9332192130386828
5000,10100,R20,1,254.2452264809301,254.203125,-741.9772474707115,52,1.0064956588903442
5100,10300,R20,0,0.0,0.0,0.0,0,0.0001868379767984
5100,10300,STRIP,0,0.0,0.0,0.0,0,0.004450912005268
5200,7700,R20,0,0.0,0.0,0.0,0,0.0001696079270914
5200,7700,STRIP,0,0.0,0.0,0.0,0,0.0040519190952181
5200,7800,R20,0,0.0,0.0,0.0,0,0.0001607629237696
5200,7800,STRIP,0,0.0,0.0,0.0,0,0.0037613640306517
5200,7900,R20,0,0.0,0.0,0.0,0,0.0001542159589007
5200,7900,STRIP,0,0.0,0.0,0.0,0,0.003619662951678
5200,8000,R20,0,0.0,0.0,0.0,0,0.0001522189704701
5200,8000,STRIP,0,0.0,0.0,0.0,0,0.0035329950042068
5200,8100,R20,0,0.0,0.0,0.0,0,0.0001456949394196
5200,8100,STRIP,0,0.0,0.0,0.0,0,0.00354997406248
5200,8200,R20,0,0.0,0.0,0.0,0,0.0001486729597672
5200,8200,STRIP,0,0.0,0.0,0.0,0,0.0034206380369141
5200,8300,R20,0,0.0,0.0,0.0,0,0.0001564309932291
5200,8300,STRIP,0,0.0,0.0,0.0,0,0.0031671409960836
5200,8400,R20,0,0.0,0.0,0.0,0,0.0001463250955566
5200,8400,STRIP,0,0.0,0.0,0.0,0,0.0029454909963533
5200,8500,R20,0,0.0,0.0,0.0,0,0.0001478329068049
5200,8500,STRIP,0,0.0,0.0,0.0,0,0.0028540770290419
5200,8600,R20,0,0.0,0.0,0.0,0,0.0001363880001008
5200,8600,STRIP,0,0.0,0.0,0.0,0,0.0028508579125627
5200,8700,R20,0,0.0,0.0,0.0,0,0.0001422819914296
5200,8700,STRIP,0,0.0,0.0,0.0,0,0.0029405569657683
5200,8800,R20,0,0.0,0.0,0.0,0,0.0001389120006933
5200,8800,STRIP,0,0.0,0.0,0.0,0,0.0029351450502872
5200,8900,R20,0,0.0,0.0,0.0,0,0.000156891066581
5200,8900,STRIP,0,0.0,0.0,0.0,0,0.0028099729679524
5200,9000,R20,0,0.0,0.0,0.0,0,0.000135087990202
5200,9000,STRIP,0,0.0,0.0,0.0,0,0.0027987170033156
5200,9100,R20,0,0.0,0.0,0.0,0,0.0001339999726042
5200,9100,STRIP,0,0.0,0.0,0.0,0,0.0026021579978987
5200,9200,R20,0,0.0,0.0,0.0,0,0.0001286389306187
5200,9200,STRIP,0,0.0,0.0,0.0,0,0.0025187879800796
5200,9300,R20,0,0.0,0.0,0.0,0,0.0001220360863953
5200,9300,STRIP,0,0.0,0.0,0.0,0,0.0024523109896108
5200,9400,R20,0,0.0,0.0,0.0,0,0.0001328779617324
5200,9400,STRIP,0,0.0,0.0,0.0,0,0.0027548319194465
5200,9500,R20,0,0.0,0.0,0.0,0,0.0001390619436278
5200,9500,STRIP,0,0.0,0.0,0.0,0,0.002808328019455
5200,9600,R20,0,0.0,0.0,0.0,0,0.0001376840518787
5200,9600,STRIP,0,0.0,0.0,0.0,0,0.002920591039583
5200,9700,R20,0,0.0,0.0,0.0,0,0.0001275489339604
5200,9700,STRIP,0,0.0,0.0,0.0,0,0.002894605975598
5200,9800,R20,0,0.0,0.0,0.0,0,0.0001303220633417
5200,9800,STRIP,0,0.0,0.0,0.0,0,0.0028602139791473
5200,9900,R20,0,0.0,0.0,0.0,0,0.0001311060041189
5200,9900,STRIP,0,0.0,0.0,0.0,0,0.0028546339599415
5200,10000,R20,0,0.0,0.0,0.0,0,0.0001347690122202
5000,10200,R20,1,113.66703715752304,113.671875,-573.0877384169912,41,1.1507711079902947
5000,10200,STRIP,1,113.66703715752304,113.671875,-573.0877384169912,41,1.1709412129130214
5100,10000,R20,1,51.86629640112151,51.84375,-186.67479489279677,35,1.210205047042109
5200,10200,R20,0,0.0,0.0,0.0,0,0.0001805700594559
5200,10200,STRIP,0,0.0,0.0,0.0,0,0.0043354369699954
5300,8000,R20,0,0.0,0.0,0.0,0,0.0001812420086935
5300,8000,STRIP,0,0.0,0.0,0.0,0,0.003633681917563
5300,8100,R20,0,0.0,0.0,0.0,0,0.0001597459195181
5300,8100,STRIP,0,0.0,0.0,0.0,0,0.0031766960164532
5300,8200,R20,0,0.0,0.0,0.0,0,0.0001495340839028
5300,8200,STRIP,0,0.0,0.0,0.0,0,0.0028895150171592
5300,8300,R20,0,0.0,0.0,0.0,0,0.0001386910444125
5300,8300,STRIP,0,0.0,0.0,0.0,0,0.0027192760026082
5300,8400,R20,0,0.0,0.0,0.0,0,0.0001433530123904
5300,8400,STRIP,0,0.0,0.0,0.0,0,0.0026316209696233
5300,8500,R20,0,0.0,0.0,0.0,0,0.0001365030184388
5300,8500,STRIP,0,0.0,0.0,0.0,0,0.0025337799452245
5300,8600,R20,0,0.0,0.0,0.0,0,0.0001356080174446
5300,8600,STRIP,0,0.0,0.0,0.0,0,0.0026304268976673
5300,8700,R20,0,0.0,0.0,0.0,0,0.0001302489545196
5300,8700,STRIP,0,0.0,0.0,0.0,0,0.0026712019462138
5300,8800,R20,0,0.0,0.0,0.0,0,0.0001281460281461
5300,8800,STRIP,0,0.0,0.0,0.0,0,0.0027661219937726
5300,8900,R20,0,0.0,0.0,0.0,0,0.0001293340465053
5300,8900,STRIP,0,0.0,0.0,0.0,0,0.0027892490616068
5300,9000,R20,0,0.0,0.0,0.0,0,0.0001272170338779
5300,9000,STRIP,0,0.0,0.0,0.0,0,0.0027250909479334
5300,9100,R20,0,0.0,0.0,0.0,0,0.0001227100146934
5300,9100,STRIP,0,0.0,0.0,0.0,0,0.0025635049678385
5300,9200,R20,0,0.0,0.0,0.0,0,0.000123054953292
5300,9200,STRIP,0,0.0,0.0,0.0,0,0.0024807589361444
5300,9300,R20,0,0.0,0.0,0.0,0,0.000130316009745
5300,9300,STRIP,0,0.0,0.0,0.0,0,0.00238088297192
5300,9400,R20,0,0.0,0.0,0.0,0,0.0001115059712901
5300,9400,STRIP,0,0.0,0.0,0.0,0,0.0023182110162451
5300,9500,R20,0,0.0,0.0,0.0,0,0.0001181029947474
5300,9500,STRIP,0,0.0,0.0,0.0,0,0.0022732029901817
5300,9600,R20,0,0.0,0.0,0.0,0,0.0001041229115799
5300,9600,STRIP,0,0.0,0.0,0.0,0,0.0023576680105179
5300,9700,R20,0,0.0,0.0,0.0,0,0.0001169779570773
5300,9700,STRIP,0,0.0,0.0,0.0,0,0.002400032011792
5300,9800,R20,0,0.0,0.0,0.0,0,0.0001031990395858
5300,9800,STRIP,0,0.0,0.0,0.0,0,0.0024809860624372
5300,9900,R20,0,0.0,0.0,0.0,0,0.0001049430575221
5300,9900,STRIP,0,0.0,0.0,0.0,0,0.002414230024442
5300,10000,R20,0,0.0,0.0,0.0,0,0.00010350800585
5300,10000,STRIP,0,0.0,0.0,0.0,0,0.00240280397702
5300,10100,R20,0,0.0,0.0,0.0,0,9.688001591712236e-05
5300,10100,STRIP,0,0.0,0.0,0.0,0,0.0022609430598095
5100,9900,R20,1,397.7592779361595,397.765625,-2948.498899544924,54,1.5035541820107028
5300,10200,STRIP,0,0.0,0.0,0.0,0,0.0045544870663434
5400,8200,R20,0,0.0,0.0,0.0,0,0.0001779780723154
5400,8200,STRIP,0,0.0,0.0,0.0,0,0.0038922410458326
5400,8300,R20,0,0.0,0.0,0.0,0,0.0001725329784676
5400,8300,STRIP,0,0.0,0.0,0.0,0,0.0037353609222918
5400,8400,R20,0,0.0,0.0,0.0,0,0.000160094932653
5400,8400,STRIP,0,0.0,0.0,0.0,0,0.0036241479683667
5400,8500,R20,0,0.0,0.0,0.0,0,0.0001589038874953
5400,8500,STRIP,0,0.0,0.0,0.0,0,0.0035085759591311
5400,8600,R20,0,0.0,0.0,0.0,0,0.0001718370476737
5400,8600,STRIP,0,0.0,0.0,0.0,0,0.0035266289487481
5400,8700,R20,0,0.0,0.0,0.0,0,0.0001684279413893
5400,8700,STRIP,0,0.0,0.0,0.0,0,0.0035123559646308
5400,8800,R20,0,0.0,0.0,0.0,0,0.0001622969284653
5400,8800,STRIP,0,0.0,0.0,0.0,0,0.0034166889963671
5400,8900,R20,0,0.0,0.0,0.0,0,0.0001584950368851
5400,8900,STRIP,0,0.0,0.0,0.0,0,0.0033845769939944
5400,9000,R20,0,0.0,0.0,0.0,0,0.000172110972926
5400,9000,STRIP,0,0.0,0.0,0.0,0,0.003334823064506
5400,9100,R20,0,0.0,0.0,0.0,0,0.0001501429360359
5400,9100,STRIP,0,0.0,0.0,0.0,0,0.0032899340149015
5400,9200,R20,0,0.0,0.0,0.0,0,0.0001629169564694
5400,9200,STRIP,0,0.0,0.0,0.0,0,0.0032723859185352
5400,9300,R20,0,0.0,0.0,0.0,0,0.0001554420450702
5400,9300,STRIP,0,0.0,0.0,0.0,0,0.0032956530340015
5400,9400,R20,0,0.0,0.0,0.0,0,0.0001521749654784
5400,9400,STRIP,0,0.0,0.0,0.0,0,0.0033508060732856
5400,9500,R20,0,0.0,0.0,0.0,0,0.0001645910087972
5400,9500,STRIP,0,0.0,0.0,0.0,0,0.0033571629319339
5400,9600,R20,0,0.0,0.0,0.0,0,0.0001518580829724
5400,9600,STRIP,0,0.0,0.0,0.0,0,0.0033181200269609
5400,9700,R20,0,0.0,0.0,0.0,0,0.0001544459955766
5400,9700,STRIP,0,0.0,0.0,0.0,0,0.0033382090041413
5400,9800,R20,0,0.0,0.0,0.0,0,0.0001513590104877
5400,9800,STRIP,0,0.0,0.0,0.0,0,0.0032617730321362
5400,9900,R20,0,0.0,0.0,0.0,0,0.0001552460016682
5400,9900,STRIP,0,0.0,0.0,0.0,0,0.0030614400748163
5400,10000,R20,0,0.0,0.0,0.0,0,0.0001464169472455
5400,10000,STRIP,0,0.0,0.0,0.0,0,0.0028718529501929
5400,10100,R20,0,0.0,0.0,0.0,0,0.0001477160258218
5400,10100,STRIP,0,0.0,0.0,0.0,0,0.0028610009467229
5400,10200,R20,0,0.0,0.0,0.0,0,0.0001453679287806
5400,10200,STRIP,0,0.0,0.0,0.0,0,0.0026722809998318
5500,8500,R20,0,0.0,0.0,0.0,0,0.0001499460777267
5500,8500,STRIP,0,0.0,0.0,0.0,0,0.003114297054708
5500,8600,R20,0,0.0,0.0,0.0,0,0.0001446430105715
5100,9900,STRIP,1,397.7592779361595,397.765625,-2948.498899544924,54,1.5105189690366387
5500,8700,R20,0,0.0,0.0,0.0,0,0.0001553769689053
5500,8600,STRIP,0,0.0,0.0,0.0,0,0.0031809509964659
5500,8800,R20,0,0.0,0.0,0.0,0,0.0001334559638053
5500,8700,STRIP,0,0.0,0.0,0.0,0,0.003381539019756
5500,8900,R20,0,0.0,0.0,0.0,0,0.0001296940026804
5500,8800,STRIP,0,0.0,0.0,0.0,0,0.003322300966829
5500,9000,R20,0,0.0,0.0,0.0,0,0.0001356150023639
5500,8900,STRIP,0,0.0,0.0,0.0,0,0.0031759759876877
5500,9100,R20,0,0.0,0.0,0.0,0,0.000117776915431
5500,9000,STRIP,0,0.0,0.0,0.0,0,0.0029785400256514
5500,9200,R20,0,0.0,0.0,0.0,0,0.00012072105892
5500,9100,STRIP,0,0.0,0.0,0.0,0,0.0029120240360498
5500,9300,R20,0,0.0,0.0,0.0,0,0.0001145959831774
5500,9200,STRIP,0,0.0,0.0,0.0,0,0.002949136076495
5500,9400,R20,0,0.0,0.0,0.0,0,0.0001439220504835
5500,9300,STRIP,0,0.0,0.0,0.0,0,0.0029249639483168
5500,9500,R20,0,0.0,0.0,0.0,0,0.0001165509456768
5500,9400,STRIP,0,0.0,0.0,0.0,0,0.0028601239901036
5500,9600,R20,0,0.0,0.0,0.0,0,0.0001401460031047
5500,9500,STRIP,0,0.0,0.0,0.0,0,0.0027415319345891
5500,9700,R20,0,0.0,0.0,0.0,0,0.0001199170947074
5500,9600,STRIP,0,0.0,0.0,0.0,0,0.0026367210084572
5500,9800,R20,0,0.0,0.0,0.0,0,0.0001252619549632
5500,9700,STRIP,0,0.0,0.0,0.0,0,0.0025258029345422
5500,9900,R20,0,0.0,0.0,0.0,0,0.0001103449612855
5500,9800,STRIP,0,0.0,0.0,0.0,0,0.002647184068337
5500,10000,R20,0,0.0,0.0,0.0,0,0.0001263739541172
5500,9900,STRIP,0,0.0,0.0,0.0,0,0.0024740389781072
5500,10000,STRIP,0,0.0,0.0,0.0,0,0.0028628340223804
5100,10200,STRIP,3,237.06725150956916,236.078125,-3796.9791075519406,53,1.035030161961913
5500,10200,R20,0,0.0,0.0,0.0,0,0.0001758700236678
5500,10200,STRIP,0,0.0,0.0,0.0,0,0.0045301769860088
5600,8800,R20,0,0.0,0.0,0.0,0,0.000155056011863
5600,8800,STRIP,0,0.0,0.0,0.0,0,0.0035569539759308
5600,8900,R20,0,0.0,0.0,0.0,0,0.000137725030072
5600,8900,STRIP,0,0.0,0.0,0.0,0,0.0029399080667644
5600,9000,R20,0,0.0,0.0,0.0,0,0.0001329509541392
5600,9000,STRIP,0,0.0,0.0,0.0,0,0.0026245809858664
5600,9100,R20,0,0.0,0.0,0.0,0,0.0001367330551147
5600,9100,STRIP,0,0.0,0.0,0.0,0,0.0024807420559227
5600,9200,R20,0,0.0,0.0,0.0,0,0.0001131349708884
5600,9200,STRIP,0,0.0,0.0,0.0,0,0.002356125973165
5600,9300,R20,0,0.0,0.0,0.0,0,0.0001046230318024
5600,9300,STRIP,0,0.0,0.0,0.0,0,0.0023467859718948
5600,9400,R20,0,0.0,0.0,0.0,0,9.69009706750512e-05
5600,9400,STRIP,0,0.0,0.0,0.0,0,0.0023120120167732
5600,9500,R20,0,0.0,0.0,0.0,0,9.183003567159176e-05
5600,9500,STRIP,0,0.0,0.0,0.0,0,0.0023412089794874
5600,9600,R20,0,0.0,0.0,0.0,0,8.925807196646929e-05
5600,9600,STRIP,0,0.0,0.0,0.0,0,0.0023227499332278
5600,9700,R20,0,0.0,0.0,0.0,0,9.398197289556264e-05
5600,9700,STRIP,0,0.0,0.0,0.0,0,0.0023313449928537
5600,9800,R20,0,0.0,0.0,0.0,0,8.943292777985334e-05
5600,9800,STRIP,0,0.0,0.0,0.0,0,0.0023085039574652
5600,9900,R20,0,0.0,0.0,0.0,0,8.496304508298635e-05
5600,9900,STRIP,0,0.0,0.0,0.0,0,0.0022966699907556
5600,10000,R20,0,0.0,0.0,0.0,0,8.171400986611843e-05
5600,10000,STRIP,0,0.0,0.0,0.0,0,0.0022336900001391
5600,10100,R20,0,0.0,0.0,0.0,0,9.693298488855362e-05
5600,10100,STRIP,0,0.0,0.0,0.0,0,0.0023026369744911
5600,10200,R20,0,0.0,0.0,0.0,0,8.22779256850481e-05
5600,10200,STRIP,0,0.0,0.0,0.0,0,0.0018624090589582
5700,9100,R20,0,0.0,0.0,0.0,0,8.576898835599422e-05
5700,9100,STRIP,0,0.0,0.0,0.0,0,0.0018767009023576
5700,9200,R20,0,0.0,0.0,0.0,0,9.463692549616098e-05
5700,9200,STRIP,0,0.0,0.0,0.0,0,0.0018572469707578
5700,9300,R20,0,0.0,0.0,0.0,0,8.388294372707605e-05
5700,9300,STRIP,0,0.0,0.0,0.0,0,0.0020139559637755
5700,9400,R20,0,0.0,0.0,0.0,0,9.200791828334332e-05
5700,9400,STRIP,0,0.0,0.0,0.0,0,0.0020182220032438
5700,9500,R20,0,0.0,0.0,0.0,0,0.0001045799581333
5700,9500,STRIP,0,0.0,0.0,0.0,0,0.0020638708956539
5700,9600,R20,0,0.0,0.0,0.0,0,0.0001203370047733
5700,9600,STRIP,0,0.0,0.0,0.0,0,0.0026335240108892
5700,9700,R20,0,0.0,0.0,0.0,0,0.0001296889968216
5700,9700,STRIP,0,0.0,0.0,0.0,0,0.0029009750578552
5700,9800,R20,0,0.0,0.0,0.0,0,0.0001519290963187
5700,9800,STRIP,0,0.0,0.0,0.0,0,0.0032327260123565
5700,9900,R20,0,0.0,0.0,0.0,0,0.0001403220230713
5700,9900,STRIP,0,0.0,0.0,0.0,0,0.0032370910048484
5700,10000,R20,0,0.0,0.0,0.0,0,0.0001455070450901
5700,10000,STRIP,0,0.0,0.0,0.0,0,0.0032383940415456
5700,10100,R20,0,0.0,0.0,0.0,0,0.0001550710294395
5700,10100,STRIP,0,0.0,0.0,0.0,0,0.0031242270488291
5700,10200,R20,0,0.0,0.0,0.0,0,0.0001482799416407
5700,10200,STRIP,0,0.0,0.0,0.0,0,0.0030388049781322
5800,9400,R20,0,0.0,0.0,0.0,0,0.0001613539643585
5800,9400,STRIP,0,0.0,0.0,0.0,0,0.0030205029761418
5800,9500,R20,0,0.0,0.0,0.0,0,0.0001456559402868
5800,9500,STRIP,0,0.0,0.0,0.0,0,0.0029689939692616
5800,9600,R20,0,0.0,0.0,0.0,0,0.0001454770099371
5800,9600,STRIP,0,0.0,0.0,0.0,0,0.0037958620814606
5800,9700,R20,0,0.0,0.0,0.0,0,0.0001557449577376
5800,9700,STRIP,0,0.0,0.0,0.0,0,0.0032695959089323
5800,9800,R20,0,0.0,0.0,0.0,0,0.0001768219517543
5800,9800,STRIP,0,0.0,0.0,0.0,0,0.0033164289779961
5800,9900,R20,0,0.0,0.0,0.0,0,0.0001491999719291
5800,9900,STRIP,0,0.0,0.0,0.0,0,0.0032582819694653
5800,10000,R20,0,0.0,0.0,0.0,0,0.0001717410050332
5800,10000,STRIP,0,0.0,0.0,0.0,0,0.003122067078948
5100,10200,R20,2,99.98450249335323,99.0,-1274.6322198664925,42,1.2825130640994755
5200,10000,STRIP,1,325.1626986063981,325.1875,-5599.245163277478,68,1.3438920939806849
5100,10100,R20,1,325.90709951887806,325.921875,-2183.9436001708364,68,1.7213031499413771
5500,10100,R20,1,315.300484225895,315.359375,-838.5033549199842,58,0.6556975360726938
5500,10100,STRIP,1,315.300484225895,315.359375,-838.5033549199842,58,0.6685552840353921
5200,10100,R20,1,325.1626986063981,325.1875,-5599.245163277478,68,1.3412721429485828
5300,10200,R20,1,12.411789397946777,12.390625,-54.22915913556826,35,0.9619967270409688
5200,10100,STRIP,1,325.1626986063981,325.1875,-5599.245163277478,68,1.3485781130148098
